0 1 0 0 0 0
0 1 0 0 0 0
0 1 0 0 0 0
1 1 1 3c7c92177fc00000 0 0
1 1 1 c6a43e6dff800000 0 0
1 1 1 4e652a9f7fc00000 0 0
1 1 1 4e31fa287fc00000 0 0
1 1 1 b41a7a447fc00000 0 0
1 1 1 3f2639877fc00000 0 0
1 1 1 3b208e847f800000 0 0
1 1 1 c337da937fc00000 0 0
1 1 1 ba751555ff800000 0 0
1 1 1 cdad31bfff800000 0 0
1 1 1 48f9b6fb7f800000 0 0
1 1 1 4a67420a7f800000 0 0
1 1 1 ca462f6eff800000 0 0
1 1 1 cd21fa667fc00000 0 0
1 1 1 bef56c87ff800000 0 0
1 1 1 cbc4f9adff800000 0 0
1 1 1 45153c367fc00000 0 0
1 1 1 c16cfbf9ff800000 0 0
1 1 1 b6ae9b037fc00000 0 0
1 1 1 c50f0deeff800000 0 0
1 1 1 b93eaf857f800000 0 0
1 1 1 be77f8dbff800000 0 0
1 1 1 b18f82527f800000 0 0
1 1 1 cd6ad57d7f800000 0 0
1 1 1 3640aaa77f800000 0 0
1 1 1 47a455d67f800000 0 0
1 1 1 bfa5b7457fc00000 0 0
1 1 1 43b430747fc00000 0 0
1 1 1 c1073d6f7fc00000 0 0
1 1 1 be3b605e7fc00000 0 0
1 1 1 44eccdcf7fc00000 0 0
1 1 1 b9e7622dff800000 0 0
1 1 1 455b31c27fc00000 0 0
1 1 1 4608d6927f800000 0 0
1 1 1 b276bc15ff800000 0 0
1 1 1 c137088a7fc00000 0 0
1 1 1 bbd044337f800000 0 0
1 1 1 439182d1ff800000 0 0
1 1 1 495c2bf87f800000 0 0
1 1 1 476b7d547f800000 0 0
1 1 1 c849c5e9ff800000 0 0
1 1 1 c446f3fdff800000 0 0
1 1 1 4edc7962ff800000 0 0
1 1 1 b1d850067fc00000 0 0
1 1 1 c8384c11ff800000 0 0
1 1 1 383f6c6e7f800000 0 0
1 1 1 b4e4a51b7f800000 0 0
1 1 1 cc15273aff800000 0 0
1 1 1 3195bc687fc00000 0 0
1 1 1 3ff07ef07fc00000 0 0
1 1 1 3e1b3f127fc00000 0 0
1 1 1 c3f1b280ff800000 0 0
1 1 1 3a75f09dff800000 0 0
1 1 1 40e76322ff800000 0 0
1 1 1 4413682e7fc00000 0 0
1 1 1 3cc5f1e9ff800000 0 0
1 1 1 471155287f800000 0 0
1 1 1 3850dd047fc00000 0 0
1 1 1 3e7cdf757f800000 0 0
1 1 1 bf4763c97f800000 0 0
1 1 1 3859ee17ff800000 0 0
1 1 1 39055606ff800000 0 0
1 1 1 b09713847fc00000 0 0
1 1 1 bdaccf07ff800000 0 0
1 1 1 bdeb5ca47f800000 0 0
1 1 1 c99f7df3ff800000 0 0
1 1 1 be3101adff800000 0 0
1 1 1 45af54aa7f800000 0 0
1 1 1 b8dd8dba7f800000 0 0
1 1 1 4eb34cd9ff800000 0 0
1 1 1 364c3f0a7f800000 0 0
1 1 1 ba67300b7fc00000 0 0
1 1 1 cbfc6b317f800000 0 0
1 1 1 4e4e117bff800000 0 0
1 1 1 34b18d237fc00000 0 0
1 1 1 bb178e807fc00000 0 0
1 1 1 435524177fc00000 0 0
1 1 1 3c110cca7fc00000 0 0
1 1 1 b5ffe4e37f800000 0 0
1 1 1 c05eb9427f800000 0 0
1 1 1 b29ea0be7fc00000 0 0
1 1 1 c4fd6396ff800000 0 0
1 1 1 3d4e14b37fc00000 0 0
1 1 1 b59c7842ff800000 0 0
1 1 1 31b35aff7fc00000 0 0
1 1 1 c03455bc7fc00000 0 0
1 1 1 46ee4a7b7f800000 0 0
1 1 1 c4b10d1bff800000 0 0
1 1 1 b5e8389fff800000 0 0
1 1 1 4ef7916b7f800000 0 0
1 1 1 c8e5416f7fc00000 0 0
1 1 1 48f583bd7fc00000 0 0
1 1 1 b37e60067f800000 0 0
1 1 1 311732cf7fc00000 0 0
1 1 1 c4e5562e7fc00000 0 0
1 1 1 48ecd267ff800000 0 0
1 1 1 c58efcc2ff800000 0 0
1 1 1 4e4ecc7a7f800000 0 0
1 1 1 42b06c91ff800000 0 0
1 1 1 cc1e49077f800000 0 0
1 1 1 b747f162ff800000 0 0
1 1 1 b89d0c477fc00000 0 0
1 1 1 bafb44bcff800000 0 0
1 1 1 c3172126ff800000 0 0
1 1 1 3dcfef26ff800000 0 0
1 1 1 38a4e6b87f800000 0 0
1 1 1 bb7259e57fc00000 0 0
1 1 1 ce5709eeff800000 0 0
1 1 1 b6f3da8aff800000 0 0
1 1 1 b8f1af717fc00000 0 0
1 1 1 bce8c6a07f800000 0 0
1 1 1 c1a35c4e7fc00000 0 0
1 1 1 b0fdb5767fc00000 0 0
1 1 1 cab4702d7fc00000 0 0
1 1 1 35bffe87ff800000 0 0
1 1 1 c02417437fc00000 0 0
1 1 1 417ccc9c7fc00000 0 0
1 1 1 408eb6b67f800000 0 0
1 1 1 3a103c67ff800000 0 0
1 1 1 323b789d7fc00000 0 0
1 1 1 c9db62a17fc00000 0 0
1 1 1 4303aff5ff800000 0 0
1 1 1 cc257bdb7fc00000 0 0
1 1 1 b6fdf3657fc00000 0 0
1 1 1 33770f1b7f800000 0 0
1 1 1 3cf089957fc00000 0 0
1 1 1 3f58ec817fc00000 0 0
1 1 1 b4f9f65d7f800000 0 0
1 1 1 40cc096d7fc00000 0 0
1 1 1 b5dfeb197f800000 0 0
1 1 1 39d33eb7ff800000 0 0
1 1 1 3bfc04497fc00000 0 0
1 1 1 31163a81ff800000 0 0
1 1 1 b68ee3867fc00000 0 0
1 1 1 bc937b00ff800000 0 0
1 1 1 ca127e707fc00000 0 0
1 1 1 c2651b717fc00000 0 0
1 1 1 4a403a2fff800000 0 0
1 1 1 428b5f9c7f800000 0 0
1 1 1 b8b1475f7f800000 0 0
1 1 1 c30d2f6dff800000 0 0
1 1 1 bcb798ef7f800000 0 0
1 1 1 c38a60a0ff800000 0 0
1 1 1 3f666190ff800000 0 0
1 1 1 ca6095a47fc00000 0 0
1 1 1 b3c457727fc00000 0 0
1 1 1 4d520ff5ff800000 0 0
1 1 1 4bc6dfd67f800000 0 0
1 1 1 41e702aaff800000 0 0
1 1 1 4378e6a87fc00000 0 0
1 1 1 3a3913587f800000 0 0
1 1 1 c1ba53837fc00000 0 0
1 1 1 4ec915ceff800000 0 0
1 1 1 c2d0e56dff800000 0 0
1 1 1 31fc2660ff800000 0 0
1 1 1 45546b3a7f800000 0 0
1 1 1 bfb890ef7fc00000 0 0
1 1 1 4440fb0f7fc00000 0 0
1 1 1 bfbc07f57f800000 0 0
1 1 1 34b0e0757fc00000 0 0
1 1 1 b251cbb17f800000 0 0
1 1 1 39be7884ff800000 0 0
1 1 1 b582f4c77fc00000 0 0
1 1 1 bb6f65057fc00000 0 0
1 1 1 b8c37f5dff800000 0 0
1 1 1 cb963bfb7fc00000 0 0
1 1 1 30893ef47fc00000 0 0
1 1 1 3ef653157fc00000 0 0
1 1 1 be394e187f800000 0 0
1 1 1 339b82c47fc00000 0 0
1 1 1 b22e04437fc00000 0 0
1 1 1 44db8316ff800000 0 0
1 1 1 b3c6a0577fc00000 0 0
1 1 1 3d70debb7fc00000 0 0
1 1 1 4a7566c67fc00000 0 0
1 1 1 41851a75ff800000 0 0
1 1 1 ba5e03f17fc00000 0 0
1 1 1 bb7049aa7f800000 0 0
1 1 1 4d707a36ff800000 0 0
1 1 1 b9c50aabff800000 0 0
1 1 1 c9cb76eaff800000 0 0
1 1 1 47fd7c5c7fc00000 0 0
1 1 1 3eca502d7fc00000 0 0
1 1 1 bebf8f897fc00000 0 0
1 1 1 c8e9bdb07fc00000 0 0
1 1 1 c75584c97f800000 0 0
1 1 1 c156b9fcff800000 0 0
1 1 1 b60b6bc17fc00000 0 0
1 1 1 4617bf727f800000 0 0
1 1 1 3fba95727fc00000 0 0
1 1 1 cbc398bb7fc00000 0 0
1 1 1 48f773157f800000 0 0
1 1 1 4e7631b87fc00000 0 0
1 1 1 c2c091757f800000 0 0
1 1 1 39050a857f800000 0 0
1 1 1 4a1f03ad7fc00000 0 0
1 1 1 ba6e46aeff800000 0 0
1 1 1 c23a1c147fc00000 0 0
1 1 1 4532c8e37fc00000 0 0
1 1 1 4997f1ed7fc00000 0 0
1 1 1 33c17c57ff800000 0 0
1 1 1 c5096b417f800000 0 0
1 1 1 33fba3abff800000 0 0
1 1 1 35bbaf4b7f800000 0 0
1 1 1 b6ee13787fc00000 0 0
1 1 1 47169e727f800000 0 0
1 1 1 3ce7e0797f800000 0 0
1 1 1 bed09839ff800000 0 0
1 1 1 cedcd9067fc00000 0 0
1 1 1 3875030bff800000 0 0
1 1 1 4583a4c77f800000 0 0
1 1 1 30cb50afff800000 0 0
1 1 1 b8b487097fc00000 0 0
1 1 1 b8301ea67f800000 0 0
1 1 1 be03012dff800000 0 0
1 1 1 313c7ef8ff800000 0 0
1 1 1 baea2e657f800000 0 0
1 1 1 c54be02d7fc00000 0 0
1 1 1 bd10e3387f800000 0 0
1 1 1 c414a6a9ff800000 0 0
1 1 1 477f29eb7fc00000 0 0
1 1 1 bd89b9747f800000 0 0
1 1 1 c9b7e0067f800000 0 0
1 1 1 bddafaa97f800000 0 0
1 1 1 b2a886d3ff800000 0 0
1 1 1 32f59a6cff800000 0 0
1 1 1 37e0560e7fc00000 0 0
1 1 1 b472a3437fc00000 0 0
1 1 1 bb4316677fc00000 0 0
1 1 1 bc8ffbf07fc00000 0 0
1 1 1 b165801d7fc00000 0 0
1 1 1 cba534067f800000 0 0
1 1 1 3d874a3d7f800000 0 0
1 1 1 3851f5d7ff800000 0 0
1 1 1 450998877fc00000 0 0
1 1 1 b9ce12537f800000 0 0
1 1 1 4c1b9ed27f800000 0 0
1 1 1 391f9e51ff800000 0 0
1 1 1 cd0df3f1ff800000 0 0
1 1 1 b95ae5d1ff800000 0 0
1 1 1 b303218d7fc00000 0 0
1 1 1 c9f536b67fc00000 0 0
1 1 1 42f133937fc00000 0 0
1 1 1 4e5df9897fc00000 0 0
1 1 1 bb28d10bff800000 0 0
1 1 1 4bb513617fc00000 0 0
1 1 1 ba4d3ee6ff800000 0 0
1 1 1 3b00e7a47fc00000 0 0
1 1 1 4c91fcf17f800000 0 0
1 1 1 c4df7e2bff800000 0 0
1 1 1 c1f943ec7f800000 0 0
1 1 1 3e75923bff800000 0 0
1 1 1 37fc98e4ff800000 0 0
1 1 1 30e870dd7f800000 0 0
1 1 1 4c74d6d7ff800000 0 0
1 1 1 4b87b9b37fc00000 0 0
1 1 1 cad422687fc00000 0 0
1 1 1 3f734a1cff800000 0 0
1 1 1 4a62cdf07f800000 0 0
1 1 1 43cc665eff800000 0 0
1 1 1 4d7a38507f800000 0 0
1 1 1 4b9aa7077fc00000 0 0
1 1 1 484294f17fc00000 0 0
1 1 1 cb94281eff800000 0 0
1 1 1 365884f37f800000 0 0
1 1 1 30efa8487fc00000 0 0
1 1 1 42f861437f800000 0 0
1 1 1 4cef86ba7fc00000 0 0
1 1 1 328555d67fc00000 0 0
1 1 1 be0363037fc00000 0 0
1 1 1 46a815a17f800000 0 0
1 1 1 b69625c07f800000 0 0
1 1 1 bec2e648ff800000 0 0
1 1 1 443b52477fc00000 0 0
1 1 1 bb4fd2a3ff800000 0 0
1 1 1 360955d57f800000 0 0
1 1 1 c3bf47ba7fc00000 0 0
1 1 1 3e4cdf5b7f800000 0 0
1 1 1 47f0b8d77fc00000 0 0
1 1 1 40d7fde77fc00000 0 0
1 1 1 bf699b367fc00000 0 0
1 1 1 bdf358b77f800000 0 0
1 1 1 b1680d257f800000 0 0
1 1 1 c3fdb61d7f800000 0 0
1 1 1 4b8633e7ff800000 0 0
1 1 1 cd1fe23dff800000 0 0
1 1 1 45e3514f7f800000 0 0
1 1 1 4ef828377fc00000 0 0
1 1 1 bde48a6c7f800000 0 0
1 1 1 3d18f12a7f800000 0 0
1 1 1 4ab3caf6ff800000 0 0
1 1 1 bf3803547f800000 0 0
1 1 1 bb1b293f7fc00000 0 0
1 1 1 46bfc55e7f800000 0 0
1 1 1 38d1cd387f800000 0 0
1 1 1 bc2d532d7fc00000 0 0
1 1 1 bf97a787ff800000 0 0
1 1 1 4a43fe267fc00000 0 0
1 1 1 b7fd14b9ff800000 0 0
1 1 1 4470e5fb7fc00000 0 0
1 1 1 3ed7e6ec7fc00000 0 0
1 1 1 35012f4dff800000 0 0
1 1 1 3e38ffcf7fc00000 0 0
1 1 1 4e20bca27fc00000 0 0
1 1 1 c4205b477fc00000 0 0
1 1 1 34060b417fc00000 0 0
1 1 1 31c8f3587f800000 0 0
1 1 1 b53ab9ca7fc00000 0 0
1 1 1 414cdf287fc00000 0 0
1 1 1 33d4c3ed7f800000 0 0
1 1 1 3458b023ff800000 0 0
1 1 1 3ecdf8e87fc00000 0 0
1 1 1 c6a0b632ff800000 0 0
1 1 1 ce5a06e17fc00000 0 0
1 1 1 43c1cbb9ff800000 0 0
1 1 1 c0446a84ff800000 0 0
1 1 1 bfda30207fc00000 0 0
1 1 1 45cd5c6b7fc00000 0 0
1 1 1 4864235bff800000 0 0
1 1 1 b84d08177f800000 0 0
1 1 1 45ee0e23ff800000 0 0
1 1 1 b5f99f3c7f800000 0 0
1 1 1 b22cc9587f800000 0 0
1 1 1 cdcb59e97fc00000 0 0
1 1 1 bb81ef887f800000 0 0
1 1 1 40c74d197fc00000 0 0
1 1 1 4eb36620ff800000 0 0
1 1 1 b1988711ff800000 0 0
1 1 1 37ebcb24ff800000 0 0
1 1 1 cabe63e07f800000 0 0
1 1 1 cb4f0cef7f800000 0 0
1 1 1 c928f5947f800000 0 0
1 1 1 4be460447f800000 0 0
1 1 1 3bb093297f800000 0 0
1 1 1 3a2f9dbc7f800000 0 0
1 1 1 bea8627c7fc00000 0 0
1 1 1 b88fd902ff800000 0 0
1 1 1 bae1edbbff800000 0 0
1 1 1 b7677c51ff800000 0 0
1 1 1 b26167257fc00000 0 0
1 1 1 cb0a4bb37f800000 0 0
1 1 1 b158ddcd7fc00000 0 0
1 1 1 3cfa9f6b7f800000 0 0
1 1 1 ca0fb2b67f800000 0 0
1 1 1 ca3cbdb07fc00000 0 0
1 1 1 b33d235a7fc00000 0 0
1 1 1 ca50c96d7f800000 0 0
1 1 1 445d174d7fc00000 0 0
1 1 1 b3b2589a7f800000 0 0
1 1 1 351d26ea7fc00000 0 0
1 1 1 b68ec9caff800000 0 0
1 1 1 b18733e7ff800000 0 0
1 1 1 b4cbdf5d7f800000 0 0
1 1 1 b523dfd17f800000 0 0
1 1 1 31ca56d87fc00000 0 0
1 1 1 33a331287f800000 0 0
1 1 1 43cd13777f800000 0 0
1 1 1 49bf07247fc00000 0 0
1 1 1 373013037f800000 0 0
1 1 1 32ac60807fc00000 0 0
1 1 1 402654377fc00000 0 0
1 1 1 32ca7e02ff800000 0 0
1 1 1 cad33e74ff800000 0 0
1 1 1 c2a622907f800000 0 0
1 1 1 b4e072617fc00000 0 0
1 1 1 49337efe7f800000 0 0
1 1 1 336f9058ff800000 0 0
1 1 1 4c5033f47fc00000 0 0
1 1 1 c92d06caff800000 0 0
1 1 1 bbde09d07fc00000 0 0
1 1 1 b44531167fc00000 0 0
1 1 1 b5e7de817fc00000 0 0
1 1 1 ca5d72657fc00000 0 0
1 1 1 c875164e7f800000 0 0
1 1 1 bb6259807f800000 0 0
1 1 1 c220ed4c7f800000 0 0
1 1 1 30df842d7fc00000 0 0
1 1 1 c67523a07f800000 0 0
1 1 1 bd668359ff800000 0 0
1 1 1 b25b119bff800000 0 0
1 1 1 bb5889917fc00000 0 0
1 1 1 4df26d43ff800000 0 0
1 1 1 32307b76ff800000 0 0
1 1 1 45e6bbfd7fc00000 0 0
1 1 1 3da114207fc00000 0 0
1 1 1 4a1185ea7f800000 0 0
1 1 1 47da46ccff800000 0 0
1 1 1 b3cae62bff800000 0 0
1 1 1 4535cff87f800000 0 0
1 1 1 ccbed73bff800000 0 0
1 1 1 401a184a7fc00000 0 0
1 1 1 406043af7f800000 0 0
1 1 1 cb0f147eff800000 0 0
1 1 1 40fd176fff800000 0 0
1 1 1 bf649371ff800000 0 0
1 1 1 3df0ee827fc00000 0 0
1 1 1 4b5cfdceff800000 0 0
1 1 1 45bfebe67fc00000 0 0
1 1 1 43c6d3a47fc00000 0 0
1 1 1 c359c3437fc00000 0 0
1 1 1 b5bc132bff800000 0 0
1 1 1 c2234bcaff800000 0 0
1 1 1 3aaff35bff800000 0 0
1 1 1 3907fef27f800000 0 0
1 1 1 35c9e4767fc00000 0 0
1 1 1 3daed7c17f800000 0 0
1 1 1 b4335dc77f800000 0 0
1 1 1 bae9b2f47f800000 0 0
1 1 1 4893cf7aff800000 0 0
1 1 1 b12566e77fc00000 0 0
1 1 1 485711847fc00000 0 0
1 1 1 3e4ebb047f800000 0 0
1 1 1 b17b59017fc00000 0 0
1 1 1 3c7c87917fc00000 0 0
1 1 1 4c5b4d037fc00000 0 0
1 1 1 c15e5b0e7fc00000 0 0
1 1 1 49a40631ff800000 0 0
1 1 1 b7a5f88e7fc00000 0 0
1 1 1 42e18515ff800000 0 0
1 1 1 38119e16ff800000 0 0
1 1 1 bfcc46f77f800000 0 0
1 1 1 32f9879e7f800000 0 0
1 1 1 30b1c9ab7f800000 0 0
1 1 1 3b6f6d777fc00000 0 0
1 1 1 33f3cda27fc00000 0 0
1 1 1 42245ebc7fc00000 0 0
1 1 1 4d6d51eb7fc00000 0 0
1 1 1 3aea79ceff800000 0 0
1 1 1 479896ff7fc00000 0 0
1 1 1 4d9ffb5b7f800000 0 0
1 1 1 b09fd2057fc00000 0 0
1 1 1 39406c9d7fc00000 0 0
1 1 1 ca0863d97fc00000 0 0
1 1 1 43cbd8a1ff800000 0 0
1 1 1 4c0ce9c5ff800000 0 0
1 1 1 c8fa2de1ff800000 0 0
1 1 1 384705a47f800000 0 0
1 1 1 32ae4f2e7f800000 0 0
1 1 1 b19621be7f800000 0 0
1 1 1 460a05527f800000 0 0
1 1 1 41bde372ff800000 0 0
1 1 1 c97e67d87f800000 0 0
1 1 1 4c0305f4ff800000 0 0
1 1 1 cd5f0c8cff800000 0 0
1 1 1 bfbe25f87f800000 0 0
1 1 1 bfdf30677f800000 0 0
1 1 1 cbe280897f800000 0 0
1 1 1 bcedc4597fc00000 0 0
1 1 1 4e66bc407f800000 0 0
1 1 1 b0af80a7ff800000 0 0
1 1 1 35f6c0e57fc00000 0 0
1 1 1 3aeef4a57f800000 0 0
1 1 1 c06934e77f800000 0 0
1 1 1 b52a01f97f800000 0 0
1 1 1 ba9af88d7fc00000 0 0
1 1 1 c6813e427fc00000 0 0
1 1 1 b6fa3a747f800000 0 0
1 1 1 34f50caa7f800000 0 0
1 1 1 4709a452ff800000 0 0
1 1 1 c8ce68eb7f800000 0 0
1 1 1 349cc5c57fc00000 0 0
1 1 1 33928f8a7f800000 0 0
1 1 1 b8c9f48e7fc00000 0 0
1 1 1 c658ac19ff800000 0 0
1 1 1 44d622547f800000 0 0
1 1 1 36c04e327fc00000 0 0
1 1 1 c772d9117fc00000 0 0
1 1 1 42059e307f800000 0 0
1 1 1 3cf2caecff800000 0 0
1 1 1 b2b84060ff800000 0 0
1 1 1 403d5d397fc00000 0 0
1 1 1 cde0f87c7fc00000 0 0
1 1 1 bdc31f217f800000 0 0
1 1 1 3bd1dcd87f800000 0 0
1 1 1 ce39d9f27fc00000 0 0
1 1 1 c86269627f800000 0 0
1 1 1 4a725d69ff800000 0 0
1 1 1 35e5ef597f800000 0 0
1 1 1 ca56de2b7f800000 0 0
1 1 1 3d4725ee7f800000 0 0
1 1 1 4c51d7227fc00000 0 0
1 1 1 4292cf2f7f800000 0 0
1 1 1 bab7fc017fc00000 0 0
1 1 1 b3641fe37fc00000 0 0
1 1 1 b6b066ccff800000 0 0
1 1 1 369baca37fc00000 0 0
1 1 1 3c3f2acc7fc00000 0 0
1 1 1 c71ed6e87f800000 0 0
1 1 1 37019815ff800000 0 0
1 1 1 3e0d86a4ff800000 0 0
1 1 1 3d27cf117fc00000 0 0
1 1 1 49f0bc7e7f800000 0 0
1 1 1 b87266df7fc00000 0 0
1 1 1 c05dd56f7f800000 0 0
1 1 1 4c6bf56c7f800000 0 0
1 1 1 416e59187f800000 0 0
1 1 1 3cff599e7fc00000 0 0
1 1 1 48edd3a5ff800000 0 0
1 1 1 4460f50f7f800000 0 0
1 1 1 c937207b7f800000 0 0
1 1 1 c773d9aaff800000 0 0
1 1 1 38fd8e527fc00000 0 0
1 1 1 423acbec7fc00000 0 0
1 1 1 4d96d4ffff800000 0 0
1 1 1 c467c5f1ff800000 0 0
1 1 1 4331f5357fc00000 0 0
1 1 1 48db68d87f800000 0 0
1 1 1 b1442eaa7f800000 0 0
1 1 1 c120b9fcff800000 0 0
1 1 1 cd0fe3177f800000 0 0
1 1 1 4472dafa7fc00000 0 0
1 1 1 458fd8e4ff800000 0 0
1 1 1 c5441d977fc00000 0 0
1 1 1 ceda04e07f800000 0 0
1 1 1 b960d91a7f800000 0 0
1 1 1 45ac32dc7f800000 0 0
1 1 1 cdc34f8dff800000 0 0
1 1 1 c0fa3c917fc00000 0 0
1 1 1 c75c3c247fc00000 0 0
1 1 1 b1bbab1b7f800000 0 0
1 1 1 c72cffaaff800000 0 0
1 1 1 489036607fc00000 0 0
1 1 1 47e0d7977fc00000 0 0
1 1 1 ca27cc0a7fc00000 0 0
1 1 1 32c637827f800000 0 0
1 1 1 483e83b07f800000 0 0
1 1 1 424be2d17f800000 0 0
1 1 1 c43c25807fc00000 0 0
1 1 1 49eac3fb7f800000 0 0
1 1 1 407e66ff7f800000 0 0
1 1 1 bcc85cef7fc00000 0 0
1 1 1 c822191eff800000 0 0
1 1 1 32be12f2ff800000 0 0
1 1 1 cb2b9d197fc00000 0 0
1 1 1 417d18d77fc00000 0 0
1 1 1 cb63f2a7ff800000 0 0
1 1 1 b5b3def3ff800000 0 0
1 1 1 3915ccbaff800000 0 0
1 1 1 b4c98501ff800000 0 0
1 1 1 bd142c4aff800000 0 0
1 1 1 c77f26817f800000 0 0
1 1 1 b530360a7f800000 0 0
1 1 1 30fbd2617fc00000 0 0
1 1 1 3fad67f5ff800000 0 0
1 1 1 45ef6384ff800000 0 0
1 1 1 45972f2fff800000 0 0
1 1 1 30a7a2f8ff800000 0 0
1 1 1 c302cd667f800000 0 0
1 1 1 4b3a6b70ff800000 0 0
1 1 1 3840a1f5ff800000 0 0
1 1 1 44229cddff800000 0 0
1 1 1 414358967fc00000 0 0
1 1 1 325fe1587f800000 0 0
1 1 1 4a0e855aff800000 0 0
1 1 1 c0255db87f800000 0 0
1 1 1 449c80067fc00000 0 0
1 1 1 b33684957f800000 0 0
1 1 1 c11d41c17fc00000 0 0
1 1 1 c4a748157f800000 0 0
1 1 1 b903169f7fc00000 0 0
1 1 1 389ab4fbff800000 0 0
1 1 1 47364718ff800000 0 0
1 1 1 38823ed9ff800000 0 0
1 1 1 412b00af7fc00000 0 0
1 1 1 49cb28227fc00000 0 0
1 1 1 b57942087fc00000 0 0
1 1 1 32f2a374ff800000 0 0
1 1 1 c4004bf4ff800000 0 0
1 1 1 3f4fe49cff800000 0 0
1 1 1 3c96ee7aff800000 0 0
1 1 1 49e6fc78ff800000 0 0
1 1 1 b378e11d7fc00000 0 0
1 1 1 c88ae584ff800000 0 0
1 1 1 4c604726ff800000 0 0
1 1 1 3e24abb57f800000 0 0
1 1 1 39f3fd1fff800000 0 0
1 1 1 cd9b05207f800000 0 0
1 1 1 b79eaa557f800000 0 0
1 1 1 3382c727ff800000 0 0
1 1 1 35536387ff800000 0 0
1 1 1 441d9c91ff800000 0 0
1 1 1 c76fe44dff800000 0 0
1 1 1 b97e79b6ff800000 0 0
1 1 1 4a3903407fc00000 0 0
1 1 1 b23046a67fc00000 0 0
1 1 1 3bee1d20ff800000 0 0
1 1 1 4d6244697fc00000 0 0
1 1 1 3dc008167fc00000 0 0
1 1 1 3615c5b3ff800000 0 0
1 1 1 335d255b7fc00000 0 0
1 1 1 4a7a0aaaff800000 0 0
1 1 1 3ac5d8517f800000 0 0
1 1 1 cb1179387f800000 0 0
1 1 1 cd6b70c87f800000 0 0
1 1 1 382ca1ceff800000 0 0
1 1 1 b2cf9a3f7fc00000 0 0
1 1 1 b41a26597fc00000 0 0
1 1 1 c34ee4f0ff800000 0 0
1 1 1 49b83f02ff800000 0 0
1 1 1 34a24fa57f800000 0 0
1 1 1 4d9e2c2f7fc00000 0 0
1 1 1 b1aab00c7fc00000 0 0
1 1 1 c2f92e44ff800000 0 0
1 1 1 46da2f0cff800000 0 0
1 1 1 c8e614a97f800000 0 0
1 1 1 3912714c7fc00000 0 0
1 1 1 3b3276387fc00000 0 0
1 1 1 bbe324f57fc00000 0 0
1 1 1 c7b57b897f800000 0 0
1 1 1 cb0818317f800000 0 0
1 1 1 44282bb77f800000 0 0
1 1 1 40a0d83e7f800000 0 0
1 1 1 c6a4cabdff800000 0 0
1 1 1 b813f36e7f800000 0 0
1 1 1 31436c4e7f800000 0 0
1 1 1 c4ebfb357f800000 0 0
1 1 1 48d24c8cff800000 0 0
1 1 1 b09f841c7f800000 0 0
1 1 1 ca64e5ddff800000 0 0
1 1 1 3ec986ce7fc00000 0 0
1 1 1 3e04bdc2ff800000 0 0
1 1 1 b5d943e67f800000 0 0
1 1 1 4ec51b407fc00000 0 0
1 1 1 c522cfb77f800000 0 0
1 1 1 b37786927fc00000 0 0
1 1 1 b3fbd806ff800000 0 0
1 1 1 c7bd2e60ff800000 0 0
1 1 1 3c6a607eff800000 0 0
1 1 1 c6468fdeff800000 0 0
1 1 1 348db9467f800000 0 0
1 1 1 ce38c4e27fc00000 0 0
1 1 1 3d77379c7f800000 0 0
1 1 1 4e69adf17f800000 0 0
1 1 1 491f3e9e7f800000 0 0
1 1 1 49d0c0f57f800000 0 0
1 1 1 392193057fc00000 0 0
1 1 1 bdb3f3f07fc00000 0 0
1 1 1 c807621cff800000 0 0
1 1 1 4104818cff800000 0 0
1 1 1 3ab068a37fc00000 0 0
1 1 1 32d5973b7fc00000 0 0
1 1 1 42244406ff800000 0 0
1 1 1 423546747f800000 0 0
1 1 1 be1f6eb5ff800000 0 0
1 1 1 3f78bb2d7f800000 0 0
1 1 1 44864f6eff800000 0 0
1 1 1 37b32039ff800000 0 0
1 1 1 399614df7f800000 0 0
1 1 1 4663ddfe7fc00000 0 0
1 1 1 ce05d6da7fc00000 0 0
1 1 1 3b7b3e8b7fc00000 0 0
1 1 1 ce972b757f800000 0 0
1 1 1 b4247fedff800000 0 0
1 1 1 c571dac37fc00000 0 0
1 1 1 c1a8a470ff800000 0 0
1 1 1 be8fec177f800000 0 0
1 1 1 310a93827f800000 0 0
1 1 1 bdfb5c3fff800000 0 0
1 1 1 45c30191ff800000 0 0
1 1 1 b40fb930ff800000 0 0
1 1 1 42368314ff800000 0 0
1 1 1 c5009ffa7fc00000 0 0
1 1 1 323f3edeff800000 0 0
1 1 1 c77928517fc00000 0 0
1 1 1 31cddb127f800000 0 0
1 1 1 b3ffedd57f800000 0 0
1 1 1 c9c72f407f800000 0 0
1 1 1 b6932e1b7f800000 0 0
1 1 1 ce04ac217fc00000 0 0
1 1 1 490cfe6d7f800000 0 0
1 1 1 bbe185367fc00000 0 0
1 1 1 ca22ece4ff800000 0 0
1 1 1 b3cacd38ff800000 0 0
1 1 1 c6bde24aff800000 0 0
1 1 1 37c54a1f7f800000 0 0
1 1 1 bdae93cb7f800000 0 0
1 1 1 36ae651bff800000 0 0
1 1 1 bebeee67ff800000 0 0
1 1 1 3838fc0b7fc00000 0 0
1 1 1 32ed221cff800000 0 0
1 1 1 ceb5632c7fc00000 0 0
1 1 1 3ddf700aff800000 0 0
1 1 1 c9e379f9ff800000 0 0
1 1 1 440ed1967fc00000 0 0
1 1 1 c4008ed57fc00000 0 0
1 1 1 b163f223ff800000 0 0
1 1 1 3db28d4aff800000 0 0
1 1 1 365990117f800000 0 0
1 1 1 be02f3acff800000 0 0
1 1 1 c2eae1587f800000 0 0
1 1 1 411b69957fc00000 0 0
1 1 1 47cbe6d27fc00000 0 0
1 1 1 c1d731167fc00000 0 0
1 1 1 c8c48fb37fc00000 0 0
1 1 1 c9718abd7fc00000 0 0
1 1 1 b11ef6437fc00000 0 0
1 1 1 be14a9797fc00000 0 0
1 1 1 cecb8bb07f800000 0 0
1 1 1 3aefe0017fc00000 0 0
1 1 1 ca8b578b7fc00000 0 0
1 1 1 c28ae94cff800000 0 0
1 1 1 3dfd2bbf7fc00000 0 0
1 1 1 c9a5cec67f800000 0 0
1 1 1 bfa9c09b7fc00000 0 0
1 1 1 335c27727fc00000 0 0
1 1 1 c64823967f800000 0 0
1 1 1 c4c2f2007fc00000 0 0
1 1 1 364f504a7f800000 0 0
1 1 1 438bb9277fc00000 0 0
1 1 1 3799113aff800000 0 0
1 1 1 b0eae0e97fc00000 0 0
1 1 1 b52e878c7fc00000 0 0
1 1 1 466636ac7fc00000 0 0
1 1 1 b87689507f800000 0 0
1 1 1 4648525bff800000 0 0
1 1 1 38446c557fc00000 0 0
1 1 1 354508a27fc00000 0 0
1 1 1 3e49663e7f800000 0 0
1 1 1 493c15607f800000 0 0
1 1 1 37141421ff800000 0 0
1 1 1 4886d7f3ff800000 0 0
1 1 1 35212ae0ff800000 0 0
1 1 1 c63a98f0ff800000 0 0
1 1 1 4158e6a57f800000 0 0
1 1 1 43687bfb7f800000 0 0
1 1 1 c2ad10fc7fc00000 0 0
1 1 1 b251b5b27f800000 0 0
1 1 1 3603f636ff800000 0 0
1 1 1 473475977f800000 0 0
1 1 1 49e8beae7f800000 0 0
1 1 1 ccf636697fc00000 0 0
1 1 1 40647c497fc00000 0 0
1 1 1 49e4836e7fc00000 0 0
1 1 1 37b5b8557f800000 0 0
1 1 1 4e9751ca7f800000 0 0
1 1 1 4120c9d4ff800000 0 0
1 1 1 4259be59ff800000 0 0
1 1 1 c54f60f37fc00000 0 0
1 1 1 bdda986e7f800000 0 0
1 1 1 b709c88d7fc00000 0 0
1 1 1 c99f2d5aff800000 0 0
1 1 1 c2ef0d7dff800000 0 0
1 1 1 4e71405b7f800000 0 0
1 1 1 b2514285ff800000 0 0
1 1 1 332a556eff800000 0 0
1 1 1 b8741d887f800000 0 0
1 1 1 beb5e6167f800000 0 0
1 1 1 b30edd95ff800000 0 0
1 1 1 3096786eff800000 0 0
1 1 1 32ce33ca7f800000 0 0
1 1 1 3911f3d1ff800000 0 0
1 1 1 cdd30b427f800000 0 0
1 1 1 35b170fe7fc00000 0 0
1 1 1 c32d26497fc00000 0 0
1 1 1 b448c7317fc00000 0 0
1 1 1 b20183677fc00000 0 0
1 1 1 c545b5c37fc00000 0 0
1 1 1 30b23dc37fc00000 0 0
1 1 1 c540ddf37f800000 0 0
1 1 1 409f8a23ff800000 0 0
1 1 1 ce7d390dff800000 0 0
1 1 1 beb7b22cff800000 0 0
1 1 1 c64a18b97f800000 0 0
1 1 1 b9db048e7f800000 0 0
1 1 1 c2c321ab7fc00000 0 0
1 1 1 bb8ccde9ff800000 0 0
1 1 1 b1c65d7d7f800000 0 0
1 1 1 bbf5ab6fff800000 0 0
1 1 1 cdafb7257fc00000 0 0
1 1 1 4d59d6ba7fc00000 0 0
1 1 1 cc9eee5a7fc00000 0 0
1 1 1 b2a6b5af7fc00000 0 0
1 1 1 c120fe177f800000 0 0
1 1 1 ca42e61d7fc00000 0 0
1 1 1 3e0578e17fc00000 0 0
1 1 1 cb1f81e2ff800000 0 0
1 1 1 4ce788b67fc00000 0 0
1 1 1 4c4a8b5cff800000 0 0
1 1 1 3a59dd917fc00000 0 0
1 1 1 b096795c7fc00000 0 0
1 1 1 3d05ec747fc00000 0 0
1 1 1 458af67cff800000 0 0
1 1 1 386e60e8ff800000 0 0
1 1 1 c99ac6bb7f800000 0 0
1 1 1 37f003047f800000 0 0
1 1 1 b6dc91e27f800000 0 0
1 1 1 c467292fff800000 0 0
1 1 1 32f707f1ff800000 0 0
1 1 1 c92eece57f800000 0 0
1 1 1 c6ce3b527f800000 0 0
1 1 1 3c1c2dcfff800000 0 0
1 1 1 be5db1efff800000 0 0
1 1 1 b10d41c27fc00000 0 0
1 1 1 45ea7ad97f800000 0 0
1 1 1 3864f98fff800000 0 0
1 1 1 b3d96787ff800000 0 0
1 1 1 b3e030fb7fc00000 0 0
1 1 1 41057a5d7f800000 0 0
1 1 1 bff46ac47fc00000 0 0
1 1 1 3d99ce017fc00000 0 0
1 1 1 4638ce66ff800000 0 0
1 1 1 35f53b1a7f800000 0 0
1 1 1 3ab992f4ff800000 0 0
1 1 1 35750a477f800000 0 0
1 1 1 4482f5f9ff800000 0 0
1 1 1 c6ed7f057fc00000 0 0
1 1 1 c28979c0ff800000 0 0
1 1 1 457da82bff800000 0 0
1 1 1 4049fc927f800000 0 0
1 1 1 c67293797fc00000 0 0
1 1 1 3a4b6ea27fc00000 0 0
1 1 1 33d0f1ec7f800000 0 0
1 1 1 c08b5ba87f800000 0 0
1 1 1 4cf2483cff800000 0 0
1 1 1 49ebd438ff800000 0 0
1 1 1 4a9b99ee7fc00000 0 0
1 1 1 bd4febc77f800000 0 0
1 1 1 b85210c37fc00000 0 0
1 1 1 c1945d887f800000 0 0
1 1 1 4cd5a5647fc00000 0 0
1 1 1 48e16d0dff800000 0 0
1 1 1 cd2c9df17f800000 0 0
1 1 1 36e30d12ff800000 0 0
1 1 1 3c8ce8c3ff800000 0 0
1 1 1 38cc9d407fc00000 0 0
1 1 1 c32592417fc00000 0 0
1 1 1 c9ad2f8b7fc00000 0 0
1 1 1 32aba45f7fc00000 0 0
1 1 1 4257f5037fc00000 0 0
1 1 1 45fa01ba7fc00000 0 0
1 1 1 39fa39abff800000 0 0
1 1 1 be5e1a73ff800000 0 0
1 1 1 c36c28c37fc00000 0 0
1 1 1 cd2c4dbe7f800000 0 0
1 1 1 396d83e6ff800000 0 0
1 1 1 b7c0f98e7f800000 0 0
1 1 1 b3220d90ff800000 0 0
1 1 1 ce305f057f800000 0 0
1 1 1 40d5d6fe7fc00000 0 0
1 1 1 b61a4b067f800000 0 0
1 1 1 b4ccdaad7fc00000 0 0
1 1 1 b495314fff800000 0 0
1 1 1 bd298fe77f800000 0 0
1 1 1 c4952ec0ff800000 0 0
1 1 1 b66ae9eeff800000 0 0
1 1 1 3edb82a0ff800000 0 0
1 1 1 3394cc4b7f800000 0 0
1 1 1 356c659d7f800000 0 0
1 1 1 4a8f13fa7fc00000 0 0
1 1 1 b8f3dbe27fc00000 0 0
1 1 1 b62ff7e2ff800000 0 0
1 1 1 c10cf4a57f800000 0 0
1 1 1 451b3283ff800000 0 0
1 1 1 32ac8cfcff800000 0 0
1 1 1 bc3fcc8c7fc00000 0 0
1 1 1 473cf1737f800000 0 0
1 1 1 b7d7d5867fc00000 0 0
1 1 1 4c255bedff800000 0 0
1 1 1 3a8b6369ff800000 0 0
1 1 1 39832f927f800000 0 0
1 1 1 3627bee47f800000 0 0
1 1 1 44a7cef17f800000 0 0
1 1 1 344a5e9b7f800000 0 0
1 1 1 3881f2707f800000 0 0
1 1 1 c441ee6f7fc00000 0 0
1 1 1 c7cedafeff800000 0 0
1 1 1 3a4f2284ff800000 0 0
1 1 1 3b519a887f800000 0 0
1 1 1 bbeaf4577fc00000 0 0
1 1 1 42557c50ff800000 0 0
1 1 1 b950e3767fc00000 0 0
1 1 1 32bc1e747f800000 0 0
1 1 1 b9faaa8bff800000 0 0
1 1 1 3d9c7c1fff800000 0 0
1 1 1 39945db77f800000 0 0
1 1 1 c4c504167fc00000 0 0
1 1 1 c925d13dff800000 0 0
1 1 1 b385d658ff800000 0 0
1 1 1 3fee78a2ff800000 0 0
1 1 1 364537dc7f800000 0 0
1 1 1 c4a80bae7fc00000 0 0
1 1 1 ccee98797f800000 0 0
1 1 1 bfe50004ff800000 0 0
1 1 1 4929284b7f800000 0 0
1 1 1 4c042f8eff800000 0 0
1 1 1 b9a3877f7f800000 0 0
1 1 1 bf6b28b37fc00000 0 0
1 1 1 38117b40ff800000 0 0
1 1 1 366310897fc00000 0 0
1 1 1 40bc5d727fc00000 0 0
1 1 1 ba67bafa7fc00000 0 0
1 1 1 3b5f21637fc00000 0 0
1 1 1 33a0cfc8ff800000 0 0
1 1 1 b282f08eff800000 0 0
1 1 1 47577df37fc00000 0 0
1 1 1 34b3e79dff800000 0 0
1 1 1 3150e69dff800000 0 0
1 1 1 c4adb56eff800000 0 0
1 1 1 48a0d4747fc00000 0 0
1 1 1 c84d49e4ff800000 0 0
1 1 1 46d8fa25ff800000 0 0
1 1 1 4215f8c1ff800000 0 0
1 1 1 ba1af7647f800000 0 0
1 1 1 39e92497ff800000 0 0
1 1 1 4cdd35ae7fc00000 0 0
1 1 1 3e34aa8dff800000 0 0
1 1 1 b73f07e37f800000 0 0
1 1 1 3083595a7fc00000 0 0
1 1 1 c51a9bebff800000 0 0
1 1 1 b45b0a44ff800000 0 0
1 1 1 bc72cbde7f800000 0 0
1 1 1 32096cf77fc00000 0 0
1 1 1 387644017fc00000 0 0
1 1 1 c884074c7f800000 0 0
1 1 1 331da4ff7f800000 0 0
1 1 1 b4fb4c7d7f800000 0 0
1 1 1 481e61b6ff800000 0 0
1 1 1 34dab520ff800000 0 0
1 1 1 be6032537fc00000 0 0
1 1 1 41e419fc7f800000 0 0
1 1 1 c62e4871ff800000 0 0
1 1 1 45d200847f800000 0 0
1 1 1 bdc0ac897f800000 0 0
1 1 1 34f0c903ff800000 0 0
1 1 1 43ed39bf7f800000 0 0
1 1 1 4efbc919ff800000 0 0
1 1 1 3707ad797fc00000 0 0
1 1 1 c51e43827f800000 0 0
1 1 1 3da5c8447f800000 0 0
1 1 1 4b01808b7f800000 0 0
1 1 1 438daae3ff800000 0 0
1 1 1 4c28c3057f800000 0 0
1 1 1 b9e3646a7fc00000 0 0
1 1 1 bebcf0b77fc00000 0 0
1 1 1 3ba88ec97f800000 0 0
1 1 1 b9ff0a0eff800000 0 0
1 1 1 c0e1b3917fc00000 0 0
1 1 1 cdd6424aff800000 0 0
1 1 1 364de123ff800000 0 0
1 1 1 c05ba3be7f800000 0 0
1 1 1 34a4f8efff800000 0 0
1 1 1 c3b2c6ecff800000 0 0
1 1 1 b8cfdd707fc00000 0 0
1 1 1 ce7f97e47f800000 0 0
1 1 1 c1ac59e77f800000 0 0
1 1 1 4cf56af57fc00000 0 0
1 1 1 b917040cff800000 0 0
1 1 1 b3653f9f7fc00000 0 0
1 1 1 ca8a6d3cff800000 0 0
1 1 1 3bfa2d397fc00000 0 0
1 1 1 4de1de977f800000 0 0
1 1 1 3beb28ac7f800000 0 0
1 1 1 3e7a6c2e7fc00000 0 0
1 1 1 cad247937f800000 0 0
1 1 1 cc6b9fcf7fc00000 0 0
1 1 1 b9f633b07f800000 0 0
1 1 1 bf9c5a8bff800000 0 0
1 1 1 4910f8157fc00000 0 0
1 1 1 431169dbff800000 0 0
1 1 1 346ea981ff800000 0 0
1 1 1 3d383a627fc00000 0 0
1 1 1 b99737c77fc00000 0 0
1 1 1 330936dcff800000 0 0
1 1 1 c01987e37fc00000 0 0
1 1 1 46db8a327fc00000 0 0
1 1 1 36371404ff800000 0 0
1 1 1 377c8f27ff800000 0 0
1 1 1 bf9f39fb7fc00000 0 0
1 1 1 c6a097b3ff800000 0 0
1 1 1 3c727f567f800000 0 0
1 1 1 c9df286e7f800000 0 0
1 1 1 cba81e317fc00000 0 0
1 1 1 c6c1ecb17f800000 0 0
1 1 1 3fa435657fc00000 0 0
1 1 1 4967db29ff800000 0 0
1 1 1 c32550a57f800000 0 0
1 1 1 3bdbd9657f800000 0 0
1 1 1 b4a9d9ca7fc00000 0 0
1 1 1 c0e50e3a7fc00000 0 0
1 1 1 351e9f087f800000 0 0
1 1 1 4409aca3ff800000 0 0
1 1 1 b442a75b7fc00000 0 0
1 1 1 bfc4a9b8ff800000 0 0
1 1 1 c779162b7fc00000 0 0
1 1 1 b879deb5ff800000 0 0
1 1 1 cc3ef40c7fc00000 0 0
1 1 1 36401afd7f800000 0 0
1 1 1 3e69147a7fc00000 0 0
1 1 1 c436acebff800000 0 0
1 1 1 ba967caa7f800000 0 0
1 1 1 3cadfde07f800000 0 0
1 1 1 3bf319aaff800000 0 0
1 1 1 47571b397f800000 0 0
1 1 1 b837a4657fc00000 0 0
1 1 1 489ec3cd7fc00000 0 0
1 1 1 b7d290d67f800000 0 0
1 1 1 3848f0b27f800000 0 0
1 1 1 3c0807eb7fc00000 0 0
1 1 1 4736731b7fc00000 0 0
1 1 1 b8d4ebc87fc00000 0 0
1 1 1 c230e2a8ff800000 0 0
1 1 1 cbaa75627f800000 0 0
1 1 1 bd9329427fc00000 0 0
1 1 1 39110fbc7f800000 0 0
1 1 1 4935ce867f800000 0 0
1 1 1 b8335b4e7fc00000 0 0
1 1 1 375d031a7f800000 0 0
1 1 1 cc09771dff800000 0 0
1 1 1 3bc4a3ca7fc00000 0 0
1 1 1 3ef36c5fff800000 0 0
1 1 1 ba55c555ff800000 0 0
1 1 1 b95993677fc00000 0 0
1 1 1 4c259fcdff800000 0 0
1 1 1 c46840b97f800000 0 0
1 1 1 3c723904ff800000 0 0
1 1 1 42a50c267f800000 0 0
1 1 1 b775b1a77fc00000 0 0
1 1 1 b289563c7f800000 0 0
1 1 1 b1b00d867fc00000 0 0
1 1 1 b37202977f800000 0 0
1 1 1 cb819612ff800000 0 0
1 1 1 4969ece9ff800000 0 0
1 1 1 4364dfdeff800000 0 0
1 1 1 bcc0f133ff800000 0 0
1 1 1 c522e8827f800000 0 0
1 1 1 3195d2f6ff800000 0 0
1 1 1 c66a6f237fc00000 0 0
1 1 1 bccc06417f800000 0 0
1 1 1 415e5e1c7fc00000 0 0
1 1 1 bf54261c7fc00000 0 0
1 1 1 bcb4859a7f800000 0 0
1 1 1 c4dec25c7f800000 0 0
1 1 1 3b2269f97fc00000 0 0
1 1 1 bcfc5fc67fc00000 0 0
1 1 1 4b93e0047fc00000 0 0
1 1 1 b1d05fc9ff800000 0 0
1 1 1 465396de7f800000 0 0
1 1 1 bcc87ffe7f800000 0 0
1 1 1 34f86423ff800000 0 0
1 1 1 cbfc9fd77fc00000 0 0
1 1 1 49731a997f800000 0 0
1 1 1 b38051da7fc00000 0 0
1 1 1 435f44e0ff800000 0 0
1 1 1 b80caac87f800000 0 0
1 1 1 345481cc7f800000 0 0
1 1 1 3570504f7fc00000 0 0
1 1 1 356175f27f800000 0 0
1 1 1 3ace1c0a7f800000 0 0
1 1 1 4bd4fe6a7fc00000 0 0
1 1 1 44f8c8f4ff800000 0 0
1 1 1 c19ffa967fc00000 0 0
1 1 1 baef932d7f800000 0 0
1 1 1 cb0008e77fc00000 0 0
1 1 1 c110a0bfff800000 0 0
1 1 1 c49aab30ff800000 0 0
1 1 1 b6f8574aff800000 0 0
1 1 1 337558767fc00000 0 0
1 1 1 be6dc7d2ff800000 0 0
1 1 1 331ef6bcff800000 0 0
1 1 1 bebd2c1fff800000 0 0
1 1 1 bf942874ff800000 0 0
1 1 1 c966d8f0ff800000 0 0
1 1 1 c7189a42ff800000 0 0
1 1 1 c1dbd5877fc00000 0 0
1 1 1 bd33edcc7fc00000 0 0
1 1 1 479a3c3aff800000 0 0
1 1 1 b8001f61ff800000 0 0
1 1 1 411dc24f7f800000 0 0
1 1 1 42c313737f800000 0 0
1 1 1 4eb10a58ff800000 0 0
1 1 1 c4ec62597f800000 0 0
1 1 1 3264a87e7f800000 0 0
1 1 1 448b0acc7fc00000 0 0
1 1 1 3fe8e3027f800000 0 0
1 1 1 465c5d047f800000 0 0
1 1 1 4ea45e8a7fc00000 0 0
1 1 1 b1772f6dff800000 0 0
1 1 1 c3576ab47fc00000 0 0
1 1 1 3d1ed4b5ff800000 0 0
1 1 1 ba8af43dff800000 0 0
1 1 1 43f6c775ff800000 0 0
1 1 1 4d0bc1d87f800000 0 0
1 1 1 ba12718dff800000 0 0
1 1 1 41fc8fc7ff800000 0 0
1 1 1 31e3ec277fc00000 0 0
1 1 1 b69b4f207f800000 0 0
1 1 1 4e2189777fc00000 0 0
1 1 1 4672ce637f800000 0 0
1 1 1 31246eb87f800000 0 0
1 1 1 3d33942f7fc00000 0 0
1 1 1 4dff1f93ff800000 0 0
1 1 1 b92220697f800000 0 0
1 1 1 b8aee09c7f800000 0 0
1 1 1 43f88bc37fc00000 0 0
1 1 1 3e16f5177f800000 0 0
1 1 1 c9496ddd7fc00000 0 0
1 1 1 b8f5199cff800000 0 0
1 1 1 441c2c3d7f800000 0 0
1 1 1 cc6e7741ff800000 0 0
1 1 1 4adcb7c1ff800000 0 0
1 1 1 caf64510ff800000 0 0
1 1 1 cc07b4427fc00000 0 0
1 1 1 c99bc7957fc00000 0 0
1 1 1 b7b7d1dcff800000 0 0
1 1 1 c5f388f3ff800000 0 0
1 1 1 bc243ae5ff800000 0 0
1 1 1 3a05e2537f800000 0 0
1 1 1 b626de657f800000 0 0
1 1 1 313f6c487f800000 0 0
1 1 1 32cc1040ff800000 0 0
1 1 1 c2a2ff1fff800000 0 0
1 1 1 c42e24897f800000 0 0
1 1 1 424195767fc00000 0 0
1 1 1 3b2b38117fc00000 0 0
1 1 1 b96b732fff800000 0 0
1 1 1 cd3c01c47fc00000 0 0
1 1 1 4ec8736f7fc00000 0 0
1 1 1 40f13c5c7fc00000 0 0
1 1 1 4a28af1c7fc00000 0 0
1 1 1 35f7c86c7fc00000 0 0
1 1 1 bcd2e8947fc00000 0 0
1 1 1 46dffa217fc00000 0 0
1 1 1 bd41b5bc7f800000 0 0
1 1 1 40f618957fc00000 0 0
1 1 1 341c74efff800000 0 0
1 1 1 c6223e1e7f800000 0 0
1 1 1 c3ad5ca37fc00000 0 0
1 1 1 b8d60e14ff800000 0 0
1 1 1 b2cb64b27fc00000 0 0
1 1 1 c1428add7fc00000 0 0
1 1 1 4e189f68ff800000 0 0
1 1 1 bf3512d77fc00000 0 0
1 1 1 37b59914ff800000 0 0
1 1 1 c61d9c007f800000 0 0
1 1 1 bbb893347f800000 0 0
1 1 1 c5c21ce0ff800000 0 0
1 1 1 425775c0ff800000 0 0
1 1 1 404930c17f800000 0 0
1 1 1 b9db8d53ff800000 0 0
1 1 1 c282de1a7fc00000 0 0
1 1 1 bd23fb9a7f800000 0 0
1 1 1 45b3c61fff800000 0 0
1 1 1 41b1a1a37f800000 0 0
1 1 1 bf3b2d637f800000 0 0
1 1 1 c45143ff7fc00000 0 0
1 1 1 bc369891ff800000 0 0
1 1 1 bcce4ff57f800000 0 0
1 1 1 b16d08927fc00000 0 0
1 1 1 309a95177fc00000 0 0
1 1 1 32a495907fc00000 0 0
1 1 1 c97db2e07fc00000 0 0
1 1 1 368d9ba3ff800000 0 0
1 1 1 3b5177b27fc00000 0 0
1 1 1 b2d6c86c7f800000 0 0
1 1 1 43ab64a7ff800000 0 0
1 1 1 c7c65e3a7fc00000 0 0
1 1 1 3365878a7f800000 0 0
1 1 1 baef8a35ff800000 0 0
1 1 1 b856af437fc00000 0 0
1 1 1 4bf199bb7f800000 0 0
1 1 1 c73723527fc00000 0 0
1 1 1 481d0bb9ff800000 0 0
1 1 1 b4caffdb7fc00000 0 0
1 1 1 336b7facff800000 0 0
1 1 1 ceaa11f97fc00000 0 0
1 1 1 bd37084fff800000 0 0
1 1 1 c524ad2a7f800000 0 0
1 1 1 346d24e87f800000 0 0
1 1 1 4c372436ff800000 0 0
1 1 1 4126923eff800000 0 0
1 1 1 42f83f017fc00000 0 0
1 1 1 342fda76ff800000 0 0
1 1 1 b9ca32bf7fc00000 0 0
1 1 1 353b9a9a7fc00000 0 0
1 1 1 b78341997fc00000 0 0
1 1 1 399af2ea7fc00000 0 0
1 1 1 38a614947fc00000 0 0
1 1 1 42599c46ff800000 0 0
1 1 1 3ae34cc47fc00000 0 0
1 1 1 c60dc074ff800000 0 0
1 1 1 3d691ed27f800000 0 0
1 1 1 3ecfe82b7fc00000 0 0
1 1 1 cdcab3857fc00000 0 0
1 1 1 4c47ba867fc00000 0 0
1 1 1 3f5639d1ff800000 0 0
1 1 1 cb1163147f800000 0 0
1 1 1 ca8eadb67f800000 0 0
1 1 1 c81bacc67f800000 0 0
1 1 1 4db93960ff800000 0 0
1 1 1 c06d434aff800000 0 0
1 1 1 31e2bc4dff800000 0 0
1 1 1 b845e38a7f800000 0 0
1 1 1 3c3c8b28ff800000 0 0
1 1 1 c8becd397fc00000 0 0
1 1 1 4ed417b97fc00000 0 0
1 1 1 b5fb078dff800000 0 0
1 1 1 39c8672e7f800000 0 0
1 1 1 3da32b42ff800000 0 0
1 1 1 b6097053ff800000 0 0
1 1 1 3d7074b07fc00000 0 0
1 1 1 4cab9e207fc00000 0 0
1 1 1 c258ad1c7fc00000 0 0
1 1 1 b0e36dae7f800000 0 0
1 1 1 becb6f31ff800000 0 0
1 1 1 313ff813ff800000 0 0
1 1 1 48a4e29a7fc00000 0 0
1 1 1 3b510d70ff800000 0 0
1 1 1 4072b1d97f800000 0 0
1 1 1 40d304807f800000 0 0
1 1 1 463ad2d77fc00000 0 0
1 1 1 b94a26517f800000 0 0
1 1 1 3e07ab8a7f800000 0 0
1 1 1 3c0c75137f800000 0 0
1 1 1 c0d34e42ff800000 0 0
1 1 1 3d46982f7fc00000 0 0
1 1 1 3838c224ff800000 0 0
1 1 1 32dd038b7fc00000 0 0
1 1 1 37b78771ff800000 0 0
1 1 1 c5ed088fff800000 0 0
1 1 1 b80942d2ff800000 0 0
1 1 1 b6cc08e4ff800000 0 0
1 1 1 b746f2047fc00000 0 0
1 1 1 b3811bbe7fc00000 0 0
1 1 1 c9ba58ba7f800000 0 0
1 1 1 45f8541cff800000 0 0
1 1 1 4dca94fc7f800000 0 0
1 1 1 ca4c8a517fc00000 0 0
1 1 1 b4ed18227f800000 0 0
1 1 1 be63e7987fc00000 0 0
1 1 1 47c956c07f800000 0 0
1 1 1 b19fdc237f800000 0 0
1 1 1 c655d8dd7fc00000 0 0
1 1 1 c8296a727f800000 0 0
1 1 1 b42f29657fc00000 0 0
1 1 1 cbb2e91cff800000 0 0
1 1 1 bec5594f7fc00000 0 0
1 1 1 3aa647917fc00000 0 0
1 1 1 37afa20eff800000 0 0
1 1 1 b9e785e87f800000 0 0
1 1 1 4c00ab7dff800000 0 0
1 1 1 b5e836557fc00000 0 0
1 1 1 339e31a97fc00000 0 0
1 1 1 4dadcbce7fc00000 0 0
1 1 1 3af47e43ff800000 0 0
1 1 1 b186af137fc00000 0 0
1 1 1 4ed1df017f800000 0 0
1 1 1 cc9f074dff800000 0 0
1 1 1 c241e9bd7fc00000 0 0
1 1 1 b6306ecb7f800000 0 0
1 1 1 b3546862ff800000 0 0
1 1 1 4e442eee7f800000 0 0
1 1 1 c52c1fd47f800000 0 0
1 1 1 c6acaca97fc00000 0 0
1 1 1 ce8df3637fc00000 0 0
1 1 1 3ba5fa047fc00000 0 0
1 1 1 c2a03b75ff800000 0 0
1 1 1 471237e97f800000 0 0
1 1 1 4a29d2a27f800000 0 0
1 1 1 4ddc47c77fc00000 0 0
1 1 1 3486dd4d7fc00000 0 0
1 1 1 48f9e4d57f800000 0 0
1 1 1 c39549f5ff800000 0 0
1 1 1 463baeb67f800000 0 0
1 1 1 cde81a14ff800000 0 0
1 1 1 388c93ffff800000 0 0
1 1 1 c1b5faa97fc00000 0 0
1 1 1 3b28a1447f800000 0 0
1 1 1 bea4c6dbff800000 0 0
1 1 1 30b48c1c7fc00000 0 0
1 1 1 36be76aeff800000 0 0
1 1 1 42c04ac3ff800000 0 0
1 1 1 42f4fa967fc00000 0 0
1 1 1 cbc0ccb4ff800000 0 0
1 1 1 34de9fadff800000 0 0
1 1 1 ba1a9aaf7f800000 0 0
1 1 1 c49c0bc27f800000 0 0
1 1 1 b0a905157f800000 0 0
1 1 1 bef3e9a07fc00000 0 0
1 1 1 c5c9f8207fc00000 0 0
1 1 1 b9f8ea5b7f800000 0 0
1 1 1 49626ad17f800000 0 0
1 1 1 cdc474027f800000 0 0
1 1 1 b12112947fc00000 0 0
1 1 1 bba2eb7f7fc00000 0 0
1 1 1 3d6856bfff800000 0 0
1 1 1 ce77ad087fc00000 0 0
1 1 1 42c7729f7f800000 0 0
1 1 1 c7ed9f3e7f800000 0 0
1 1 1 3e8d3b367f800000 0 0
1 1 1 b82b35057fc00000 0 0
1 1 1 33fde0e07f800000 0 0
1 1 1 c52927a0ff800000 0 0
1 1 1 c9dd212fff800000 0 0
1 1 1 bbfc83fd7fc00000 0 0
1 1 1 ca99866cff800000 0 0
1 1 1 c60c9b8c7f800000 0 0
1 1 1 4e2232647f800000 0 0
1 1 1 ce15a1027f800000 0 0
1 1 1 46bd03b3ff800000 0 0
1 1 1 4d488db87f800000 0 0
1 1 1 be4ebdd37f800000 0 0
1 1 1 b0d59716ff800000 0 0
1 1 1 40f7524f7f800000 0 0
1 1 1 473d1c927f800000 0 0
1 1 1 3a2af8ddff800000 0 0
1 1 1 353c8688ff800000 0 0
1 1 1 342063587f800000 0 0
1 1 1 bf464297ff800000 0 0
1 1 1 4081f8de7fc00000 0 0
1 1 1 457ac0957f800000 0 0
1 1 1 baa5044e7fc00000 0 0
1 1 1 3dcec0c6ff800000 0 0
1 1 1 35674a2a7f800000 0 0
1 1 1 3b81486c7f800000 0 0
1 1 1 466731f67f800000 0 0
1 1 1 c76e6d257f800000 0 0
1 1 1 47c759d0ff800000 0 0
1 1 1 b2ef69df7fc00000 0 0
1 1 1 48540050ff800000 0 0
1 1 1 c095f4c67f800000 0 0
1 1 1 cd6a28277f800000 0 0
1 1 1 3ace271a7f800000 0 0
1 1 1 b14f61737fc00000 0 0
1 1 1 ca0fedbbff800000 0 0
1 1 1 4506c9cb7fc00000 0 0
1 1 1 3a3106cd7f800000 0 0
1 1 1 c7f082077fc00000 0 0
1 1 1 c56ad92b7f800000 0 0
1 1 1 b0dbe313ff800000 0 0
1 1 1 40a1e5ab7fc00000 0 0
1 1 1 4cd6a823ff800000 0 0
1 1 1 3e8d4ca37fc00000 0 0
1 1 1 3bb274ee7f800000 0 0
1 1 1 b26b32e47f800000 0 0
1 1 1 3502d1aa7fc00000 0 0
1 1 1 c8027afe7fc00000 0 0
1 1 1 c529ba377f800000 0 0
1 1 1 b35c2c057fc00000 0 0
1 1 1 359f0b90ff800000 0 0
1 1 1 cab876d27f800000 0 0
1 1 1 b58d93b27f800000 0 0
1 1 1 c4ef19d1ff800000 0 0
1 1 1 34b78bd9ff800000 0 0
1 1 1 bb84a4527f800000 0 0
1 1 1 42405cfd7f800000 0 0
1 1 1 cc056830ff800000 0 0
1 1 1 42a9803d7fc00000 0 0
1 1 1 3db44ee77f800000 0 0
1 1 1 3e499bb87f800000 0 0
1 1 1 c4d77772ff800000 0 0
1 1 1 b677d4017fc00000 0 0
1 1 1 478ab6b97fc00000 0 0
1 1 1 45db9af97fc00000 0 0
1 1 1 434a3ba3ff800000 0 0
1 1 1 323edc19ff800000 0 0
1 1 1 38380fe37fc00000 0 0
1 1 1 c362c1187f800000 0 0
1 1 1 459538e97f800000 0 0
1 1 1 bc0880fc7fc00000 0 0
1 1 1 b6394cdf7fc00000 0 0
1 1 1 3c2987987fc00000 0 0
1 1 1 3c63e234ff800000 0 0
1 1 1 ce43393a7f800000 0 0
1 1 1 bdcd56937fc00000 0 0
1 1 1 346ce69cff800000 0 0
1 1 1 c523b879ff800000 0 0
1 1 1 4124c47aff800000 0 0
1 1 1 4621f24e7fc00000 0 0
1 1 1 b25e63757f800000 0 0
1 1 1 c6a12cb17f800000 0 0
1 1 1 46ba08137fc00000 0 0
1 1 1 b43664507f800000 0 0
1 1 1 3e432d027fc00000 0 0
1 1 1 cd377520ff800000 0 0
1 1 1 b8946856ff800000 0 0
1 1 1 3b4e9a947f800000 0 0
1 1 1 38a8ca487f800000 0 0
1 1 1 b9f4863a7f800000 0 0
1 1 1 4c5eb7987f800000 0 0
1 1 1 31a87ec37f800000 0 0
1 1 1 38c4779b7f800000 0 0
1 1 1 3b9e3d3e7f800000 0 0
1 1 1 3b4999827fc00000 0 0
1 1 1 b23b5e947f800000 0 0
1 1 1 b9a3668e7f800000 0 0
1 1 1 3eb56ec37fc00000 0 0
1 1 1 bd4b38627fc00000 0 0
1 1 1 30cf382b7f800000 0 0
1 1 1 3d560f73ff800000 0 0
1 1 1 b9698cceff800000 0 0
1 1 1 bba0a4357f800000 0 0
1 1 1 baa831677f800000 0 0
1 1 1 c91739ee7fc00000 0 0
1 1 1 c1e6cea87f800000 0 0
1 1 1 3ab44c10ff800000 0 0
1 1 1 48d882957f800000 0 0
1 1 1 43ddcd047fc00000 0 0
1 1 1 b68ee7c7ff800000 0 0
1 1 1 bce271a87fc00000 0 0
1 1 1 357341c87f800000 0 0
1 1 1 448767cfff800000 0 0
1 1 1 31281d0eff800000 0 0
1 1 1 c9c728327f800000 0 0
1 1 1 bb9e11037f800000 0 0
1 1 1 4e17fe36ff800000 0 0
1 1 1 35719084ff800000 0 0
1 1 1 3697fdbcff800000 0 0
1 1 1 c3e37fa87f800000 0 0
1 1 1 330b442cff800000 0 0
1 1 1 cdaf3bdc7f800000 0 0
1 1 1 ce178529ff800000 0 0
1 1 1 343fb6ac7fc00000 0 0
1 1 1 34d77b1bff800000 0 0
1 1 1 378116767fc00000 0 0
1 1 1 4e280dc9ff800000 0 0
1 1 1 3388e98c7f800000 0 0
1 1 1 c449e4ac7f800000 0 0
1 1 1 43b55fa07f800000 0 0
1 1 1 3980f7f7ff800000 0 0
1 1 1 c870c4ea7f800000 0 0
1 1 1 3c6007857fc00000 0 0
1 1 1 bf57afe6ff800000 0 0
1 1 1 476040d27fc00000 0 0
1 1 1 c2eb4c65ff800000 0 0
1 1 1 bd1f4bb07fc00000 0 0
1 1 1 4893f6857f800000 0 0
1 1 1 b9dd4fc57fc00000 0 0
1 1 1 b415e3f57fc00000 0 0
1 1 1 c450be937f800000 0 0
1 1 1 caf022517f800000 0 0
1 1 1 b426bb897f800000 0 0
1 1 1 c6d24d4eff800000 0 0
1 1 1 c12a02acff800000 0 0
1 1 1 c20b5f87ff800000 0 0
1 1 1 3ce9845cff800000 0 0
1 1 1 bc5a4329ff800000 0 0
1 1 1 3234d4f4ff800000 0 0
1 1 1 babda807ff800000 0 0
1 1 1 c927a8e77fc00000 0 0
1 1 1 41044ee8ff800000 0 0
1 1 1 cdf2cb987fc00000 0 0
1 1 1 b966041aff800000 0 0
1 1 1 4922bd027f800000 0 0
1 1 1 b3e0a8cc7fc00000 0 0
1 1 1 4414efd57fc00000 0 0
1 1 1 3a5102e67fc00000 0 0
1 1 1 b86b92237fc00000 0 0
1 1 1 c60f4288ff800000 0 0
1 1 1 cc92ff807fc00000 0 0
1 1 1 c3faff227f800000 0 0
1 1 1 46a559067fc00000 0 0
1 1 1 b93355efff800000 0 0
1 1 1 b14759307fc00000 0 0
1 1 1 331c50bd7fc00000 0 0
1 1 1 bd602e0bff800000 0 0
1 1 1 c25f6d3d7fc00000 0 0
1 1 1 b69f343a7f800000 0 0
1 1 1 30975dd4ff800000 0 0
1 1 1 c2af57b3ff800000 0 0
1 1 1 b91c3421ff800000 0 0
1 1 1 ba05ca8d7f800000 0 0
1 1 1 b23edb8fff800000 0 0
1 1 1 37801c3e7f800000 0 0
1 1 1 be531e71ff800000 0 0
1 1 1 4ce0d3a27f800000 0 0
1 1 1 4c03a6b87f800000 0 0
1 1 1 b95c689a7f800000 0 0
1 1 1 48658253ff800000 0 0
1 1 1 3390d8cfff800000 0 0
1 1 1 4c74bb7b7f800000 0 0
1 1 1 3d484c877fc00000 0 0
1 1 1 c7a0588d7fc00000 0 0
1 1 1 3fd1b7fc7fc00000 0 0
1 1 1 b9063f42ff800000 0 0
1 1 1 4b984c9e7f800000 0 0
1 1 1 b198fe6c7f800000 0 0
1 1 1 bd3b3fdeff800000 0 0
1 1 1 bbeff44d7f800000 0 0
1 1 1 4c8a2d147fc00000 0 0
1 1 1 bf7471a77f800000 0 0
1 1 1 31ac1ab37fc00000 0 0
1 1 1 b9d6517dff800000 0 0
1 1 1 cd5b781dff800000 0 0
1 1 1 c20d035fff800000 0 0
1 1 1 be0e05027f800000 0 0
1 1 1 cadd10f9ff800000 0 0
1 1 1 4c17229dff800000 0 0
1 1 1 b629dd0c7f800000 0 0
1 1 1 4d4d6cb2ff800000 0 0
1 1 1 3d6df9377f800000 0 0
1 1 1 4c1868e77f800000 0 0
1 1 1 32ff6dfb7f800000 0 0
1 1 1 4230f7827fc00000 0 0
1 1 1 37a18e1b7fc00000 0 0
1 1 1 3fe3fb30ff800000 0 0
1 1 1 c92914867f800000 0 0
1 1 1 3e5d7d8eff800000 0 0
1 1 1 44e0cea87f800000 0 0
1 1 1 4292f0ca7f800000 0 0
1 1 1 4d262c20ff800000 0 0
1 1 1 b995d4d37fc00000 0 0
1 1 1 b56d1baaff800000 0 0
1 1 1 c9bdb7e97fc00000 0 0
1 1 1 40d53cfc7f800000 0 0
1 1 1 422e490a7f800000 0 0
1 1 1 bf252e97ff800000 0 0
1 1 1 b74ac60cff800000 0 0
1 1 1 c2e92d4c7f800000 0 0
1 1 1 3584d0a7ff800000 0 0
1 1 1 3a3736387fc00000 0 0
1 1 1 3c37b0cdff800000 0 0
1 1 1 ccb946f0ff800000 0 0
1 1 1 4b33bc5c7f800000 0 0
1 1 1 cc4904647f800000 0 0
1 1 1 4b49267bff800000 0 0
1 1 1 3f7276817f800000 0 0
1 1 1 c7c926ec7f800000 0 0
1 1 1 c89bab26ff800000 0 0
1 1 1 bba0578cff800000 0 0
1 1 1 365a3c467f800000 0 0
1 1 1 499dfbde7fc00000 0 0
1 1 1 c64a58947fc00000 0 0
1 1 1 49da200d7fc00000 0 0
1 1 1 35fd88387fc00000 0 0
1 1 1 cd726eeb7fc00000 0 0
1 1 1 c8e653667f800000 0 0
1 1 1 4378f45e7fc00000 0 0
1 1 1 43667b747f800000 0 0
1 1 1 ba2cf0be7f800000 0 0
1 1 1 49ec26c77fc00000 0 0
1 1 1 c94a1a5bff800000 0 0
1 1 1 b70b51517f800000 0 0
1 1 1 ce69931c7f800000 0 0
1 1 1 473a173eff800000 0 0
1 1 1 b42ecb497f800000 0 0
1 1 1 b3afdeaaff800000 0 0
1 1 1 c01352fc7f800000 0 0
1 1 1 30e9d7cf7fc00000 0 0
1 1 1 b221ef027f800000 0 0
1 1 1 baf8d0697f800000 0 0
1 1 1 3c51dd44ff800000 0 0
1 1 1 c6e498e1ff800000 0 0
1 1 1 ce9d912f7fc00000 0 0
1 1 1 b08191de7f800000 0 0
1 1 1 475f29337f800000 0 0
1 1 1 369613507fc00000 0 0
1 1 1 c694ef427fc00000 0 0
1 1 1 3470e3f97fc00000 0 0
1 1 1 b1606aa4ff800000 0 0
1 1 1 3683f08a7f800000 0 0
1 1 1 4bfd44d9ff800000 0 0
1 1 1 bb98b1e67f800000 0 0
1 1 1 ba7c8e55ff800000 0 0
1 1 1 44276ff8ff800000 0 0
1 1 1 ccf4245e7fc00000 0 0
1 1 1 b2f915c97fc00000 0 0
1 1 1 bcca706b7fc00000 0 0
1 1 1 c6d05ac57f800000 0 0
1 1 1 32583d2f7fc00000 0 0
1 1 1 c7ac739bff800000 0 0
1 1 1 cbad55bdff800000 0 0
1 1 1 b826f915ff800000 0 0
1 1 1 b2ce66de7f800000 0 0
1 1 1 3880105e7f800000 0 0
1 1 1 3af76a447fc00000 0 0
1 1 1 c19e9559ff800000 0 0
1 1 1 c96790b97f800000 0 0
1 1 1 c380152eff800000 0 0
1 1 1 4a5808a97f800000 0 0
1 1 1 3f3927caff800000 0 0
1 1 1 38d636b5ff800000 0 0
1 1 1 48fb15487fc00000 0 0
1 1 1 b1f254477fc00000 0 0
1 1 1 cc29df4d7f800000 0 0
1 1 1 be20ae76ff800000 0 0
1 1 1 b3f1d5f37fc00000 0 0
1 1 1 cee3700aff800000 0 0
1 1 1 35f164a4ff800000 0 0
1 1 1 c56459d7ff800000 0 0
1 1 1 cde152d07f800000 0 0
1 1 1 3fa6dfa5ff800000 0 0
1 1 1 cbd76d217f800000 0 0
1 1 1 ba82ede67f800000 0 0
1 1 1 bbbda2457fc00000 0 0
1 1 1 ce2daeeb7f800000 0 0
1 1 1 406648a97f800000 0 0
1 1 1 cd1af0857f800000 0 0
1 1 1 ce84b12c7f800000 0 0
1 1 1 35c7d4db7fc00000 0 0
1 1 1 329a75ddff800000 0 0
1 1 1 43ce47f27fc00000 0 0
1 1 1 3b8d86897f800000 0 0
1 1 1 b8e3abfa7fc00000 0 0
1 1 1 c3b98e85ff800000 0 0
1 1 1 c2e35ba27fc00000 0 0
1 1 1 ce8d71fb7fc00000 0 0
1 1 1 31bd5f617fc00000 0 0
1 1 1 393590ac7f800000 0 0
1 1 1 c946dd45ff800000 0 0
1 1 1 4a3825f9ff800000 0 0
1 1 1 cec12c7c7fc00000 0 0
1 1 1 47a64a11ff800000 0 0
1 1 1 b7afca7eff800000 0 0
1 1 1 ce2609937f800000 0 0
1 1 1 c8edb8997f800000 0 0
1 1 1 467f92907fc00000 0 0
1 1 1 b3fe71a5ff800000 0 0
1 1 1 b86a48e47fc00000 0 0
1 1 1 43e8e3637fc00000 0 0
1 1 1 c0769b8c7f800000 0 0
1 1 1 b8f7e1797fc00000 0 0
1 1 1 c5d8a388ff800000 0 0
1 1 1 bee892c87fc00000 0 0
1 1 1 4caa309a7f800000 0 0
1 1 1 39d526abff800000 0 0
1 1 1 c41dcd18ff800000 0 0
1 1 1 b143bc237f800000 0 0
1 1 1 4568ff837fc00000 0 0
1 1 1 c34f33d17f800000 0 0
1 1 1 bd39b6a57f800000 0 0
1 1 1 ce3fd0777fc00000 0 0
1 1 1 3da406557fc00000 0 0
1 1 1 4ccc510dff800000 0 0
1 1 1 c0028b437fc00000 0 0
1 1 1 c5a94263ff800000 0 0
1 1 1 31a708807fc00000 0 0
1 1 1 4312084b7fc00000 0 0
1 1 1 42b1508d7f800000 0 0
1 1 1 c1ea5c497fc00000 0 0
1 1 1 be81bc097fc00000 0 0
1 1 1 c78fa68aff800000 0 0
1 1 1 3bbd8ae17f800000 0 0
1 1 1 b26ae2ef7f800000 0 0
1 1 1 bbb64ef17fc00000 0 0
1 1 1 c9627b297fc00000 0 0
1 1 1 4e79d987ff800000 0 0
1 1 1 b5d8e2847fc00000 0 0
1 1 1 30adc2077f800000 0 0
1 1 1 c3f750ca7f800000 0 0
1 1 1 3a4d14c9ff800000 0 0
1 1 1 cb15213a7fc00000 0 0
1 1 1 c4bb94647f800000 0 0
1 1 1 cbef9ba07fc00000 0 0
1 1 1 cb8652167f800000 0 0
1 1 1 4078e1917f800000 0 0
1 1 1 c7c12d30ff800000 0 0
1 1 1 3e66d1947fc00000 0 0
1 1 1 ce9569e1ff800000 0 0
1 1 1 47b643027fc00000 0 0
1 1 1 449c2191ff800000 0 0
1 1 1 ca6104927fc00000 0 0
1 1 1 4231fbf57fc00000 0 0
1 1 1 b5f7d6697fc00000 0 0
1 1 1 3c73cbf67fc00000 0 0
1 1 1 38712c177fc00000 0 0
1 1 1 bff00df3ff800000 0 0
1 1 1 bf1ee99eff800000 0 0
1 1 1 4b588ba87f800000 0 0
1 1 1 cb5576727f800000 0 0
1 1 1 bc7e6d57ff800000 0 0
1 1 1 37d3b21c7fc00000 0 0
1 1 1 b16666837f800000 0 0
1 1 1 b0f9d3fd7f800000 0 0
1 1 1 47858dcf7fc00000 0 0
1 1 1 32b225e37fc00000 0 0
1 1 1 caea8ea8ff800000 0 0
1 1 1 3d11fd5e7f800000 0 0
1 1 1 c1e6dc357f800000 0 0
1 1 1 b2f869747f800000 0 0
1 1 1 332aaa8eff800000 0 0
1 1 1 bd09b1087fc00000 0 0
1 1 1 4829d7997f800000 0 0
1 1 1 b46de9ef7f800000 0 0
1 1 1 b799a6297fc00000 0 0
1 1 1 bafb2bdc7f800000 0 0
1 1 1 ce5398817fc00000 0 0
1 1 1 389e17fa7fc00000 0 0
1 1 1 ccb7006d7fc00000 0 0
1 1 1 3bf47231ff800000 0 0
1 1 1 b37e6d7dff800000 0 0
1 1 1 479600e97fc00000 0 0
1 1 1 4863cf1f7f800000 0 0
1 1 1 46334da3ff800000 0 0
1 1 1 3e7a526dff800000 0 0
1 1 1 30c0b2707f800000 0 0
1 1 1 caa0a2947f800000 0 0
1 1 1 b55a91b47fc00000 0 0
1 1 1 385556acff800000 0 0
1 1 1 bce75991ff800000 0 0
1 1 1 bf0618707f800000 0 0
1 1 1 c1e2d5ab7f800000 0 0
1 1 1 355fb858ff800000 0 0
1 1 1 33d08cb87fc00000 0 0
1 1 1 4830b49b7f800000 0 0
1 1 1 3c56aaa57fc00000 0 0
1 1 1 c25a04b47fc00000 0 0
1 1 1 3e1b40667f800000 0 0
1 1 1 b6634448ff800000 0 0
1 1 1 b1df4e30ff800000 0 0
1 1 1 46eeabfd7fc00000 0 0
1 1 1 ce386969ff800000 0 0
1 1 1 34d0f3f5ff800000 0 0
1 1 1 454b9439ff800000 0 0
1 1 1 b95e216e7fc00000 0 0
1 1 1 43f3abe77fc00000 0 0
1 1 1 bc17dae7ff800000 0 0
1 1 1 3e9975e5ff800000 0 0
1 1 1 3df5a2557fc00000 0 0
1 1 1 b63fc0a47fc00000 0 0
1 1 1 4bf409aa7fc00000 0 0
1 1 1 c15e8285ff800000 0 0
1 1 1 398caecd7f800000 0 0
1 1 1 3be445297f800000 0 0
1 1 1 b70d44dcff800000 0 0
1 1 1 439eacdb7f800000 0 0
1 1 1 3be29a087fc00000 0 0
1 1 1 ca8a89d97fc00000 0 0
1 1 1 ca4cdb4bff800000 0 0
1 1 1 b97cf6ccff800000 0 0
1 1 1 c2259e5fff800000 0 0
1 1 1 39aec8f27f800000 0 0
1 1 1 c7d29506ff800000 0 0
1 1 1 3b287edb7f800000 0 0
1 1 1 c98f3dfd7fc00000 0 0
1 1 1 bcd9d4517f800000 0 0
1 1 1 ca62e0dd7fc00000 0 0
1 1 1 4a5a39057f800000 0 0
1 1 1 c71e03077f800000 0 0
1 1 1 c398c59b7f800000 0 0
1 1 1 b79219de7fc00000 0 0
1 1 1 b7ce50777fc00000 0 0
1 1 1 3637b5757f800000 0 0
1 1 1 4d5c402fff800000 0 0
1 1 1 38f2a4577fc00000 0 0
1 1 1 3e08352a7fc00000 0 0
1 1 1 38390b647fc00000 0 0
1 1 1 34a8ec437fc00000 0 0
1 1 1 bc7973d4ff800000 0 0
1 1 1 b394f5947fc00000 0 0
1 1 1 459e09047fc00000 0 0
1 1 1 3391ab8aff800000 0 0
1 1 1 ce05b7367fc00000 0 0
1 1 1 495777697fc00000 0 0
1 1 1 bc02d7457fc00000 0 0
1 1 1 b81c289d7f800000 0 0
1 1 1 4dba17bcff800000 0 0
1 1 1 45c08cb77f800000 0 0
1 1 1 c9968536ff800000 0 0
1 1 1 bffb20ec7f800000 0 0
1 1 1 c8b358a77f800000 0 0
1 1 1 cb131ebc7f800000 0 0
1 1 1 cddcdd8fff800000 0 0
1 1 1 3da544267fc00000 0 0
1 1 1 31ad1c3d7fc00000 0 0
1 1 1 b17c01f1ff800000 0 0
1 1 1 44980c427f800000 0 0
1 1 1 43e04e6b7f800000 0 0
1 1 1 c3b185867fc00000 0 0
1 1 1 31c645427fc00000 0 0
1 1 1 32ab549dff800000 0 0
1 1 1 44dd78a67f800000 0 0
1 1 1 b19fd8787fc00000 0 0
1 1 1 c8de252c7fc00000 0 0
1 1 1 b15bd22b7fc00000 0 0
1 1 1 ba6756ec7f800000 0 0
1 1 1 3f1690b37f800000 0 0
1 1 1 bb384e28ff800000 0 0
1 1 1 cd4449677fc00000 0 0
1 1 1 485331daff800000 0 0
1 1 1 bf6ad950ff800000 0 0
1 1 1 4ab485677f800000 0 0
1 1 1 4aeb10697f800000 0 0
1 1 1 c0967946ff800000 0 0
1 1 1 3ff7cd597fc00000 0 0
1 1 1 338423f17fc00000 0 0
1 1 1 340b5b7c7fc00000 0 0
1 1 1 c2e413577f800000 0 0
1 1 1 cda8f9b47fc00000 0 0
1 1 1 cae59d14ff800000 0 0
1 1 1 402e7d797f800000 0 0
1 1 1 c884b0f4ff800000 0 0
1 1 1 4119e6eeff800000 0 0
1 1 1 4d7f51da7f800000 0 0
1 1 1 b474e8a47f800000 0 0
1 1 1 bc0751ee7f800000 0 0
1 1 1 4c3966107fc00000 0 0
1 1 1 3dd217e6ff800000 0 0
1 1 1 4ca300517fc00000 0 0
1 1 1 3e215525ff800000 0 0
1 1 1 374150dc7f800000 0 0
1 1 1 cab40bfd7f800000 0 0
1 1 1 bae0b29a7fc00000 0 0
1 1 1 4101bbcbff800000 0 0
1 1 1 b98c5a79ff800000 0 0
1 1 1 4af457b17fc00000 0 0
1 1 1 3fc720c7ff800000 0 0
1 1 1 c41b87d87f800000 0 0
1 1 1 35b259737fc00000 0 0
1 1 1 c88b1eb6ff800000 0 0
1 1 1 44a52ee6ff800000 0 0
1 1 1 3a15cfa67fc00000 0 0
1 1 1 b796f69e7f800000 0 0
1 1 1 4a1d388e7fc00000 0 0
1 1 1 35ffcf05ff800000 0 0
1 1 1 caa5ceb5ff800000 0 0
1 1 1 4ba186377f800000 0 0
1 1 1 4127d4167f800000 0 0
1 1 1 b38b9ed97f800000 0 0
1 1 1 4e5387e57f800000 0 0
1 1 1 bc761da77f800000 0 0
1 1 1 46a3a2e97fc00000 0 0
1 1 1 cb8a3f5d7fc00000 0 0
1 1 1 bfb6e3007fc00000 0 0
1 1 1 3cb96b98ff800000 0 0
1 1 1 cc0fc7097fc00000 0 0
1 1 1 45665e477fc00000 0 0
1 1 1 ca7ba98f7fc00000 0 0
1 1 1 ca4fe5e37f800000 0 0
1 1 1 356ba5b9ff800000 0 0
1 1 1 bda6064a7fc00000 0 0
1 1 1 c5fb74867f800000 0 0
1 1 1 36ccfe3f7fc00000 0 0
1 1 1 c45bb0dbff800000 0 0
1 1 1 3a22632c7f800000 0 0
1 1 1 c2be690f7fc00000 0 0
1 1 1 41f27b1a7fc00000 0 0
1 1 1 ce0a1e4bff800000 0 0
1 1 1 baba0af17fc00000 0 0
1 1 1 b5e868d47fc00000 0 0
1 1 1 414dbc6f7f800000 0 0
1 1 1 33e68dc47f800000 0 0
1 1 1 ca84ef0d7f800000 0 0
1 1 1 4803009e7f800000 0 0
1 1 1 4b395bcd7fc00000 0 0
1 1 1 c6e66a647fc00000 0 0
1 1 1 ba8f22b67fc00000 0 0
1 1 1 c50a8aca7f800000 0 0
1 1 1 31f1808cff800000 0 0
1 1 1 32b092ccff800000 0 0
1 1 1 3c521ec07fc00000 0 0
1 1 1 c16331a57fc00000 0 0
1 1 1 43477d1a7f800000 0 0
1 1 1 378d268e7fc00000 0 0
1 1 1 4489198cff800000 0 0
1 1 1 b8ebffd1ff800000 0 0
1 1 1 3cb8e1f17fc00000 0 0
1 1 1 b3c322f67fc00000 0 0
1 1 1 3497a7837fc00000 0 0
1 1 1 b1028361ff800000 0 0
1 1 1 b5cf4d937fc00000 0 0
1 1 1 cacd741d7fc00000 0 0
1 1 1 3a1b15f97fc00000 0 0
1 1 1 3d947bc6ff800000 0 0
1 1 1 b1b0eaa6ff800000 0 0
1 1 1 30d5862b7fc00000 0 0
1 1 1 bc0aeb897f800000 0 0
1 1 1 3332b4657fc00000 0 0
1 1 1 b11381477fc00000 0 0
1 1 1 b6753e287fc00000 0 0
1 1 1 cd8a4a7a7fc00000 0 0
1 1 1 bad0117d7f800000 0 0
1 1 1 c4d25b91ff800000 0 0
1 1 1 4c7c38c2ff800000 0 0
1 1 1 c9f412977fc00000 0 0
1 1 1 c9a3b2817f800000 0 0
1 1 1 43248bd97f800000 0 0
1 1 1 369561e37fc00000 0 0
1 1 1 c4f031867f800000 0 0
1 1 1 b16208377fc00000 0 0
1 1 1 374dd079ff800000 0 0
1 1 1 bedcc8127f800000 0 0
1 1 1 3fe27d7c7fc00000 0 0
1 1 1 bc8bdebcff800000 0 0
1 1 1 b49597fd7f800000 0 0
1 1 1 4dd58af17fc00000 0 0
1 1 1 b0df185aff800000 0 0
1 1 1 c28cf6e2ff800000 0 0
1 1 1 c5ee4e2c7fc00000 0 0
1 1 1 cea8e55c7fc00000 0 0
1 1 1 bb3e07b27f800000 0 0
1 1 1 46946cedff800000 0 0
1 1 1 cdf979f07fc00000 0 0
1 1 1 4e067710ff800000 0 0
1 1 1 3d98cc20ff800000 0 0
1 1 1 38f87c077f800000 0 0
1 1 1 369e94ba7fc00000 0 0
1 1 1 4080eafc7fc00000 0 0
1 1 1 4d953cd77fc00000 0 0
1 1 1 442a483d7fc00000 0 0
1 1 1 4d18dd29ff800000 0 0
1 1 1 bd583e137fc00000 0 0
1 1 1 bbd1d832ff800000 0 0
1 1 1 c78676697f800000 0 0
1 1 1 b28943a2ff800000 0 0
1 1 1 b40f9b0b7fc00000 0 0
1 1 1 b84c63047f800000 0 0
1 1 1 38d52b117fc00000 0 0
1 1 1 bb2f6c467f800000 0 0
1 1 1 35c6b5b87f800000 0 0
1 1 1 ca6f82967f800000 0 0
1 1 1 3aca041fff800000 0 0
1 1 1 3b3a875e7fc00000 0 0
1 1 1 c37024327fc00000 0 0
1 1 1 389da1be7f800000 0 0
1 1 1 32d94792ff800000 0 0
1 1 1 c7ce30897f800000 0 0
1 1 1 434f334fff800000 0 0
1 1 1 bf0dab627f800000 0 0
1 1 1 343fa5f97f800000 0 0
1 1 1 c3dc96eeff800000 0 0
1 1 1 3a8cef90ff800000 0 0
1 1 1 be2049137fc00000 0 0
1 1 1 b3d4f45dff800000 0 0
1 1 1 3c6781b17fc00000 0 0
1 1 1 c7b346507f800000 0 0
1 1 1 44854acfff800000 0 0
1 1 1 39a523db7f800000 0 0
1 1 1 b15691e37fc00000 0 0
1 1 1 4a675a847fc00000 0 0
1 1 1 43fffe227f800000 0 0
1 1 1 cd11119f7fc00000 0 0
1 1 1 cd79ce437fc00000 0 0
1 1 1 b5a5598eff800000 0 0
1 1 1 b52e0d8e7f800000 0 0
1 1 1 4ec9fe1bff800000 0 0
1 1 1 437c96d0ff800000 0 0
1 1 1 beb826677f800000 0 0
1 1 1 bcca2e54ff800000 0 0
1 1 1 3aa88ddb7fc00000 0 0
1 1 1 45b56703ff800000 0 0
1 1 1 4516ca0e7fc00000 0 0
1 1 1 40a270a1ff800000 0 0
1 1 1 3af879c4ff800000 0 0
1 1 1 b4fcc5c3ff800000 0 0
1 1 1 45cfe248ff800000 0 0
1 1 1 ccd5fcf57fc00000 0 0
1 1 1 3287cbbc7fc00000 0 0
1 1 1 ca7e701a7fc00000 0 0
1 1 1 46afd739ff800000 0 0
1 1 1 c8ddf8937f800000 0 0
1 1 1 c9bbddee7fc00000 0 0
1 1 1 38f5daa1ff800000 0 0
1 1 1 33da37f37fc00000 0 0
1 1 1 32264b2b7fc00000 0 0
1 1 1 402ebf997fc00000 0 0
1 1 1 3a006e0e7f800000 0 0
1 1 1 c883600d7f800000 0 0
1 1 1 bd1d7b32ff800000 0 0
1 1 1 ce9eb1317f800000 0 0
1 1 1 b5af44587fc00000 0 0
1 1 1 40d7b2a77f800000 0 0
1 1 1 46a5124a7fc00000 0 0
1 1 1 b96ab4167fc00000 0 0
1 1 1 ca472a07ff800000 0 0
1 1 1 38458df07f800000 0 0
1 1 1 b5c19a6d7fc00000 0 0
1 1 1 3ff06aeb7f800000 0 0
1 1 1 cd398d597f800000 0 0
1 1 1 3776b3907fc00000 0 0
1 1 1 3a129c90ff800000 0 0
1 1 1 bb0e7a51ff800000 0 0
1 1 1 c30f5ef87f800000 0 0
1 1 1 b27134727fc00000 0 0
1 1 1 b087bc00ff800000 0 0
1 1 1 b8cb05717f800000 0 0
1 1 1 469b0f8f7fc00000 0 0
1 1 1 c68b166eff800000 0 0
1 1 1 367cc439ff800000 0 0
1 1 1 b7f6099f7f800000 0 0
1 1 1 c06f02b7ff800000 0 0
1 1 1 44837405ff800000 0 0
1 1 1 b7b3a86cff800000 0 0
1 1 1 364231777f800000 0 0
1 1 1 3c66df197f800000 0 0
1 1 1 c2cb5d64ff800000 0 0
1 1 1 c49aadbeff800000 0 0
1 1 1 b841c4537fc00000 0 0
1 1 1 c208ae7c7fc00000 0 0
1 1 1 bcda3689ff800000 0 0
1 1 1 cc7ad5877fc00000 0 0
1 1 1 308ce9657fc00000 0 0
1 1 1 cb6250f47fc00000 0 0
1 1 1 cb19de60ff800000 0 0
1 1 1 381a5f1e7fc00000 0 0
1 1 1 39087f7aff800000 0 0
1 1 1 cb56a3faff800000 0 0
1 1 1 35f9d5da7f800000 0 0
1 1 1 baf9004b7fc00000 0 0
1 1 1 443a16b2ff800000 0 0
1 1 1 42e0b3d97fc00000 0 0
1 1 1 b9cc51c6ff800000 0 0
1 1 1 be3cee867f800000 0 0
1 1 1 4c067fbfff800000 0 0
1 1 1 4ecfeac17f800000 0 0
1 1 1 ba7b74f87f800000 0 0
1 1 1 bb71fc5c7f800000 0 0
1 1 1 cc3e93f37fc00000 0 0
1 1 1 b82dd5db7fc00000 0 0
1 1 1 3a9cc2a77f800000 0 0
1 1 1 34a50a517fc00000 0 0
1 1 1 b9678b1f7fc00000 0 0
1 1 1 c5b44061ff800000 0 0
1 1 1 b1a7dbdd7fc00000 0 0
1 1 1 c70869117f800000 0 0
1 1 1 4d43cc427f800000 0 0
1 1 1 48b74035ff800000 0 0
1 1 1 bec8124eff800000 0 0
1 1 1 4bc7277f7f800000 0 0
1 1 1 3799d1a5ff800000 0 0
1 1 1 448c8675ff800000 0 0
1 1 1 44d912bc7fc00000 0 0
1 1 1 4e4a35ffff800000 0 0
1 1 1 36fde4fa7f800000 0 0
1 1 1 44b7e35d7f800000 0 0
1 1 1 bd0aaf387fc00000 0 0
1 1 1 b689b2fb7f800000 0 0
1 1 1 36a115297fc00000 0 0
1 1 1 36e89d247fc00000 0 0
1 1 1 bb1cb726ff800000 0 0
1 1 1 4cb93d69ff800000 0 0
1 1 1 c009695e7f800000 0 0
1 1 1 3adfae537f800000 0 0
1 1 1 b72c918dff800000 0 0
1 1 1 45a72b83ff800000 0 0
1 1 1 b78001857fc00000 0 0
1 1 1 4d942cf8ff800000 0 0
1 1 1 36eef1f5ff800000 0 0
1 1 1 3b0f97537fc00000 0 0
1 1 1 cbcd37b77fc00000 0 0
1 1 1 bd1c627d7f800000 0 0
1 1 1 b9b3397aff800000 0 0
1 1 1 b2fb8aa07fc00000 0 0
1 1 1 c674a0e77f800000 0 0
1 1 1 4d7843fd7f800000 0 0
1 1 1 41d0c8b97f800000 0 0
1 1 1 4b590494ff800000 0 0
1 1 1 b28261c37f800000 0 0
1 1 1 c45ff6917fc00000 0 0
1 1 1 339c11fc7f800000 0 0
1 1 1 b5e6fbb57fc00000 0 0
1 1 1 49f5be197f800000 0 0
1 1 1 be4078e77f800000 0 0
1 1 1 cc94db217f800000 0 0
1 1 1 bb0e8a157fc00000 0 0
1 1 1 c3099ef5ff800000 0 0
1 1 1 b272dbc97fc00000 0 0
1 1 1 b31f9c4aff800000 0 0
1 1 1 43380d84ff800000 0 0
1 1 1 30c3ea5fff800000 0 0
1 1 1 4bce45bf7fc00000 0 0
1 1 1 bbf80ef9ff800000 0 0
1 1 1 472aa610ff800000 0 0
1 1 1 4e5d5387ff800000 0 0
1 1 1 4475a440ff800000 0 0
1 1 1 c66c74357fc00000 0 0
1 1 1 c5f3fc62ff800000 0 0
1 1 1 434781a87f800000 0 0
1 1 1 c71269097f800000 0 0
1 1 1 b256e6437fc00000 0 0
1 1 1 462a9b0e7fc00000 0 0
1 1 1 35b3af317f800000 0 0
1 1 1 3a86e2de7fc00000 0 0
1 1 1 c06ddb15ff800000 0 0
1 1 1 b9c031397f800000 0 0
1 1 1 c72a6d26ff800000 0 0
1 1 1 37c146a1ff800000 0 0
1 1 1 cb622fd8ff800000 0 0
1 1 1 323b7e5f7f800000 0 0
1 1 1 4d81f5957f800000 0 0
1 1 1 3492e8497f800000 0 0
1 1 1 4637bafa7f800000 0 0
1 1 1 b27121e07f800000 0 0
1 1 1 34f119307fc00000 0 0
1 1 1 c46deaf87f800000 0 0
1 1 1 cb0579f57f800000 0 0
1 1 1 46233d897f800000 0 0
1 1 1 3ba9104a7fc00000 0 0
1 1 1 b56477377fc00000 0 0
1 1 1 3797efc4ff800000 0 0
1 1 1 42177328ff800000 0 0
1 1 1 c3ef904f7f800000 0 0
1 1 1 428367237f800000 0 0
1 1 1 b3106eefff800000 0 0
1 1 1 48c52a117f800000 0 0
1 1 1 46f95d367f800000 0 0
1 1 1 b627d7917f800000 0 0
1 1 1 c197df397f800000 0 0
1 1 1 486ddb48ff800000 0 0
1 1 1 3f2bf972ff800000 0 0
1 1 1 bca2c587ff800000 0 0
1 1 1 baf263107fc00000 0 0
1 1 1 4ddcc0d27fc00000 0 0
1 1 1 3b02d45d7f800000 0 0
1 1 1 4c7a00c6ff800000 0 0
1 1 1 c07e7f3eff800000 0 0
1 1 1 c1d597927fc00000 0 0
1 1 1 c0614e6bff800000 0 0
1 1 1 c09db5d8ff800000 0 0
1 1 1 3a0e176cff800000 0 0
1 1 1 47ba6e497f800000 0 0
1 1 1 cde8253aff800000 0 0
1 1 1 c389d4dbff800000 0 0
1 1 1 49c404f57f800000 0 0
1 1 1 323ce76cff800000 0 0
1 1 1 47bd07777fc00000 0 0
1 1 1 3b2981b27f800000 0 0
1 1 1 4c9ca5377f800000 0 0
1 1 1 b0d9cf977fc00000 0 0
1 1 1 3197d1b97f800000 0 0
1 1 1 c35e1c317f800000 0 0
1 1 1 b63923baff800000 0 0
1 1 1 c9ea68e27fc00000 0 0
1 1 1 422252fd7f800000 0 0
1 1 1 38013d00ff800000 0 0
1 1 1 4516cb05ff800000 0 0
1 1 1 3b86de547f800000 0 0
1 1 1 3e615402ff800000 0 0
1 1 1 ce9918997fc00000 0 0
1 1 1 c08fa5aa7fc00000 0 0
1 1 1 3a78b30bff800000 0 0
1 1 1 c44b3a3e7fc00000 0 0
1 1 1 bf47a6d77f800000 0 0
1 1 1 495c9c6c7f800000 0 0
1 1 1 4585206b7fc00000 0 0
1 1 1 c2a236217f800000 0 0
1 1 1 cd37bc387f800000 0 0
1 1 1 bbd0e5957fc00000 0 0
1 1 1 3bde651d7fc00000 0 0
1 1 1 30c387bbff800000 0 0
1 1 1 c56b40447fc00000 0 0
1 1 1 3979259c7f800000 0 0
1 1 1 bb5cb37b7fc00000 0 0
1 1 1 c010ac7bff800000 0 0
1 1 1 bd4aa82f7f800000 0 0
1 1 1 bc7d0202ff800000 0 0
1 1 1 3ad8f7ebff800000 0 0
1 1 1 389f849e7fc00000 0 0
1 1 1 30a164657f800000 0 0
1 1 1 cc4bcde57fc00000 0 0
1 1 1 3e4292ba7f800000 0 0
1 1 1 bae49c6d7fc00000 0 0
1 1 1 c9c0039f7fc00000 0 0
1 1 1 b7afd7c37f800000 0 0
1 1 1 3b5088257f800000 0 0
1 1 1 c3419d417f800000 0 0
1 1 1 b949bde77fc00000 0 0
1 1 1 3f4d8c9d7f800000 0 0
1 1 1 be889ad27f800000 0 0
1 1 1 c681efc57f800000 0 0
1 1 1 446830a67fc00000 0 0
1 1 1 be5e150bff800000 0 0
1 1 1 4453897aff800000 0 0
1 1 1 4afcfee97fc00000 0 0
1 1 1 ca2ae0887f800000 0 0
1 1 1 c418f5b8ff800000 0 0
1 1 1 4089c5f5ff800000 0 0
1 1 1 4e50f49d7f800000 0 0
1 1 1 33b1e767ff800000 0 0
1 1 1 4b9899927f800000 0 0
1 1 1 47038c0d7f800000 0 0
1 1 1 c9e15321ff800000 0 0
1 1 1 bcc5212b7fc00000 0 0
1 1 1 b4a7e6bf7fc00000 0 0
1 1 1 bde248aaff800000 0 0
1 1 1 3da07b8f7f800000 0 0
1 1 1 b0db791d7f800000 0 0
1 1 1 34fbb6e7ff800000 0 0
1 1 1 32e7139a7fc00000 0 0
1 1 1 4daf7fefff800000 0 0
1 1 1 4b4ae8a6ff800000 0 0
1 1 1 4ab1a42aff800000 0 0
1 1 1 3b88a4c87f800000 0 0
1 1 1 b6efa1677f800000 0 0
1 1 1 ca8399e4ff800000 0 0
1 1 1 46c658c37fc00000 0 0
1 1 1 4719d5317f800000 0 0
1 1 1 cde5b8ac7fc00000 0 0
1 1 1 45fb39a0ff800000 0 0
1 1 1 3ce3e2d57f800000 0 0
1 1 1 c3925964ff800000 0 0
1 1 1 b7b28adf7fc00000 0 0
1 1 1 be61470f7fc00000 0 0
1 1 1 3468d3437fc00000 0 0
1 1 1 37413de67fc00000 0 0
1 1 1 476992057f800000 0 0
1 1 1 4dd91a027f800000 0 0
1 1 1 b3d69e1bff800000 0 0
1 1 1 319f8cde7f800000 0 0
1 1 1 3684578a7f800000 0 0
1 1 1 be8cd48d7fc00000 0 0
1 1 1 b3a243247f800000 0 0
1 1 1 caacd0e67f800000 0 0
1 1 1 4d6ef69e7f800000 0 0
1 1 1 3467ac1a7f800000 0 0
1 1 1 b0b2c9837fc00000 0 0
1 1 1 b4365e79ff800000 0 0
1 1 1 42570b667f800000 0 0
1 1 1 b160dccd7fc00000 0 0
1 1 1 35a44d997f800000 0 0
1 1 1 b9ebe29d7fc00000 0 0
1 1 1 434506247f800000 0 0
1 1 1 4881bd9cff800000 0 0
1 1 1 c1d4efbd7f800000 0 0
1 1 1 4acb1d0aff800000 0 0
1 1 1 3802ebff7fc00000 0 0
1 1 1 cee226d97f800000 0 0
1 1 1 b2732878ff800000 0 0
1 1 1 44c4153c7f800000 0 0
1 1 1 c18b21c3ff800000 0 0
1 1 1 c8a7b9c67f800000 0 0
1 1 1 c41e906c7f800000 0 0
1 1 1 402cb6c17fc00000 0 0
1 1 1 ce9628e3ff800000 0 0
1 1 1 bd22ba6f7f800000 0 0
1 1 1 368d6e097f800000 0 0
1 1 1 c61e8ada7f800000 0 0
1 1 1 420a2d797fc00000 0 0
1 1 1 be477cbb7f800000 0 0
1 1 1 bba81ef2ff800000 0 0
1 1 1 404a8288ff800000 0 0
1 1 1 c11c38447f800000 0 0
1 1 1 be50c4d67fc00000 0 0
1 1 1 3fadfdf97fc00000 0 0
1 1 1 3f23f5987fc00000 0 0
1 1 1 baf28d537fc00000 0 0
1 1 1 c478a714ff800000 0 0
1 1 1 4bc1e8b7ff800000 0 0
1 1 1 40c7a9b07fc00000 0 0
1 1 1 47176f89ff800000 0 0
1 1 1 b09f17b47f800000 0 0
1 1 1 4b5aeee8ff800000 0 0
1 1 1 cc43d6197fc00000 0 0
1 1 1 ba7b09a17fc00000 0 0
1 1 1 cb8adc5c7fc00000 0 0
1 1 1 bf09e3817f800000 0 0
1 1 1 b8d8f52e7fc00000 0 0
1 1 1 c67a64107fc00000 0 0
1 1 1 c974c95d7f800000 0 0
1 1 1 b8022c577fc00000 0 0
1 1 1 b41583c4ff800000 0 0
1 1 1 4d748d3dff800000 0 0
1 1 1 c274c86fff800000 0 0
1 1 1 35703db07f800000 0 0
1 1 1 c3b0d9f57f800000 0 0
1 1 1 b60b64b4ff800000 0 0
1 1 1 468d2e3c7fc00000 0 0
1 1 1 c478135d7fc00000 0 0
1 1 1 37027e89ff800000 0 0
1 1 1 3fc58f70ff800000 0 0
1 1 1 c0d0728aff800000 0 0
1 1 1 3a0707857f800000 0 0
1 1 1 47902f077f800000 0 0
1 1 1 b79434b07f800000 0 0
1 1 1 b6cb193d7fc00000 0 0
1 1 1 c7e3bd91ff800000 0 0
1 1 1 bd2b272a7fc00000 0 0
1 1 1 c2bd30387fc00000 0 0
1 1 1 3f4363457fc00000 0 0
1 1 1 c9ad75b87fc00000 0 0
1 1 1 cefa900a7fc00000 0 0
1 1 1 cd6b08d1ff800000 0 0
1 1 1 47bfad45ff800000 0 0
1 1 1 35fb48dfff800000 0 0
1 1 1 ca6293417fc00000 0 0
1 1 1 b59fc7fe7fc00000 0 0
1 1 1 49cb6e1eff800000 0 0
1 1 1 4a33fa4a7fc00000 0 0
1 1 1 b30883617fc00000 0 0
1 1 1 420e54c5ff800000 0 0
1 1 1 b47275a3ff800000 0 0
1 1 1 383169e07f800000 0 0
1 1 1 b775c6c9ff800000 0 0
1 1 1 ba2cca647f800000 0 0
1 1 1 4bd23315ff800000 0 0
1 1 1 c1215b277f800000 0 0
1 1 1 cc009e047f800000 0 0
1 1 1 43805d397f800000 0 0
1 1 1 b7c88aed7f800000 0 0
1 1 1 c26a686d7fc00000 0 0
1 1 1 3a24b2357f800000 0 0
1 1 1 cd6f57227f800000 0 0
1 1 1 36edb8d77fc00000 0 0
1 1 1 425efc22ff800000 0 0
1 1 1 336ec6e5ff800000 0 0
1 1 1 c0c11c9c7f800000 0 0
1 1 1 bed501217f800000 0 0
1 1 1 cdc255d2ff800000 0 0
1 1 1 b44a45647fc00000 0 0
1 1 1 bed813cd7fc00000 0 0
1 1 1 33899edeff800000 0 0
1 1 1 c95373f57f800000 0 0
1 1 1 c7f6d4197f800000 0 0
1 1 1 cc039758ff800000 0 0
1 1 1 35c8dac2ff800000 0 0
1 1 1 c2b0a512ff800000 0 0
1 1 1 44bbc1db7fc00000 0 0
1 1 1 30ee21d77fc00000 0 0
1 1 1 4e7db0e37f800000 0 0
1 1 1 c881f7d37fc00000 0 0
1 1 1 c8b52e22ff800000 0 0
1 1 1 4eb51792ff800000 0 0
1 1 1 c53c85087f800000 0 0
1 1 1 3efcbdd1ff800000 0 0
1 1 1 40d323927f800000 0 0
1 1 1 380dbf9f7f800000 0 0
1 1 1 35890e7bff800000 0 0
1 1 1 34c6fc147fc00000 0 0
1 1 1 bc5b3f767f800000 0 0
1 1 1 47394d077fc00000 0 0
1 1 1 461c8f4c7f800000 0 0
1 1 1 c49ed3e3ff800000 0 0
1 1 1 b8240cbb7fc00000 0 0
1 1 1 31f807adff800000 0 0
1 1 1 3b6d08897fc00000 0 0
1 1 1 b8bd58807f800000 0 0
1 1 1 45588f5aff800000 0 0
1 1 1 3de7b7fb7fc00000 0 0
1 1 1 4441463fff800000 0 0
1 1 1 3d54f6f87f800000 0 0
1 1 1 c4bcf8bd7fc00000 0 0
1 1 1 41c248c67fc00000 0 0
1 1 1 3da8b1a27fc00000 0 0
1 1 1 3599802f7fc00000 0 0
1 1 1 c134fe097f800000 0 0
1 1 1 34cc4610ff800000 0 0
1 1 1 b49104347fc00000 0 0
1 1 1 3e0c62ff7fc00000 0 0
1 1 1 bddf1efb7fc00000 0 0
1 1 1 3b43b7aaff800000 0 0
1 1 1 46b5bf3cff800000 0 0
1 1 1 4e5d6e577fc00000 0 0
1 1 1 414f8f7eff800000 0 0
1 1 1 c4bc53e67f800000 0 0
1 1 1 3d101b267f800000 0 0
1 1 1 318fd4f6ff800000 0 0
1 1 1 c65591daff800000 0 0
1 1 1 c5f50ebd7fc00000 0 0
1 1 1 bd3105847fc00000 0 0
1 1 1 31750f19ff800000 0 0
1 1 1 4b06e94dff800000 0 0
1 1 1 b4233b0dff800000 0 0
1 1 1 ca3847037f800000 0 0
1 1 1 38ee0deaff800000 0 0
1 1 1 c04141037fc00000 0 0
1 1 1 ccf574b27fc00000 0 0
1 1 1 4ce2531d7f800000 0 0
1 1 1 41a937c77f800000 0 0
1 1 1 ce4c3f7cff800000 0 0
1 1 1 452c60857fc00000 0 0
1 1 1 4810fc687f800000 0 0
1 1 1 4d2c572cff800000 0 0
1 1 1 c463d187ff800000 0 0
1 1 1 c7d0a89b7fc00000 0 0
1 1 1 c12d57ea7fc00000 0 0
1 1 1 bc520694ff800000 0 0
1 1 1 bfdbc4cdff800000 0 0
1 1 1 b9342be57fc00000 0 0
1 1 1 3176d09d7fc00000 0 0
1 1 1 38edaabaff800000 0 0
1 1 1 348116faff800000 0 0
1 1 1 49f18b617fc00000 0 0
1 1 1 356852327fc00000 0 0
1 1 1 33df6b447f800000 0 0
1 1 1 b3cd389c7f800000 0 0
1 1 1 bae642adff800000 0 0
1 1 1 4b5866137f800000 0 0
1 1 1 bdc430e4ff800000 0 0
1 1 1 4bc71ee17f800000 0 0
1 1 1 4084f98a7fc00000 0 0
1 1 1 44eb7f507fc00000 0 0
1 1 1 b6aecc4dff800000 0 0
1 1 1 b97ecbf7ff800000 0 0
1 1 1 4ac83ac47f800000 0 0
1 1 1 c0424b187f800000 0 0
1 1 1 35414ff47fc00000 0 0
1 1 1 46826e90ff800000 0 0
1 1 1 42bc3b8b7fc00000 0 0
1 1 1 3f0b0728ff800000 0 0
1 1 1 b76482457f800000 0 0
1 1 1 39d3fff57fc00000 0 0
1 1 1 495480f67fc00000 0 0
1 1 1 48cba81b7f800000 0 0
1 1 1 45b846677f800000 0 0
1 1 1 377bd00eff800000 0 0
1 1 1 c09bf1efff800000 0 0
1 1 1 3ccc00077fc00000 0 0
1 1 1 b0cd784c7fc00000 0 0
1 1 1 36ed28f67fc00000 0 0
1 1 1 c2b823a57f800000 0 0
1 1 1 b88c37fa7f800000 0 0
1 1 1 c7cf3b68ff800000 0 0
1 1 1 c80f88077f800000 0 0
1 1 1 3ec0bf0fff800000 0 0
1 1 1 bc89af6e7f800000 0 0
1 1 1 36feb57fff800000 0 0
1 1 1 c28e2c227fc00000 0 0
1 1 1 bad5e7df7f800000 0 0
1 1 1 36cbd4ab7f800000 0 0
1 1 1 402336407f800000 0 0
1 1 1 468122397f800000 0 0
1 1 1 3db2d51eff800000 0 0
1 1 1 3b4edf567f800000 0 0
1 1 1 43ef65f37f800000 0 0
1 1 1 3c056f06ff800000 0 0
1 1 1 c09232aaff800000 0 0
1 1 1 355fab3a7fc00000 0 0
1 1 1 c5d9b6957fc00000 0 0
1 1 1 325da5fe7f800000 0 0
1 1 1 35557cd47fc00000 0 0
1 1 1 b6407783ff800000 0 0
1 1 1 b830213eff800000 0 0
1 1 1 c1a11eae7fc00000 0 0
1 1 1 464f473cff800000 0 0
1 1 1 cdd501f47f800000 0 0
1 1 1 4c95213c7f800000 0 0
1 1 1 c1c27c2aff800000 0 0
1 1 1 33c1ea937f800000 0 0
1 1 1 c0c0d2cd7f800000 0 0
1 1 1 b4eafe7fff800000 0 0
1 1 1 35143a77ff800000 0 0
1 1 1 be6ed6c57fc00000 0 0
1 1 1 40e54eedff800000 0 0
1 1 1 405049707f800000 0 0
1 1 1 4241a0837f800000 0 0
1 1 1 b7a3f4a6ff800000 0 0
1 1 1 c0d587227f800000 0 0
1 1 1 42701ce97fc00000 0 0
1 1 1 c49a5b8aff800000 0 0
1 1 1 49edc8787f800000 0 0
1 1 1 c6c587e1ff800000 0 0
1 1 1 c61608307fc00000 0 0
1 1 1 40da6bec7f800000 0 0
1 1 1 3e655cd57f800000 0 0
1 1 1 ce6e15297fc00000 0 0
1 1 1 b8bcadf7ff800000 0 0
1 1 1 b95a07767f800000 0 0
1 1 1 b6e0d031ff800000 0 0
1 1 1 450871aa7fc00000 0 0
1 1 1 c6d9e0db7f800000 0 0
1 1 1 cc8154f07fc00000 0 0
1 1 1 429e1e86ff800000 0 0
1 1 1 c3f56547ff800000 0 0
1 1 1 c04200997f800000 0 0
1 1 1 3833b8bf7fc00000 0 0
1 1 1 bef06d5f7fc00000 0 0
1 1 1 38239c2e7f800000 0 0
1 1 1 36edb2f3ff800000 0 0
1 1 1 b0a23feeff800000 0 0
1 1 1 cdd1aa937f800000 0 0
1 1 1 bc62cceaff800000 0 0
1 1 1 3934bbfe7fc00000 0 0
1 1 1 490779577f800000 0 0
1 1 1 bf89f9827f800000 0 0
1 1 1 c56a5efaff800000 0 0
1 1 1 46dacc6d7fc00000 0 0
1 1 1 ce5f1b817f800000 0 0
1 1 1 36c4df457f800000 0 0
1 1 1 36ec08577fc00000 0 0
1 1 1 3392c494ff800000 0 0
1 1 1 b2852eef7f800000 0 0
1 1 1 472e47fa7fc00000 0 0
1 1 1 3cbe25a1ff800000 0 0
1 1 1 b82736ceff800000 0 0
1 1 1 b6b00dfcff800000 0 0
1 1 1 49d4fdf1ff800000 0 0
1 1 1 c385dff87fc00000 0 0
1 1 1 3e72c28aff800000 0 0
1 1 1 473ff1ba7f800000 0 0
1 1 1 c951a15bff800000 0 0
1 1 1 3cdbd752ff800000 0 0
1 1 1 39a5a32cff800000 0 0
1 1 1 b31c12e5ff800000 0 0
1 1 1 3580434eff800000 0 0
1 1 1 4e04f1c2ff800000 0 0
1 1 1 b20776d87fc00000 0 0
1 1 1 4bc1da5c7fc00000 0 0
1 1 1 cb0954967fc00000 0 0
1 1 1 cbba6b71ff800000 0 0
1 1 1 4d04c2d27fc00000 0 0
1 1 1 4e5208f17f800000 0 0
1 1 1 cb7507bfff800000 0 0
1 1 1 3c183b5f7f800000 0 0
1 1 1 4d51bedeff800000 0 0
1 1 1 47b215767fc00000 0 0
1 1 1 4392481eff800000 0 0
1 1 1 459d195d7fc00000 0 0
1 1 1 484d9a47ff800000 0 0
1 1 1 c4f381ebff800000 0 0
1 1 1 cad3acbc7fc00000 0 0
1 1 1 312a3a8f7fc00000 0 0
1 1 1 36c151ddff800000 0 0
1 1 1 3168ac69ff800000 0 0
1 1 1 4a9b4793ff800000 0 0
1 1 1 31ba1896ff800000 0 0
1 1 1 b1b85fae7f800000 0 0
1 1 1 b17835a8ff800000 0 0
1 1 1 cd07b7807fc00000 0 0
1 1 1 c4cc69037fc00000 0 0
1 1 1 45271063ff800000 0 0
1 1 1 c164320bff800000 0 0
1 1 1 bc789d45ff800000 0 0
1 1 1 be4a5c54ff800000 0 0
1 1 1 37ca6ab5ff800000 0 0
1 1 1 4373bc067f800000 0 0
1 1 1 c60cbe127fc00000 0 0
1 1 1 30f2e1bb7fc00000 0 0
1 1 1 48a458f77fc00000 0 0
1 1 1 bbd22ecdff800000 0 0
1 1 1 c10bdc437fc00000 0 0
1 1 1 3a834032ff800000 0 0
1 1 1 b684d23b7fc00000 0 0
1 1 1 bd0757cbff800000 0 0
1 1 1 352e2b097fc00000 0 0
1 1 1 30e91752ff800000 0 0
1 1 1 beb437997f800000 0 0
1 1 1 c22234e57fc00000 0 0
1 1 1 331b810cff800000 0 0
1 1 1 459ed9497fc00000 0 0
1 1 1 beb6113d7fc00000 0 0
1 1 1 449204047f800000 0 0
1 1 1 35880eafff800000 0 0
1 1 1 cdb8b5bc7fc00000 0 0
1 1 1 bd93e9997fc00000 0 0
1 1 1 b3628b057fc00000 0 0
1 1 1 b92bb0667fc00000 0 0
1 1 1 cb017ca97f800000 0 0
1 1 1 bb990e2b7f800000 0 0
1 1 1 c18c37c27f800000 0 0
1 1 1 be29b8e4ff800000 0 0
1 1 1 bcb092ca7fc00000 0 0
1 1 1 3d5ba7d07f800000 0 0
1 1 1 3716c0867fc00000 0 0
1 1 1 bc237106ff800000 0 0
1 1 1 3c8d8deaff800000 0 0
1 1 1 42de8e38ff800000 0 0
1 1 1 c69ee18b7f800000 0 0
1 1 1 3f09eefb7fc00000 0 0
1 1 1 3f4f4def7f800000 0 0
1 1 1 3560748cff800000 0 0
1 1 1 3b06cb817f800000 0 0
1 1 1 cd1ecc1e7f800000 0 0
1 1 1 caea27687fc00000 0 0
1 1 1 c637cf7cff800000 0 0
1 1 1 c72074c67fc00000 0 0
1 1 1 370b0932ff800000 0 0
1 1 1 49a080f77fc00000 0 0
1 1 1 b58a38687fc00000 0 0
1 1 1 35110c59ff800000 0 0
1 1 1 48f296107fc00000 0 0
1 1 1 c1c531d17fc00000 0 0
1 1 1 b7567e6f7fc00000 0 0
1 1 1 4d0b4189ff800000 0 0
1 1 1 452036617fc00000 0 0
1 1 1 32c09f897f800000 0 0
1 1 1 cd95fc63ff800000 0 0
1 1 1 bd47d6afff800000 0 0
1 1 1 bb735b6b7f800000 0 0
1 1 1 3bfc96a4ff800000 0 0
1 1 1 46c4c92b7f800000 0 0
1 1 1 b6f15df9ff800000 0 0
1 1 1 43c7608f7f800000 0 0
1 1 1 cc5218617f800000 0 0
1 1 1 3ecf1f3cff800000 0 0
1 1 1 b9e394547fc00000 0 0
1 1 1 3583e27dff800000 0 0
1 1 1 bcf70f807fc00000 0 0
1 1 1 34847a41ff800000 0 0
1 1 1 cec03a7d7fc00000 0 0
1 1 1 44adeaa87fc00000 0 0
1 1 1 492187e67fc00000 0 0
1 1 1 c3a406567f800000 0 0
1 1 1 c1140d16ff800000 0 0
1 1 1 4765263b7fc00000 0 0
1 1 1 bd97d8677fc00000 0 0
1 1 1 ba0742637fc00000 0 0
1 1 1 bf6bdcd27fc00000 0 0
1 1 1 3a6da0a37fc00000 0 0
1 1 1 b6b2bc67ff800000 0 0
1 1 1 3a8236047f800000 0 0
1 1 1 3925f7bb7f800000 0 0
1 1 1 c1131b547fc00000 0 0
1 1 1 3f7a5c817fc00000 0 0
1 1 1 cd76f7c57fc00000 0 0
1 1 1 3667c3377f800000 0 0
1 1 1 47991b2e7f800000 0 0
1 1 1 b0e57fb9ff800000 0 0
1 1 1 b30f42f07f800000 0 0
1 1 1 490ad5a17f800000 0 0
1 1 1 429d588d7fc00000 0 0
1 1 1 c1df4524ff800000 0 0
1 1 1 b3bbd1d07f800000 0 0
1 1 1 c6163c497f800000 0 0
1 1 1 cc3f5e207fc00000 0 0
1 1 1 4b8849237f800000 0 0
1 1 1 c5efdde87fc00000 0 0
1 1 1 bf2470377fc00000 0 0
1 1 1 c6d2d3f47f800000 0 0
1 1 1 4723d650ff800000 0 0
1 1 1 b3f8b2b07fc00000 0 0
1 1 1 b5faee267fc00000 0 0
1 1 1 329177ed7f800000 0 0
1 1 1 c5dbbd5b7f800000 0 0
1 1 1 3522105b7f800000 0 0
1 1 1 cb856471ff800000 0 0
1 1 1 4ce7106c7f800000 0 0
1 1 1 38fc3f367f800000 0 0
1 1 1 424c187f7f800000 0 0
1 1 1 c551f1a7ff800000 0 0
1 1 1 c791fd497f800000 0 0
1 1 1 4aae6be2ff800000 0 0
1 1 1 cec75a4b7f800000 0 0
1 1 1 46ee285b7f800000 0 0
1 1 1 3e35f0a37fc00000 0 0
1 1 1 c4aeb8757f800000 0 0
1 1 1 33e5db5e7fc00000 0 0
1 1 1 346abf727fc00000 0 0
1 1 1 ca97fc9c7fc00000 0 0
1 1 1 c9c832e57f800000 0 0
1 1 1 b4c549687f800000 0 0
1 1 1 41670c6a7f800000 0 0
1 1 1 36ea00257f800000 0 0
1 1 1 c3c621e5ff800000 0 0
1 1 1 3ef1806eff800000 0 0
1 1 1 b73e19667f800000 0 0
1 1 1 30f4d2a17f800000 0 0
1 1 1 3aceaa80ff800000 0 0
1 1 1 3e168d867f800000 0 0
1 1 1 33fde3dc7f800000 0 0
1 1 1 4802c95c7fc00000 0 0
1 1 1 43044f7f7f800000 0 0
1 1 1 4ba784907f800000 0 0
1 1 1 bfb8d3d87f800000 0 0
1 1 1 3ba3ae2b7f800000 0 0
1 1 1 3965f4da7f800000 0 0
1 1 1 cac958097f800000 0 0
1 1 1 3a302041ff800000 0 0
1 1 1 b52b9fc17fc00000 0 0
1 1 1 36e6ad43ff800000 0 0
1 1 1 30dd384f7f800000 0 0
1 1 1 c7a5c30b7f800000 0 0
1 1 1 bf7dd182ff800000 0 0
1 1 1 b27116e5ff800000 0 0
1 1 1 bc8d2514ff800000 0 0
1 1 1 42325424ff800000 0 0
1 1 1 c9d352a77fc00000 0 0
1 1 1 bb66dad87f800000 0 0
1 1 1 3bfc642e7fc00000 0 0
1 1 1 3755bad87fc00000 0 0
1 1 1 382e5f757f800000 0 0
1 1 1 ca210b797f800000 0 0
1 1 1 be2ddfec7fc00000 0 0
1 1 1 baa864867f800000 0 0
1 1 1 4b985181ff800000 0 0
1 1 1 3ad8b693ff800000 0 0
1 1 1 c3d04c967fc00000 0 0
1 1 1 bcfdf673ff800000 0 0
1 1 1 ba4a20d37fc00000 0 0
1 1 1 b9f231cf7f800000 0 0
1 1 1 42908d3fff800000 0 0
1 1 1 b82e44837f800000 0 0
1 1 1 3fb37b9b7f800000 0 0
1 1 1 3e5ba338ff800000 0 0
1 1 1 c90a4c4c7fc00000 0 0
1 1 1 4a1ec7de7f800000 0 0
1 1 1 3c9cf53c7f800000 0 0
1 1 1 32b1ab3a7f800000 0 0
1 1 1 c6fb05b07f800000 0 0
1 1 1 c5d0abbe7f800000 0 0
1 1 1 c73bf3d4ff800000 0 0
1 1 1 c30fd2477fc00000 0 0
1 1 1 37d135e47f800000 0 0
1 1 1 c4651afeff800000 0 0
1 1 1 c9d96ed8ff800000 0 0
1 1 1 b687cf6e7fc00000 0 0
1 1 1 3f9b2fa3ff800000 0 0
1 1 1 4299c5f47f800000 0 0
1 1 1 bee82806ff800000 0 0
1 1 1 456d556c7f800000 0 0
1 1 1 30caa3087fc00000 0 0
1 1 1 42d0dbc47fc00000 0 0
1 1 1 c1147a22ff800000 0 0
1 1 1 ce9396647fc00000 0 0
1 1 1 3789cba57fc00000 0 0
1 1 1 c1bd0bca7fc00000 0 0
1 1 1 474dc559ff800000 0 0
1 1 1 3ee412e2ff800000 0 0
1 1 1 45c1d9427fc00000 0 0
1 1 1 b8e10fe2ff800000 0 0
1 1 1 4ca5a25e7f800000 0 0
1 1 1 3e8e7bfc7f800000 0 0
1 1 1 35716198ff800000 0 0
1 1 1 cdbb4a52ff800000 0 0
1 1 1 335962157fc00000 0 0
1 1 1 4ad29951ff800000 0 0
1 1 1 bf23ff307f800000 0 0
1 1 1 ba96a02bff800000 0 0
1 1 1 34b780ed7f800000 0 0
1 1 1 b2b634efff800000 0 0
1 1 1 48611c907f800000 0 0
1 1 1 46c66c797f800000 0 0
1 1 1 45f543607f800000 0 0
1 1 1 426a95107fc00000 0 0
1 1 1 377ef2cd7f800000 0 0
1 1 1 371af9137fc00000 0 0
1 1 1 42d83d18ff800000 0 0
1 1 1 3e9e839a7fc00000 0 0
1 1 1 cd67c17cff800000 0 0
1 1 1 33cded6f7fc00000 0 0
1 1 1 bbe02817ff800000 0 0
1 1 1 326f2249ff800000 0 0
1 1 1 3649745d7f800000 0 0
1 1 1 bf16ac15ff800000 0 0
1 1 1 4204503f7fc00000 0 0
1 1 1 418571967fc00000 0 0
1 1 1 cbca10ba7fc00000 0 0
1 1 1 349d22deff800000 0 0
1 1 1 463ffe7aff800000 0 0
1 1 1 3184dbe47f800000 0 0
1 1 1 35142c7aff800000 0 0
1 1 1 3abd59fdff800000 0 0
1 1 1 476e60337fc00000 0 0
1 1 1 3b1e34a87f800000 0 0
1 1 1 b5bcb8fd7f800000 0 0
1 1 1 3131d0ff7f800000 0 0
1 1 1 42cb06f47f800000 0 0
1 1 1 b12e9e397f800000 0 0
1 1 1 4738d292ff800000 0 0
1 1 1 ba55b95f7f800000 0 0
1 1 1 b33e036f7fc00000 0 0
1 1 1 4e481258ff800000 0 0
1 1 1 b639ef6c7f800000 0 0
1 1 1 c50547737f800000 0 0
1 1 1 b76403277fc00000 0 0
1 1 1 b5355787ff800000 0 0
1 1 1 c911659bff800000 0 0
1 1 1 bfa2fcfb7fc00000 0 0
1 1 1 c13f97347f800000 0 0
1 1 1 495978737f800000 0 0
1 1 1 3919d25b7fc00000 0 0
1 1 1 b683fd467fc00000 0 0
1 1 1 3cc9d37c7f800000 0 0
1 1 1 c4692489ff800000 0 0
1 1 1 bbacdace7fc00000 0 0
1 1 1 b3731f0fff800000 0 0
1 1 1 36c7fcacff800000 0 0
1 1 1 bccb1b497fc00000 0 0
1 1 1 32e2b5507fc00000 0 0
1 1 1 3bb223be7fc00000 0 0
1 1 1 40d44df97f800000 0 0
1 1 1 40b1e68f7fc00000 0 0
1 1 1 4e26bf207f800000 0 0
1 1 1 3bd4c07bff800000 0 0
1 1 1 3f123ddb7f800000 0 0
1 1 1 3ccf6100ff800000 0 0
1 1 1 c78aeffb7f800000 0 0
1 1 1 4a9d2864ff800000 0 0
1 1 1 36a88c7aff800000 0 0
1 1 1 3a6165ba7f800000 0 0
1 1 1 b1351be4ff800000 0 0
1 1 1 4bf1b429ff800000 0 0
1 1 1 c8a61211ff800000 0 0
1 1 1 cb3489877f800000 0 0
1 1 1 ba59c5207fc00000 0 0
1 1 1 b22d6a56ff800000 0 0
1 1 1 c52b87787fc00000 0 0
1 1 1 49e0214d7fc00000 0 0
1 1 1 cd5833367f800000 0 0
1 1 1 30da8df3ff800000 0 0
1 1 1 44183749ff800000 0 0
1 1 1 be958f31ff800000 0 0
1 1 1 be96959eff800000 0 0
1 1 1 4c4e44027fc00000 0 0
1 1 1 bc8ae0c07f800000 0 0
1 1 1 cc3b50937fc00000 0 0
1 1 1 315c4a5f7fc00000 0 0
1 1 1 30ce9a867f800000 0 0
1 1 1 c9513b8c7f800000 0 0
1 1 1 b6f3898cff800000 0 0
1 1 1 b377ebcd7f800000 0 0
1 1 1 c3ac15d57f800000 0 0
1 1 1 4e10848fff800000 0 0
1 1 1 c86a30967f800000 0 0
1 1 1 c55960227fc00000 0 0
1 1 1 33994b717fc00000 0 0
1 1 1 b62cd72dff800000 0 0
1 1 1 44d3fc9f7fc00000 0 0
1 1 1 4b8155b77fc00000 0 0
1 1 1 46cf8f8d7fc00000 0 0
1 1 1 ba9b6ce47fc00000 0 0
1 1 1 4150de357fc00000 0 0
1 1 1 b8ffc9747f800000 0 0
1 1 1 c0e562d5ff800000 0 0
1 1 1 b2d7bab27f800000 0 0
1 1 1 b9b51dc57fc00000 0 0
1 1 1 4a296b497fc00000 0 0
1 1 1 cd447c5c7fc00000 0 0
1 1 1 cded76afff800000 0 0
1 1 1 c6752db2ff800000 0 0
1 1 1 b0fa25027f800000 0 0
1 1 1 44258fdc7fc00000 0 0
1 1 1 bf3c19c47f800000 0 0
1 1 1 384afddaff800000 0 0
1 1 1 41a3f2237fc00000 0 0
1 1 1 b47166e4ff800000 0 0
1 1 1 c52934e87fc00000 0 0
1 1 1 4cfd10c57f800000 0 0
1 1 1 ba980ef47fc00000 0 0
1 1 1 4d1c923a7fc00000 0 0
1 1 1 4db48e3f7f800000 0 0
1 1 1 3e294a2e7f800000 0 0
1 1 1 c873647c7f800000 0 0
1 1 1 3f66609a7fc00000 0 0
1 1 1 be4539657f800000 0 0
1 1 1 b26037bd7f800000 0 0
1 1 1 b503ab877f800000 0 0
1 1 1 c56101fc7fc00000 0 0
1 1 1 431e69ea7fc00000 0 0
1 1 1 c61fd0b1ff800000 0 0
1 1 1 470790fa7f800000 0 0
1 1 1 c9cfb470ff800000 0 0
1 1 1 c399f5bb7fc00000 0 0
1 1 1 bc7386097fc00000 0 0
1 1 1 3f370dda7f800000 0 0
1 1 1 40a823047f800000 0 0
1 1 1 c038581e7f800000 0 0
1 1 1 ce4bb62e7f800000 0 0
1 1 1 cb8c2f617fc00000 0 0
1 1 1 b3f32e0cff800000 0 0
1 1 1 c9096c257fc00000 0 0
1 1 1 3ca8953b7fc00000 0 0
1 1 1 3a0eb80e7f800000 0 0
1 1 1 c156584fff800000 0 0
1 1 1 34166a8fff800000 0 0
1 1 1 b6a86e827f800000 0 0
1 1 1 48dd31617f800000 0 0
1 1 1 be259663ff800000 0 0
1 1 1 3d6f6fb7ff800000 0 0
1 1 1 4e6176787f800000 0 0
1 1 1 47ce34ceff800000 0 0
1 1 1 3ad5c9b97fc00000 0 0
1 1 1 b18ca7d67fc00000 0 0
1 1 1 bf392756ff800000 0 0
1 1 1 b5a15b987fc00000 0 0
1 1 1 32d9d9097f800000 0 0
1 1 1 4e17db447fc00000 0 0
1 1 1 3e64e2677f800000 0 0
1 1 1 b734a4c5ff800000 0 0
1 1 1 4ec779547fc00000 0 0
1 1 1 ce333b1b7f800000 0 0
1 1 1 345ba87cff800000 0 0
1 1 1 44a3a60a7f800000 0 0
1 1 1 4ec7f96c7f800000 0 0
1 1 1 4ea5b4f37fc00000 0 0
1 1 1 b6da8c397f800000 0 0
1 1 1 38e28404ff800000 0 0
1 1 1 4be20c6b7f800000 0 0
1 1 1 33da6097ff800000 0 0
1 1 1 3f4370437fc00000 0 0
1 1 1 ce72d6aa7f800000 0 0
1 1 1 3ff2b46e7fc00000 0 0
1 1 1 365f91d17f800000 0 0
1 1 1 3c38d0be7f800000 0 0
1 1 1 4a5cccc5ff800000 0 0
1 1 1 3619f0147f800000 0 0
1 1 1 b09af36aff800000 0 0
1 1 1 bd81e1767f800000 0 0
1 1 1 c6132fceff800000 0 0
1 1 1 4a27a78c7f800000 0 0
1 1 1 4dcd187b7fc00000 0 0
1 1 1 c90ca233ff800000 0 0
1 1 1 b9cc7f3eff800000 0 0
1 1 1 357ef65eff800000 0 0
1 1 1 b95eaed17f800000 0 0
1 1 1 cd55c6ccff800000 0 0
1 1 1 ce8ceae9ff800000 0 0
1 1 1 33232acfff800000 0 0
1 1 1 30cd0bc0ff800000 0 0
1 1 1 b230f2be7f800000 0 0
1 1 1 bca10c2eff800000 0 0
1 1 1 38801a06ff800000 0 0
1 1 1 41d8b20aff800000 0 0
1 1 1 bb477e1c7f800000 0 0
1 1 1 bf3d63017fc00000 0 0
1 1 1 4be874457fc00000 0 0
1 1 1 32ec77217fc00000 0 0
1 1 1 c9d422d37f800000 0 0
1 1 1 4c8e92aa7fc00000 0 0
1 1 1 c86c24067f800000 0 0
1 1 1 cc9647ff7fc00000 0 0
1 1 1 3267b1e97f800000 0 0
1 1 1 4b261a677fc00000 0 0
1 1 1 48834ecfff800000 0 0
1 1 1 c19fb228ff800000 0 0
1 1 1 ce71af137fc00000 0 0
1 1 1 4b0550c87fc00000 0 0
1 1 1 48a42ead7fc00000 0 0
1 1 1 c01ab69c7fc00000 0 0
1 1 1 4d55d3d57fc00000 0 0
1 1 1 4581d426ff800000 0 0
1 1 1 40e81cc8ff800000 0 0
1 1 1 49de8f0f7f800000 0 0
1 1 1 c29cb3afff800000 0 0
1 1 1 bc680cbf7f800000 0 0
1 1 1 33747e077fc00000 0 0
1 1 1 b8261d9c7f800000 0 0
1 1 1 496c19cbff800000 0 0
1 1 1 35f0de067f800000 0 0
1 1 1 c29a95ca7f800000 0 0
1 1 1 3c5feb817fc00000 0 0
1 1 1 30d564e8ff800000 0 0
1 1 1 beb041ccff800000 0 0
1 1 1 4774e2067fc00000 0 0
1 1 1 386396d77fc00000 0 0
1 1 1 b3e1cbd3ff800000 0 0
1 1 1 30d0fec9ff800000 0 0
1 1 1 b3fba6727fc00000 0 0
1 1 1 3d0852b87fc00000 0 0
1 1 1 371d6fafff800000 0 0
1 1 1 bd0024c1ff800000 0 0
1 1 1 ca3d02eeff800000 0 0
1 1 1 c2f894087fc00000 0 0
1 1 1 37efbb04ff800000 0 0
1 1 1 35c250957fc00000 0 0
1 1 1 48574ae47f800000 0 0
1 1 1 38e36b1bff800000 0 0
1 1 1 3b9c8c357fc00000 0 0
1 1 1 bf1f2a4d7fc00000 0 0
1 1 1 388e1ec17f800000 0 0
1 1 1 ca3c293c7f800000 0 0
1 1 1 39c3f2397fc00000 0 0
1 1 1 4948613b7fc00000 0 0
1 1 1 3b255d477fc00000 0 0
1 1 1 cb9ec0047f800000 0 0
1 1 1 34f02b1e7f800000 0 0
1 1 1 c41d6abb7fc00000 0 0
1 1 1 ce0a5181ff800000 0 0
1 1 1 399b67697f800000 0 0
1 1 1 cd3488ff7f800000 0 0
1 1 1 b12519bfff800000 0 0
1 1 1 b2fdde9f7fc00000 0 0
1 1 1 c9f4a1817fc00000 0 0
1 1 1 bf2fb6ea7fc00000 0 0
1 1 1 4b0a126b7f800000 0 0
1 1 1 b5f34e2c7fc00000 0 0
1 1 1 c499bc427f800000 0 0
1 1 1 c19c8a96ff800000 0 0
1 1 1 c6c9387a7fc00000 0 0
1 1 1 bbf6470aff800000 0 0
1 1 1 b38b38a6ff800000 0 0
1 1 1 409efedeff800000 0 0
1 1 1 ce2e6a6bff800000 0 0
1 1 1 be614ced7f800000 0 0
1 1 1 c714833bff800000 0 0
1 1 1 c9e3fad6ff800000 0 0
1 1 1 cca6d29d7fc00000 0 0
1 1 1 c8013e907fc00000 0 0
1 1 1 3ddb0bb27fc00000 0 0
1 1 1 3a96045a7fc00000 0 0
1 1 1 c6ee41edff800000 0 0
1 1 1 cc0872807fc00000 0 0
1 1 1 4e21d6977fc00000 0 0
1 1 1 3e88662cff800000 0 0
1 1 1 bc7f3a277fc00000 0 0
1 1 1 327529c4ff800000 0 0
1 1 1 cd6ba4447f800000 0 0
1 1 1 b8b5c57dff800000 0 0
1 1 1 c5aa84a6ff800000 0 0
1 1 1 b1a0a02cff800000 0 0
1 1 1 bdbb0a4cff800000 0 0
1 1 1 3a62c2acff800000 0 0
1 1 1 bd776472ff800000 0 0
1 1 1 bb61a90dff800000 0 0
1 1 1 380eb5fcff800000 0 0
1 1 1 cca905037f800000 0 0
1 1 1 c38b78157fc00000 0 0
1 1 1 c63c4f3f7f800000 0 0
1 1 1 44a433cd7f800000 0 0
1 1 1 3a0550897fc00000 0 0
1 1 1 caaeecb9ff800000 0 0
1 1 1 b9b4c7cc7fc00000 0 0
1 1 1 cd2901f47fc00000 0 0
1 1 1 43c80f607f800000 0 0
1 1 1 b1383f8dff800000 0 0
1 1 1 3b9cb254ff800000 0 0
1 1 1 c307e8867fc00000 0 0
1 1 1 4245cec9ff800000 0 0
1 1 1 3bf8623dff800000 0 0
1 1 1 c8ffff727f800000 0 0
1 1 1 c7d78a8b7f800000 0 0
1 1 1 cb6881047fc00000 0 0
1 1 1 cb4cc6527f800000 0 0
1 1 1 4cdd84b67f800000 0 0
1 1 1 c4e1f7837fc00000 0 0
1 1 1 c94299dc7f800000 0 0
1 1 1 bc1e75fe7f800000 0 0
1 1 1 b606d010ff800000 0 0
1 1 1 45168d68ff800000 0 0
1 1 1 4ee9398d7fc00000 0 0
1 1 1 ce8c2c147f800000 0 0
1 1 1 31010e277f800000 0 0
1 1 1 b31858427fc00000 0 0
1 1 1 408ebbb1ff800000 0 0
1 1 1 4a1626477f800000 0 0
1 1 1 cea7a56fff800000 0 0
1 1 1 36edfffd7f800000 0 0
1 1 1 43b8d83c7fc00000 0 0
1 1 1 43fc5f567f800000 0 0
1 1 1 b33e362f7fc00000 0 0
1 1 1 32ee62307fc00000 0 0
1 1 1 b576167e7fc00000 0 0
1 1 1 3d0e03187fc00000 0 0
1 1 1 451da4fb7fc00000 0 0
1 1 1 3957be187fc00000 0 0
1 1 1 3d89576a7fc00000 0 0
1 1 1 c98b2f9f7f800000 0 0
1 1 1 46cd4d867f800000 0 0
1 1 1 39acd0e97fc00000 0 0
1 1 1 bfb404287fc00000 0 0
1 1 1 34dfb7c57f800000 0 0
1 1 1 438beb35ff800000 0 0
1 1 1 3aa9605dff800000 0 0
1 1 1 b403340e7f800000 0 0
1 1 1 cbacbda37f800000 0 0
1 1 1 b1916b117fc00000 0 0
1 1 1 4afb59ec7fc00000 0 0
1 1 1 4daa26acff800000 0 0
1 1 1 403bef75ff800000 0 0
1 1 1 3c8dce7a7fc00000 0 0
1 1 1 47a519ebff800000 0 0
1 1 1 3c81c8f4ff800000 0 0
1 1 1 45cbaa027fc00000 0 0
1 1 1 3c94ae04ff800000 0 0
1 1 1 c701f9a77fc00000 0 0
1 1 1 cd46d7f3ff800000 0 0
1 1 1 cdaa59f47f800000 0 0
1 1 1 c4c461e97fc00000 0 0
1 1 1 b2c947f2ff800000 0 0
1 1 1 4ba8faf9ff800000 0 0
1 1 1 c4480c39ff800000 0 0
1 1 1 4e411f957f800000 0 0
1 1 1 3e222d04ff800000 0 0
1 1 1 cdc88402ff800000 0 0
1 1 1 3e61eca37f800000 0 0
1 1 1 382d6590ff800000 0 0
1 1 1 3769493e7fc00000 0 0
1 1 1 4375e8757f800000 0 0
1 1 1 441f04297fc00000 0 0
1 1 1 cabe12f37f800000 0 0
1 1 1 b9898c557fc00000 0 0
1 1 1 4264468c7fc00000 0 0
1 1 1 c23c77d47fc00000 0 0
1 1 1 3cc4f047ff800000 0 0
1 1 1 3aa396a3ff800000 0 0
1 1 1 b2b695777f800000 0 0
1 1 1 49c2722c7f800000 0 0
1 1 1 4215c5ed7f800000 0 0
1 1 1 3aceeb72ff800000 0 0
1 1 1 c90a7078ff800000 0 0
1 1 1 378f676e7fc00000 0 0
1 1 1 c1a86f507fc00000 0 0
1 1 1 425c2b497fc00000 0 0
1 1 1 c1283dd67fc00000 0 0
1 1 1 47a6a016ff800000 0 0
1 1 1 3377b951ff800000 0 0
1 1 1 44df65897f800000 0 0
1 1 1 ccf6a1517fc00000 0 0
1 1 1 32114c517fc00000 0 0
1 1 1 c214768bff800000 0 0
1 1 1 4973896d7fc00000 0 0
1 1 1 3964ffb6ff800000 0 0
1 1 1 33c67d4f7f800000 0 0
1 1 1 43f720aaff800000 0 0
1 1 1 b3ec36dc7fc00000 0 0
1 1 1 46dc5d4aff800000 0 0
1 1 1 c37e97b47fc00000 0 0
1 1 1 c0b8422f7fc00000 0 0
1 1 1 b7f46107ff800000 0 0
1 1 1 4a6624f9ff800000 0 0
1 1 1 37ca3368ff800000 0 0
1 1 1 3763fd40ff800000 0 0
1 1 1 c405060bff800000 0 0
1 1 1 44029a197fc00000 0 0
1 1 1 3375493bff800000 0 0
1 1 1 cbb4d40bff800000 0 0
1 1 1 ca23ceb37fc00000 0 0
1 1 1 3fb91dc4ff800000 0 0
1 1 1 44b2c5e77f800000 0 0
1 1 1 47dac6167fc00000 0 0
1 1 1 3fb452467fc00000 0 0
1 1 1 ba9cb79b7f800000 0 0
1 1 1 30baecd2ff800000 0 0
1 1 1 4c74685fff800000 0 0
1 1 1 b285b3c3ff800000 0 0
1 1 1 44fd488aff800000 0 0
1 1 1 43805c4c7f800000 0 0
1 1 1 b80d30c17fc00000 0 0
1 1 1 b8fac2277fc00000 0 0
1 1 1 bcef2c987f800000 0 0
1 1 1 484fe83bff800000 0 0
1 1 1 b9189ab8ff800000 0 0
1 1 1 c7a174887f800000 0 0
1 1 1 3f51429a7fc00000 0 0
1 1 1 30d96aca7fc00000 0 0
1 1 1 c76547e3ff800000 0 0
1 1 1 b92f39e6ff800000 0 0
1 1 1 470fdc6a7f800000 0 0
1 1 1 b2ecb094ff800000 0 0
1 1 1 35584f3aff800000 0 0
1 1 1 c9a01591ff800000 0 0
1 1 1 c562f5c9ff800000 0 0
1 1 1 b5652b2bff800000 0 0
1 1 1 3f991fe07f800000 0 0
1 1 1 c49c047eff800000 0 0
1 1 1 3ab0eecc7fc00000 0 0
1 1 1 385dc04b7fc00000 0 0
1 1 1 c4167a0d7f800000 0 0
1 1 1 4b0fec897fc00000 0 0
1 1 1 bf5825ea7f800000 0 0
1 1 1 b8fea2cc7f800000 0 0
1 1 1 4159d48cff800000 0 0
1 1 1 36b8ebaaff800000 0 0
1 1 1 b24fa5827f800000 0 0
1 1 1 cb4424be7f800000 0 0
1 1 1 4585c4ed7f800000 0 0
1 1 1 b2729f5b7fc00000 0 0
1 1 1 b727075bff800000 0 0
1 1 1 ca60de47ff800000 0 0
1 1 1 b59894c3ff800000 0 0
1 1 1 422e8b0bff800000 0 0
1 1 1 c7615f037fc00000 0 0
1 1 1 cabb632b7f800000 0 0
1 1 1 3de0c8f27f800000 0 0
1 1 1 b43f01a47fc00000 0 0
1 1 1 bc6fc7b2ff800000 0 0
1 1 1 3ef45aeaff800000 0 0
1 1 1 3775e9aa7fc00000 0 0
1 1 1 cd418e707fc00000 0 0
1 1 1 bb90a581ff800000 0 0
1 1 1 34812f7f7fc00000 0 0
1 1 1 350542157f800000 0 0
1 1 1 3be2f6a97f800000 0 0
1 1 1 cc139593ff800000 0 0
1 1 1 c89ff9127f800000 0 0
1 1 1 3617db8bff800000 0 0
1 1 1 c43014eb7f800000 0 0
1 1 1 b62909347fc00000 0 0
1 1 1 47159e687fc00000 0 0
1 1 1 3a8e9f667fc00000 0 0
1 1 1 be08e3b57f800000 0 0
1 1 1 b3733e797f800000 0 0
1 1 1 c32ef5f8ff800000 0 0
1 1 1 c17ad4a5ff800000 0 0
1 1 1 c1b563ab7fc00000 0 0
1 1 1 c519a291ff800000 0 0
1 1 1 b5a85411ff800000 0 0
1 1 1 395b86607f800000 0 0
1 1 1 4ec5ed8aff800000 0 0
1 1 1 4363ac657fc00000 0 0
1 1 1 4345c9b8ff800000 0 0
1 1 1 39a6a87aff800000 0 0
1 1 1 4cbb14007fc00000 0 0
1 1 1 c2ea4e62ff800000 0 0
1 1 1 ce648cd8ff800000 0 0
1 1 1 bb9937f67f800000 0 0
1 1 1 415b4390ff800000 0 0
1 1 1 3d282e68ff800000 0 0
1 1 1 3da3a1477fc00000 0 0
1 1 1 b8d4da667fc00000 0 0
1 1 1 b1d789607f800000 0 0
1 1 1 478b690eff800000 0 0
1 1 1 c3e1b559ff800000 0 0
1 1 1 c7bb66cf7f800000 0 0
1 1 1 4acfbee8ff800000 0 0
1 1 1 bd904e0e7fc00000 0 0
1 1 1 c165ee377f800000 0 0
1 1 1 44edc8177fc00000 0 0
1 1 1 37c4927b7f800000 0 0
1 1 1 43386348ff800000 0 0
1 1 1 3aecbedf7fc00000 0 0
1 1 1 ca11ba027f800000 0 0
1 1 1 c34fda1aff800000 0 0
1 1 1 b5136ee0ff800000 0 0
1 1 1 c448c4147fc00000 0 0
1 1 1 41359f787fc00000 0 0
1 1 1 3e4287f47fc00000 0 0
1 1 1 3ae3b0577f800000 0 0
1 1 1 449e7d137f800000 0 0
1 1 1 4b5cd885ff800000 0 0
1 1 1 4d946312ff800000 0 0
1 1 1 b0bd6684ff800000 0 0
1 1 1 49cf2bf27fc00000 0 0
1 1 1 415090c87fc00000 0 0
1 1 1 ceec8e767f800000 0 0
1 1 1 3719732d7fc00000 0 0
1 1 1 c4ba0ad8ff800000 0 0
1 1 1 b39cf5a77f800000 0 0
1 1 1 b0e5ad5fff800000 0 0
1 1 1 c541a2467f800000 0 0
1 1 1 484b11607f800000 0 0
1 1 1 b552faba7fc00000 0 0
1 1 1 c31691eb7f800000 0 0
1 1 1 42e12b7c7f800000 0 0
1 1 1 bf41bc517fc00000 0 0
1 1 1 cb6f25f67fc00000 0 0
1 1 1 c3f5eaa17fc00000 0 0
1 1 1 460bf8cd7fc00000 0 0
1 1 1 bd92c33fff800000 0 0
1 1 1 43117cce7f800000 0 0
1 1 1 bd5ccae67f800000 0 0
1 1 1 b80065c3ff800000 0 0
1 1 1 4d7555217fc00000 0 0
1 1 1 b3c0e99bff800000 0 0
1 1 1 bfa360827f800000 0 0
1 1 1 49b575a8ff800000 0 0
1 1 1 4e8d0289ff800000 0 0
1 1 1 373c72cbff800000 0 0
1 1 1 3449c0b47fc00000 0 0
1 1 1 4177f85fff800000 0 0
1 1 1 bf320d37ff800000 0 0
1 1 1 3b815ac27f800000 0 0
1 1 1 cb863a5aff800000 0 0
1 1 1 cd8c6ebe7fc00000 0 0
1 1 1 326e18e47f800000 0 0
1 1 1 be87ba0fff800000 0 0
1 1 1 4042b7487fc00000 0 0
1 1 1 bd4409427fc00000 0 0
1 1 1 3a1ae5097f800000 0 0
1 1 1 31ea80327f800000 0 0
1 1 1 3d1c563e7fc00000 0 0
1 1 1 c2093faf7f800000 0 0
1 1 1 3e9aa4d87fc00000 0 0
1 1 1 b63b877eff800000 0 0
1 1 1 c03c20c87fc00000 0 0
1 1 1 365562967f800000 0 0
1 1 1 c4025bf07f800000 0 0
1 1 1 cd09390d7f800000 0 0
1 1 1 c4e2b366ff800000 0 0
1 1 1 b30a73717f800000 0 0
1 1 1 49a3cd1bff800000 0 0
1 1 1 395479707fc00000 0 0
1 1 1 bf5ef6fc7fc00000 0 0
1 1 1 3a6bdfdb7f800000 0 0
1 1 1 44b12b257fc00000 0 0
1 1 1 bd32f77e7fc00000 0 0
1 1 1 be9ebf96ff800000 0 0
1 1 1 4797a4277fc00000 0 0
1 1 1 ce17d8cb7f800000 0 0
1 1 1 43a65a64ff800000 0 0
1 1 1 4b5fd9f57fc00000 0 0
1 1 1 33d45c307fc00000 0 0
1 1 1 b5f87213ff800000 0 0
1 1 1 4159ada5ff800000 0 0
1 1 1 bacb729f7fc00000 0 0
1 1 1 4eece313ff800000 0 0
1 1 1 30eefe0f7f800000 0 0
1 1 1 4eaada577f800000 0 0
1 1 1 42fce2587fc00000 0 0
1 1 1 4076007f7f800000 0 0
1 1 1 b2b91c3eff800000 0 0
1 1 1 c45dd76fff800000 0 0
1 1 1 c9992c4f7f800000 0 0
1 1 1 3eabfc847f800000 0 0
1 1 1 c8d96c207fc00000 0 0
1 1 1 4ddc58737f800000 0 0
1 1 1 bf130b757fc00000 0 0
1 1 1 c6f0b8fe7fc00000 0 0
1 1 1 b81ba7ea7fc00000 0 0
1 1 1 c3c68f6dff800000 0 0
1 1 1 ccd7f9787fc00000 0 0
1 1 1 46d7dbce7f800000 0 0
1 1 1 bd4a7f277f800000 0 0
1 1 1 cd34add37f800000 0 0
1 1 1 4a8cd11f7f800000 0 0
1 1 1 34514f2d7f800000 0 0
1 1 1 ba5bd31e7f800000 0 0
1 1 1 465c9c5dff800000 0 0
1 1 1 ba4ba734ff800000 0 0
1 1 1 3344ff85ff800000 0 0
1 1 1 37f8c057ff800000 0 0
1 1 1 3858a4bf7fc00000 0 0
1 1 1 45d6c4327f800000 0 0
1 1 1 c81b4d3e7f800000 0 0
1 1 1 bea419d77fc00000 0 0
1 1 1 b14b12147f800000 0 0
1 1 1 cc4b9533ff800000 0 0
1 1 1 b2c9265a7fc00000 0 0
1 1 1 4c68724f7fc00000 0 0
1 1 1 b2e7c84d7f800000 0 0
1 1 1 33f5027a7f800000 0 0
1 1 1 49eea8f27f800000 0 0
1 1 1 32462cb27f800000 0 0
1 1 1 bb579a327f800000 0 0
1 1 1 436dd652ff800000 0 0
1 1 1 32fa83b17fc00000 0 0
1 1 1 c03e5138ff800000 0 0
1 1 1 c552779dff800000 0 0
1 1 1 c14ef77b7f800000 0 0
1 1 1 c9a53023ff800000 0 0
1 1 1 32f21526ff800000 0 0
1 1 1 b8c20553ff800000 0 0
1 1 1 36add33b7fc00000 0 0
1 1 1 bdb8975f7fc00000 0 0
1 1 1 418d57ac7fc00000 0 0
1 1 1 cbd16ded7f800000 0 0
1 1 1 493c9ceb7fc00000 0 0
1 1 1 b198f1727f800000 0 0
1 1 1 40b516b8ff800000 0 0
1 1 1 c4acadb37fc00000 0 0
1 1 1 44ca75717f800000 0 0
1 1 1 b63ebac9ff800000 0 0
1 1 1 3585393dff800000 0 0
1 1 1 3cd4d6737f800000 0 0
1 1 1 b4377828ff800000 0 0
1 1 1 b548f685ff800000 0 0
1 1 1 c7a136ef7f800000 0 0
1 1 1 cddf9a21ff800000 0 0
1 1 1 466737db7f800000 0 0
1 1 1 422fc7437fc00000 0 0
1 1 1 c75eb07eff800000 0 0
1 1 1 45256265ff800000 0 0
1 1 1 3e0ca791ff800000 0 0
1 1 1 b9d775507f800000 0 0
1 1 1 cc1b1c2cff800000 0 0
1 1 1 b6900d1b7fc00000 0 0
1 1 1 be269da8ff800000 0 0
1 1 1 450a1846ff800000 0 0
1 1 1 c955809bff800000 0 0
1 1 1 395a981aff800000 0 0
1 1 1 b41f8f4c7fc00000 0 0
1 1 1 38a85ebb7f800000 0 0
1 1 1 bd91b6707f800000 0 0
1 1 1 c649a679ff800000 0 0
1 1 1 3ecfd3027fc00000 0 0
1 1 1 42ba09a97fc00000 0 0
1 1 1 3cffe26a7fc00000 0 0
1 1 1 c9a27f05ff800000 0 0
1 1 1 3364cb9dff800000 0 0
1 1 1 3e48f3857fc00000 0 0
1 1 1 3914e5af7fc00000 0 0
1 1 1 cae94667ff800000 0 0
1 1 1 bee3a5b8ff800000 0 0
1 1 1 c885d8a27f800000 0 0
1 1 1 cea51823ff800000 0 0
1 1 1 3f895a3f7f800000 0 0
1 1 1 c7220ad37f800000 0 0
1 1 1 48c26e30ff800000 0 0
1 1 1 4816f2547f800000 0 0
1 1 1 41b3eb9f7f800000 0 0
1 1 1 c30ef7987f800000 0 0
1 1 1 c0e1fb1b7f800000 0 0
1 1 1 3baf87e2ff800000 0 0
1 1 1 33db60777fc00000 0 0
1 1 1 4e687f2e7fc00000 0 0
1 1 1 c3433838ff800000 0 0
1 1 1 cab887af7f800000 0 0
1 1 1 cda5550e7f800000 0 0
1 1 1 4ebe75f47fc00000 0 0
1 1 1 b277e2697f800000 0 0
1 1 1 4ef2a3737fc00000 0 0
1 1 1 b492cb3f7f800000 0 0
1 1 1 cd35af6e7f800000 0 0
1 1 1 38c482b2ff800000 0 0
1 1 1 cd1f6fa07f800000 0 0
1 1 1 cea4747c7fc00000 0 0
1 1 1 c59ecd13ff800000 0 0
1 1 1 3451d6217f800000 0 0
1 1 1 3cae893dff800000 0 0
1 1 1 cebaa283ff800000 0 0
1 1 1 c29eff3a7fc00000 0 0
1 1 1 b349a3ba7fc00000 0 0
1 1 1 ccc06efa7f800000 0 0
1 1 1 c171596aff800000 0 0
1 1 1 4abca2e1ff800000 0 0
1 1 1 c06836d37fc00000 0 0
1 1 1 b258fb4d7f800000 0 0
1 1 1 4b587a937f800000 0 0
1 1 1 c779c45cff800000 0 0
1 1 1 468a1ad47fc00000 0 0
1 1 1 351c05567f800000 0 0
1 1 1 c899fcf27fc00000 0 0
1 1 1 b78a4d8bff800000 0 0
1 1 1 b1808f1aff800000 0 0
1 1 1 be215bef7fc00000 0 0
1 1 1 cd074f137fc00000 0 0
1 1 1 3322f6787fc00000 0 0
1 1 1 ca7e5c71ff800000 0 0
1 1 1 4bc8d765ff800000 0 0
1 1 1 4b8ee2737f800000 0 0
1 1 1 387a735e7fc00000 0 0
1 1 1 463320b87f800000 0 0
1 1 1 47b65522ff800000 0 0
1 1 1 c796ff5a7fc00000 0 0
1 1 1 b588ed7aff800000 0 0
1 1 1 42eb461d7f800000 0 0
1 1 1 464d8bc0ff800000 0 0
1 1 1 3349bd457fc00000 0 0
1 1 1 475b5a757fc00000 0 0
1 1 1 431efaa97f800000 0 0
1 1 1 c5f8e6f27f800000 0 0
1 1 1 c508d6217f800000 0 0
1 1 1 c4974b24ff800000 0 0
1 1 1 c6bd3f527fc00000 0 0
1 1 1 3453b1407fc00000 0 0
1 1 1 4af67a5bff800000 0 0
1 1 1 39559f71ff800000 0 0
1 1 1 32094151ff800000 0 0
1 1 1 c641a62e7f800000 0 0
1 1 1 3154c6787f800000 0 0
1 1 1 c4258bb37f800000 0 0
1 1 1 c16dfd0f7f800000 0 0
1 1 1 c8120fd97fc00000 0 0
1 1 1 484fec747f800000 0 0
1 1 1 4115e5b6ff800000 0 0
1 1 1 414b97d2ff800000 0 0
1 1 1 415ea3277fc00000 0 0
1 1 1 bed2f9eb7fc00000 0 0
1 1 1 4ac2de927fc00000 0 0
1 1 1 c0a3a4047f800000 0 0
1 1 1 cb7ea4bdff800000 0 0
1 1 1 c4be8024ff800000 0 0
1 1 1 37cf2e28ff800000 0 0
1 1 1 c3d4e8707fc00000 0 0
1 1 1 32a166317f800000 0 0
1 1 1 359e4f3b7f800000 0 0
1 1 1 3d2c430fff800000 0 0
1 1 1 43dabe607fc00000 0 0
1 1 1 b66ea4327f800000 0 0
1 1 1 b45276ad7fc00000 0 0
1 1 1 b4600fb9ff800000 0 0
1 1 1 b8522fd27f800000 0 0
1 1 1 b53022107fc00000 0 0
1 1 1 ceead36cff800000 0 0
1 1 1 49ab91887f800000 0 0
1 1 1 ba2d232f7f800000 0 0
1 1 1 447e741aff800000 0 0
1 1 1 c8f0f085ff800000 0 0
1 1 1 4392a46b7fc00000 0 0
1 1 1 422e9ef7ff800000 0 0
1 1 1 4523b002ff800000 0 0
1 1 1 bbd21de37fc00000 0 0
1 1 1 b352ac017f800000 0 0
1 1 1 368f5d21ff800000 0 0
1 1 1 4b8bf6fbff800000 0 0
1 1 1 4d0174c87f800000 0 0
1 1 1 421c9b8eff800000 0 0
1 1 1 3aebb6027fc00000 0 0
1 1 1 b5f774b17f800000 0 0
1 1 1 4449bfd07fc00000 0 0
1 1 1 bd33530d7fc00000 0 0
1 1 1 c4e02a14ff800000 0 0
1 1 1 3573bb32ff800000 0 0
1 1 1 36eaff8c7f800000 0 0
1 1 1 b35d8f037f800000 0 0
1 1 1 3f0941a77fc00000 0 0
1 1 1 3312860d7f800000 0 0
1 1 1 cd2bcda0ff800000 0 0
1 1 1 c558bbde7f800000 0 0
1 1 1 b5fcf870ff800000 0 0
1 1 1 b1aa5ff47f800000 0 0
1 1 1 b994afa87fc00000 0 0
1 1 1 bc6d23aa7fc00000 0 0
1 1 1 33dd1f08ff800000 0 0
1 1 1 bd72b828ff800000 0 0
1 1 1 b0d8679b7f800000 0 0
1 1 1 c905aa127f800000 0 0
1 1 1 b1f6d1637fc00000 0 0
1 1 1 497d84a4ff800000 0 0
1 1 1 ca7b3b6a7fc00000 0 0
1 1 1 b7ec01fe7fc00000 0 0
1 1 1 bc240049ff800000 0 0
1 1 1 c5d734e27fc00000 0 0
1 1 1 b1b5a3d27fc00000 0 0
1 1 1 ba140509ff800000 0 0
1 1 1 34e8f7697fc00000 0 0
1 1 1 334d899e7fc00000 0 0
1 1 1 c875bb25ff800000 0 0
1 1 1 ba7401b87fc00000 0 0
1 1 1 4162cf3cff800000 0 0
1 1 1 4510fef67fc00000 0 0
1 1 1 bdb214047f800000 0 0
1 1 1 41932bce7f800000 0 0
1 1 1 4bcf4780ff800000 0 0
1 1 1 3ed05d677fc00000 0 0
1 1 1 cb0109697fc00000 0 0
1 1 1 caccc5f97f800000 0 0
1 1 1 411cb6e0ff800000 0 0
1 1 1 4c61d4187f800000 0 0
1 1 1 c6a1bb25ff800000 0 0
1 1 1 b394d5207f800000 0 0
1 1 1 4d68e8737fc00000 0 0
1 1 1 b2a0b818ff800000 0 0
1 1 1 3a663d24ff800000 0 0
1 1 1 3d3f0ea8ff800000 0 0
1 1 1 35cee9737fc00000 0 0
1 1 1 44e932f57f800000 0 0
1 1 1 41ebbd827f800000 0 0
1 1 1 ccd5bc2aff800000 0 0
1 1 1 cc23c47e7fc00000 0 0
1 1 1 40e8e06b7fc00000 0 0
1 1 1 38bd4c55ff800000 0 0
1 1 1 bc3f97ed7fc00000 0 0
1 1 1 427670d87fc00000 0 0
1 1 1 3d42f24dff800000 0 0
1 1 1 c30acd557f800000 0 0
1 1 1 3d5597cf7f800000 0 0
1 1 1 3478beca7f800000 0 0
1 1 1 30bf38a87f800000 0 0
1 1 1 39abc0c27f800000 0 0
1 1 1 b1542c267fc00000 0 0
1 1 1 36e4e1b07fc00000 0 0
1 1 1 4efa2d12ff800000 0 0
1 1 1 cc5e60807f800000 0 0
1 1 1 4876a8b47fc00000 0 0
1 1 1 3d25ee037f800000 0 0
1 1 1 b7af17c37fc00000 0 0
1 1 1 3b8b97137fc00000 0 0
1 1 1 c54181577f800000 0 0
1 1 1 c93a15787fc00000 0 0
1 1 1 336c09c87f800000 0 0
1 1 1 36eb3edf7f800000 0 0
1 1 1 ba82f15dff800000 0 0
1 1 1 b94392af7fc00000 0 0
1 1 1 ccd113c57f800000 0 0
1 1 1 4b3202ccff800000 0 0
1 1 1 40a55689ff800000 0 0
1 1 1 bf724155ff800000 0 0
1 1 1 4a57f4b47f800000 0 0
1 1 1 c2786afbff800000 0 0
1 1 1 b1ca8792ff800000 0 0
1 1 1 bfe4c8d17f800000 0 0
1 1 1 c25bab277fc00000 0 0
1 1 1 425b80127f800000 0 0
1 1 1 ca010bdc7f800000 0 0
1 1 1 3cd749767f800000 0 0
1 1 1 c8256f86ff800000 0 0
1 1 1 b7a0bca0ff800000 0 0
1 1 1 c6e0ef31ff800000 0 0
1 1 1 4a6e2d8a7f800000 0 0
1 1 1 30b23c7f7fc00000 0 0
1 1 1 c8f6075a7f800000 0 0
1 1 1 402dd6347fc00000 0 0
1 1 1 bd715d5e7f800000 0 0
1 1 1 c9acf580ff800000 0 0
1 1 1 3cf221a1ff800000 0 0
1 1 1 4bd00fe57fc00000 0 0
1 1 1 3bfff57aff800000 0 0
1 1 1 ca65c4967f800000 0 0
1 1 1 409724e67f800000 0 0
1 1 1 b6f3bf677f800000 0 0
1 1 1 47e494757fc00000 0 0
1 1 1 c2d7d453ff800000 0 0
1 1 1 bc44fdc3ff800000 0 0
1 1 1 c2413d34ff800000 0 0
1 1 1 b1b9a7fc7f800000 0 0
1 1 1 445208c27fc00000 0 0
1 1 1 bfcfcba17fc00000 0 0
1 1 1 43f230177f800000 0 0
1 1 1 3b8f41a27fc00000 0 0
1 1 1 49d599617f800000 0 0
1 1 1 3b78e95b7fc00000 0 0
1 1 1 b2e7c0d97fc00000 0 0
1 1 1 be1fb8767fc00000 0 0
1 1 1 45457a6f7f800000 0 0
1 1 1 413b51eaff800000 0 0
1 1 1 cecd641b7f800000 0 0
1 1 1 421bc85a7f800000 0 0
1 1 1 b8594a927fc00000 0 0
1 1 1 4298cf27ff800000 0 0
1 1 1 cad4cb28ff800000 0 0
1 1 1 3ede4b07ff800000 0 0
1 1 1 b2511cd57fc00000 0 0
1 1 1 c963a81eff800000 0 0
1 1 1 b37e9427ff800000 0 0
1 1 1 4ca4a24d7f800000 0 0
1 1 1 b7e64285ff800000 0 0
1 1 1 cc3cde067fc00000 0 0
1 1 1 bf8910d8ff800000 0 0
1 1 1 3bf40751ff800000 0 0
1 1 1 b2d1c266ff800000 0 0
1 1 1 b654571c7f800000 0 0
1 1 1 cd42a44d7fc00000 0 0
1 1 1 4e84ce1b7fc00000 0 0
1 1 1 4347c81e7fc00000 0 0
1 1 1 3b01d12b7f800000 0 0
1 1 1 3b031d28ff800000 0 0
1 1 1 bd1e5bd67fc00000 0 0
1 1 1 3561db817fc00000 0 0
1 1 1 c12a4b907f800000 0 0
1 1 1 42cc3d11ff800000 0 0
1 1 1 b678f9a07fc00000 0 0
1 1 1 c872ccb4ff800000 0 0
1 1 1 401b3c707fc00000 0 0
1 1 1 4335fc3b7f800000 0 0
1 1 1 3577b8587fc00000 0 0
1 1 1 c61e13727f800000 0 0
1 1 1 371fc8c07fc00000 0 0
1 1 1 bc051ae17f800000 0 0
1 1 1 bbc6badeff800000 0 0
1 1 1 c9baead6ff800000 0 0
1 1 1 bac1f85c7f800000 0 0
1 1 1 b3e361017f800000 0 0
1 1 1 4a1275777f800000 0 0
1 1 1 331163427f800000 0 0
1 1 1 46cf907f7fc00000 0 0
1 1 1 3436885cff800000 0 0
1 1 1 c1adb654ff800000 0 0
1 1 1 cb0753337fc00000 0 0
1 1 1 4dd0b9db7fc00000 0 0
1 1 1 c1c576307fc00000 0 0
1 1 1 3cd5f8317f800000 0 0
1 1 1 3efd2c84ff800000 0 0
1 1 1 cb13e3f1ff800000 0 0
1 1 1 b30561877fc00000 0 0
1 1 1 b36085307f800000 0 0
1 1 1 4dc72fce7f800000 0 0
1 1 1 c856daabff800000 0 0
1 1 1 c87ab24d7fc00000 0 0
1 1 1 4492b507ff800000 0 0
1 1 1 3950a6f57f800000 0 0
1 1 1 3ec9e5f07fc00000 0 0
1 1 1 ce2f1f517f800000 0 0
1 1 1 cea34fef7f800000 0 0
1 1 1 cdccbe2a7f800000 0 0
1 1 1 cd0fa9967fc00000 0 0
1 1 1 49bed9d4ff800000 0 0
1 1 1 4b4068d37f800000 0 0
1 1 1 b0c260007f800000 0 0
1 1 1 316724077fc00000 0 0
1 1 1 347bc2da7fc00000 0 0
1 1 1 b5eb5992ff800000 0 0
1 1 1 4c7202f47fc00000 0 0
1 1 1 c353df3d7fc00000 0 0
1 1 1 48ba0316ff800000 0 0
1 1 1 c4ac209e7fc00000 0 0
1 1 1 b556f47fff800000 0 0
1 1 1 ced8de367f800000 0 0
1 1 1 47ab7d09ff800000 0 0
1 1 1 caf65ca97fc00000 0 0
1 1 1 cb993c867f800000 0 0
1 1 1 bcf40b097fc00000 0 0
1 1 1 4294e0237fc00000 0 0
1 1 1 c98c0753ff800000 0 0
1 1 1 c0b7f37a7fc00000 0 0
1 1 1 c28a0609ff800000 0 0
1 1 1 35318db37f800000 0 0
1 1 1 bdda13747f800000 0 0
1 1 1 c1a2fadbff800000 0 0
1 1 1 c0f49a507f800000 0 0
1 1 1 3c9e18c37f800000 0 0
1 1 1 ba7682a37f800000 0 0
1 1 1 ba9427d5ff800000 0 0
1 1 1 4909c24b7fc00000 0 0
1 1 1 3dcc36867f800000 0 0
1 1 1 bb06ba177f800000 0 0
1 1 1 36d030efff800000 0 0
1 1 1 c10f86b57f800000 0 0
1 1 1 c70937aeff800000 0 0
1 1 1 ca75c6b9ff800000 0 0
1 1 1 ced6206d7fc00000 0 0
1 1 1 bb68cbf97f800000 0 0
1 1 1 bfeb91a07fc00000 0 0
1 1 1 c9168364ff800000 0 0
1 1 1 b431b9d27f800000 0 0
1 1 1 4cd18df6ff800000 0 0
1 1 1 3f8fcdb57f800000 0 0
1 1 1 4bd1341fff800000 0 0
1 1 1 4189b8177f800000 0 0
1 1 1 48ec1031ff800000 0 0
1 1 1 4362f9147f800000 0 0
1 1 1 39efb96d7fc00000 0 0
1 1 1 412e38b4ff800000 0 0
1 1 1 c4931426ff800000 0 0
1 1 1 458fc81e7fc00000 0 0
1 1 1 cbce5de4ff800000 0 0
1 1 1 b188d7f57fc00000 0 0
1 1 1 36200387ff800000 0 0
1 1 1 c27bcfca7f800000 0 0
1 1 1 326376777f800000 0 0
1 1 1 b86fddcf7f800000 0 0
1 1 1 b0c53eafff800000 0 0
1 1 1 3d30495d7fc00000 0 0
1 1 1 46ddf0347f800000 0 0
1 1 1 bda98d1dff800000 0 0
1 1 1 3bb0502e7fc00000 0 0
1 1 1 4cbbcd7e7fc00000 0 0
1 1 1 ceb0994f7f800000 0 0
1 1 1 4263f3e3ff800000 0 0
1 1 1 c7775e397fc00000 0 0
1 1 1 35bb928dff800000 0 0
1 1 1 ce9b957aff800000 0 0
1 1 1 bef4958d7f800000 0 0
1 1 1 3a93474f7f800000 0 0
1 1 1 3f78c0117fc00000 0 0
1 1 1 4000158aff800000 0 0
1 1 1 bb6e93e47fc00000 0 0
1 1 1 30d87dabff800000 0 0
1 1 1 3d2a7e017f800000 0 0
1 1 1 46a573317fc00000 0 0
1 1 1 c9648c6c7f800000 0 0
1 1 1 b52d9d1b7fc00000 0 0
1 1 1 c9321ed17f800000 0 0
1 1 1 c58002e77fc00000 0 0
1 1 1 b45441b07fc00000 0 0
1 1 1 4023bd927fc00000 0 0
1 1 1 bef4c2347fc00000 0 0
1 1 1 4cecc3c87f800000 0 0
1 1 1 398b7c007f800000 0 0
1 1 1 b3b5e6caff800000 0 0
1 1 1 46ced7ee7f800000 0 0
1 1 1 c8968f2b7f800000 0 0
1 1 1 b72451cfff800000 0 0
1 1 1 3dde140dff800000 0 0
1 1 1 4197d96d7fc00000 0 0
1 1 1 4278e7d57f800000 0 0
1 1 1 ba78c4de7fc00000 0 0
1 1 1 3f9721eb7f800000 0 0
1 1 1 4cb357fe7fc00000 0 0
1 1 1 baa27c9a7f800000 0 0
1 1 1 b4f737c97f800000 0 0
1 1 1 30bfc4b37f800000 0 0
1 1 1 cbeb53bfff800000 0 0
1 1 1 b28d57467fc00000 0 0
1 1 1 3c38710c7fc00000 0 0
1 1 1 3daa92c4ff800000 0 0
1 1 1 ca4116a27fc00000 0 0
1 1 1 b7e1c977ff800000 0 0
1 1 1 b2dcd4037fc00000 0 0
1 1 1 cd666a617fc00000 0 0
1 1 1 3864d3057f800000 0 0
1 1 1 36ce1ac07f800000 0 0
1 1 1 31549d6bff800000 0 0
1 1 1 3947996f7fc00000 0 0
1 1 1 3b2824007f800000 0 0
1 1 1 4d2c19e5ff800000 0 0
1 1 1 bfa50a85ff800000 0 0
1 1 1 c9ed781a7fc00000 0 0
1 1 1 b462adf8ff800000 0 0
1 1 1 c2f1aa3e7fc00000 0 0
1 1 1 4ca770cc7fc00000 0 0
1 1 1 c266684e7f800000 0 0
1 1 1 4c9af069ff800000 0 0
1 1 1 43e06a9aff800000 0 0
1 1 1 b4a7caed7fc00000 0 0
1 1 1 c090495a7fc00000 0 0
1 1 1 3ff5b5e3ff800000 0 0
1 1 1 ca10b30bff800000 0 0
1 1 1 3fa97ec97fc00000 0 0
1 1 1 b300199e7fc00000 0 0
1 1 1 cb56b6f37f800000 0 0
1 1 1 3c90c3427f800000 0 0
1 1 1 3d065948ff800000 0 0
1 1 1 c37d3c447fc00000 0 0
1 1 1 c82e77c27f800000 0 0
1 1 1 399377657fc00000 0 0
1 1 1 46b28e88ff800000 0 0
1 1 1 3e0b27b57f800000 0 0
1 1 1 c0e53f72ff800000 0 0
1 1 1 38e926757f800000 0 0
1 1 1 b69bae917f800000 0 0
1 1 1 b82db33d7f800000 0 0
1 1 1 320db4f57f800000 0 0
1 1 1 425aefe57f800000 0 0
1 1 1 343cb2747f800000 0 0
1 1 1 492bf7cc7f800000 0 0
1 1 1 40445e42ff800000 0 0
1 1 1 b822ae467f800000 0 0
1 1 1 b88b11e77fc00000 0 0
1 1 1 bade483d7fc00000 0 0
1 1 1 36e1a47a7fc00000 0 0
1 1 1 3a97d8bf7f800000 0 0
1 1 1 32cc5384ff800000 0 0
1 1 1 b4a912dfff800000 0 0
1 1 1 33a93df67fc00000 0 0
1 1 1 b902c7a9ff800000 0 0
1 1 1 bd214a6a7fc00000 0 0
1 1 1 49805ffbff800000 0 0
1 1 1 b79040d07fc00000 0 0
1 1 1 4a4c7d0e7fc00000 0 0
1 1 1 3f3c1e167f800000 0 0
1 1 1 4ad01e6f7f800000 0 0
1 1 1 3a6c868b7fc00000 0 0
1 1 1 be25cfedff800000 0 0
1 1 1 b55ebd207f800000 0 0
1 1 1 b31f6ceeff800000 0 0
1 1 1 3ef454d47fc00000 0 0
1 1 1 4e4592eb7fc00000 0 0
1 1 1 c67c7a1c7f800000 0 0
1 1 1 349597faff800000 0 0
1 1 1 4117ad29ff800000 0 0
1 1 1 35d69316ff800000 0 0
1 1 1 c99052efff800000 0 0
1 1 1 bd3e61f77fc00000 0 0
1 1 1 37a6fbbe7fc00000 0 0
1 1 1 4721e2da7f800000 0 0
1 1 1 b0c242a67fc00000 0 0
1 1 1 beb28a307fc00000 0 0
1 1 1 379a3b2e7fc00000 0 0
1 1 1 47dd69e47f800000 0 0
1 1 1 b40e824b7f800000 0 0
1 1 1 b3423904ff800000 0 0
1 1 1 cb9a7545ff800000 0 0
1 1 1 ccf692f07fc00000 0 0
1 1 1 48d33431ff800000 0 0
1 1 1 3a0752b5ff800000 0 0
1 1 1 37329cbe7f800000 0 0
1 1 1 388298377fc00000 0 0
1 1 1 3678cbaf7fc00000 0 0
1 1 1 35499fed7fc00000 0 0
1 1 1 ca3eb7997f800000 0 0
1 1 1 bdcdb7deff800000 0 0
1 1 1 b3ad8a1aff800000 0 0
1 1 1 c71d5103ff800000 0 0
1 1 1 40efcf347f800000 0 0
1 1 1 b4cbf9137fc00000 0 0
1 1 1 462cf8367f800000 0 0
1 1 1 4a3e7283ff800000 0 0
1 1 1 466bb58a7f800000 0 0
1 1 1 caeb0141ff800000 0 0
1 1 1 bd2f4433ff800000 0 0
1 1 1 355dffa2ff800000 0 0
1 1 1 468646477fc00000 0 0
1 1 1 3c8122b87f800000 0 0
1 1 1 48dd924e7fc00000 0 0
1 1 1 338c7f477f800000 0 0
1 1 1 c24bb2e9ff800000 0 0
1 1 1 c9ea54547f800000 0 0
1 1 1 cde250b6ff800000 0 0
1 1 1 3293ed22ff800000 0 0
1 1 1 3a52308c7f800000 0 0
1 1 1 4d2a278b7fc00000 0 0
1 1 1 44c92f347fc00000 0 0
1 1 1 c6ac53b1ff800000 0 0
1 1 1 bca02f5a7fc00000 0 0
1 1 1 47ee0a9cff800000 0 0
1 1 1 b81177c4ff800000 0 0
1 1 1 3ad90048ff800000 0 0
1 1 1 b6b996e8ff800000 0 0
1 1 1 34b9a4edff800000 0 0
1 1 1 43bd33607f800000 0 0
1 1 1 3b719a01ff800000 0 0
1 1 1 440728ac7fc00000 0 0
1 1 1 4bcd38f1ff800000 0 0
1 1 1 390e654bff800000 0 0
1 1 1 c2d61d607f800000 0 0
1 1 1 444148db7f800000 0 0
1 1 1 4758c76eff800000 0 0
1 1 1 bd0328db7fc00000 0 0
1 1 1 4b70bdbb7f800000 0 0
1 1 1 33d71abeff800000 0 0
1 1 1 3340b54b7fc00000 0 0
1 1 1 4077ab757f800000 0 0
1 1 1 b2bc26647fc00000 0 0
1 1 1 cba808707fc00000 0 0
1 1 1 cb43478b7f800000 0 0
1 1 1 425e659aff800000 0 0
1 1 1 4133d6507f800000 0 0
1 1 1 48759faa7f800000 0 0
1 1 1 30a32724ff800000 0 0
1 1 1 b1022a35ff800000 0 0
1 1 1 c0e6fe54ff800000 0 0
1 1 1 4b2ad9087fc00000 0 0
1 1 1 b723765fff800000 0 0
1 1 1 b6737a49ff800000 0 0
1 1 1 b1c014d8ff800000 0 0
1 1 1 339a6cdd7fc00000 0 0
1 1 1 b1f7b984ff800000 0 0
1 1 1 4c4be53aff800000 0 0
1 1 1 c002c14b7f800000 0 0
1 1 1 376177517f800000 0 0
1 1 1 3a9b12a87f800000 0 0
1 1 1 ccba83a3ff800000 0 0
1 1 1 cd30bf4c7f800000 0 0
1 1 1 bd59f1867f800000 0 0
1 1 1 b4fdf8fd7f800000 0 0
1 1 1 3bc529337fc00000 0 0
1 1 1 c5e03fcfff800000 0 0
1 1 1 c693fc3d7f800000 0 0
1 1 1 c146ee2a7f800000 0 0
1 1 1 41eb7768ff800000 0 0
1 1 1 c838f3357fc00000 0 0
1 1 1 395111717f800000 0 0
1 1 1 b83fe8a67f800000 0 0
1 1 1 334e9bbf7f800000 0 0
1 1 1 4c19043e7fc00000 0 0
1 1 1 c9f521617f800000 0 0
1 1 1 b0d96eb37f800000 0 0
1 1 1 441037bd7fc00000 0 0
1 1 1 3ec373687fc00000 0 0
1 1 1 ca6b431a7fc00000 0 0
1 1 1 c98bd5907f800000 0 0
1 1 1 3654cb65ff800000 0 0
1 1 1 429cb8677f800000 0 0
1 1 1 ccd4f1007fc00000 0 0
1 1 1 beed6c297fc00000 0 0
1 1 1 33bcc3e07fc00000 0 0
1 1 1 c15cb3b3ff800000 0 0
1 1 1 bfade73d7fc00000 0 0
1 1 1 cc8fda017fc00000 0 0
1 1 1 488a8961ff800000 0 0
1 1 1 40e3da5b7f800000 0 0
1 1 1 4a87459cff800000 0 0
1 1 1 3b46c66eff800000 0 0
1 1 1 c22255e97f800000 0 0
1 1 1 b3da1da37f800000 0 0
1 1 1 b84321187fc00000 0 0
1 1 1 3bbb0e3e7fc00000 0 0
1 1 1 b50990d57f800000 0 0
1 1 1 3a57331d7f800000 0 0
1 1 1 cb374e807fc00000 0 0
1 1 1 c33c8f22ff800000 0 0
1 1 1 470892a3ff800000 0 0
1 1 1 c3c59d1c7f800000 0 0
1 1 1 caa7a5ad7f800000 0 0
1 1 1 494ce2147fc00000 0 0
1 1 1 bef0f5c77f800000 0 0
1 1 1 43bed674ff800000 0 0
1 1 1 4281e9bbff800000 0 0
1 1 1 cbfcc3357fc00000 0 0
1 1 1 310823717fc00000 0 0
1 1 1 36fc7d4c7f800000 0 0
1 1 1 b9165a927f800000 0 0
1 1 1 be7368647fc00000 0 0
1 1 1 c1e046377f800000 0 0
1 1 1 48989a99ff800000 0 0
1 1 1 c053d8b37f800000 0 0
1 1 1 cabd5f9a7fc00000 0 0
1 1 1 b540ceb4ff800000 0 0
1 1 1 c74c287c7fc00000 0 0
1 1 1 b08aa4757f800000 0 0
1 1 1 4ac678cdff800000 0 0
1 1 1 436740677f800000 0 0
1 1 1 3acedef8ff800000 0 0
1 1 1 44af9fa17fc00000 0 0
1 1 1 3cb087107f800000 0 0
1 1 1 42dad18cff800000 0 0
1 1 1 35e8aa3a7f800000 0 0
1 1 1 30e95fbbff800000 0 0
1 1 1 3f9593cd7fc00000 0 0
1 1 1 cb8afd7b7f800000 0 0
1 1 1 3737db2b7fc00000 0 0
1 1 1 bea41ef1ff800000 0 0
1 1 1 c564817a7f800000 0 0
1 1 1 cc9d107b7f800000 0 0
1 1 1 46dc66ef7fc00000 0 0
1 1 1 c4f3103fff800000 0 0
1 1 1 3626e9967fc00000 0 0
1 1 1 b1fc4ba6ff800000 0 0
1 1 1 383a12377f800000 0 0
1 1 1 45996b017fc00000 0 0
1 1 1 bcdf53977fc00000 0 0
1 1 1 43cc4d5f7fc00000 0 0
1 1 1 cdf00048ff800000 0 0
1 1 1 b6fd33eb7f800000 0 0
1 1 1 b60cc3ecff800000 0 0
1 1 1 b23211d27f800000 0 0
1 1 1 be08dc26ff800000 0 0
1 1 1 b08abdabff800000 0 0
1 1 1 4130ed8b7f800000 0 0
1 1 1 3d79b18b7f800000 0 0
1 1 1 35a31f287fc00000 0 0
1 1 1 bd422d317fc00000 0 0
1 1 1 c7d181e0ff800000 0 0
1 1 1 3dfdc7e67fc00000 0 0
1 1 1 3bef54bbff800000 0 0
1 1 1 43d157037fc00000 0 0
1 1 1 3dd3943f7f800000 0 0
1 1 1 cca51bf9ff800000 0 0
1 1 1 bb408d56ff800000 0 0
1 1 1 b6bc591b7f800000 0 0
1 1 1 c13bb6897f800000 0 0
1 1 1 441f40077fc00000 0 0
1 1 1 397a4c9a7fc00000 0 0
1 1 1 ce9e4ad2ff800000 0 0
1 1 1 c812259d7fc00000 0 0
1 1 1 c248923cff800000 0 0
1 1 1 40e0bd8a7f800000 0 0
1 1 1 3f8bb8017f800000 0 0
1 1 1 41e32c8d7fc00000 0 0
1 1 1 3ace819a7f800000 0 0
1 1 1 345d56397fc00000 0 0
1 1 1 cb16b4467fc00000 0 0
1 1 1 c8f40462ff800000 0 0
1 1 1 470bb8b5ff800000 0 0
1 1 1 c708d2a47fc00000 0 0
1 1 1 335991287fc00000 0 0
1 1 1 c42d4745ff800000 0 0
1 1 1 4101c4157fc00000 0 0
1 1 1 32c375507f800000 0 0
1 1 1 bbb7839b7f800000 0 0
1 1 1 3caf0ea9ff800000 0 0
1 1 1 49a7e8727f800000 0 0
1 1 1 c21a593b7fc00000 0 0
1 1 1 be6a81307fc00000 0 0
1 1 1 b74721877fc00000 0 0
1 1 1 3577adad7f800000 0 0
1 1 1 4e9fae5fff800000 0 0
1 1 1 3ba01292ff800000 0 0
1 1 1 b991d4ac7fc00000 0 0
1 1 1 4baa63667fc00000 0 0
1 1 1 4ca5518a7fc00000 0 0
1 1 1 4ef95e357fc00000 0 0
1 1 1 3c4c7292ff800000 0 0
1 1 1 4c34aa9fff800000 0 0
1 1 1 374ce6667f800000 0 0
1 1 1 3aac25bfff800000 0 0
1 1 1 c52439357fc00000 0 0
1 1 1 3f2b7ba17f800000 0 0
1 1 1 45ff29cb7fc00000 0 0
1 1 1 c33c9079ff800000 0 0
1 1 1 451bed687fc00000 0 0
1 1 1 cc87da887f800000 0 0
1 1 1 42d61e057f800000 0 0
1 1 1 3613bd867fc00000 0 0
1 1 1 c1cc8aba7fc00000 0 0
1 1 1 370e699dff800000 0 0
1 1 1 c1673ee1ff800000 0 0
1 1 1 cc16ec577f800000 0 0
1 1 1 cd5cdda57fc00000 0 0
1 1 1 b9fb9cb4ff800000 0 0
1 1 1 34dde2437f800000 0 0
1 1 1 4a178dc3ff800000 0 0
1 1 1 36f7185fff800000 0 0
1 1 1 3a98c6187f800000 0 0
1 1 1 4308e9457fc00000 0 0
1 1 1 c92bb241ff800000 0 0
1 1 1 36cbeefc7fc00000 0 0
1 1 1 b0b895727f800000 0 0
1 1 1 b690ed1bff800000 0 0
1 1 1 4c7eccda7f800000 0 0
1 1 1 c760dd1fff800000 0 0
1 1 1 b9489945ff800000 0 0
1 1 1 c5dc9dfdff800000 0 0
1 1 1 c2895ae57f800000 0 0
1 1 1 384202b57f800000 0 0
1 1 1 c266a6d3ff800000 0 0
1 1 1 b11853517fc00000 0 0
1 1 1 c4a8c74aff800000 0 0
1 1 1 c14150317f800000 0 0
1 1 1 421cb600ff800000 0 0
1 1 1 31e37ae8ff800000 0 0
1 1 1 3a73c173ff800000 0 0
1 1 1 3793c4837f800000 0 0
1 1 1 4d0d71067fc00000 0 0
1 1 1 4753559f7fc00000 0 0
1 1 1 bd4e804a7fc00000 0 0
1 1 1 c811f167ff800000 0 0
1 1 1 c5506297ff800000 0 0
1 1 1 42473a3d7f800000 0 0
1 1 1 c75fd9ff7fc00000 0 0
1 1 1 c71b5377ff800000 0 0
1 1 1 3e3604a67f800000 0 0
1 1 1 bde2e7ce7f800000 0 0
1 1 1 4527d02dff800000 0 0
1 1 1 46e131497f800000 0 0
1 1 1 4aa7333c7fc00000 0 0
1 1 1 3589ff847fc00000 0 0
1 1 1 3b71bafb7fc00000 0 0
1 1 1 47a0184cff800000 0 0
1 1 1 b24719d47f800000 0 0
1 1 1 31a7a0667fc00000 0 0
1 1 1 c5fe09f47fc00000 0 0
1 1 1 ce7f4261ff800000 0 0
1 1 1 cecb577f7f800000 0 0
1 1 1 b4a67577ff800000 0 0
1 1 1 45f8bdcf7fc00000 0 0
1 1 1 ccc05ae7ff800000 0 0
1 1 1 c8005d9c7f800000 0 0
1 1 1 c07b6bb5ff800000 0 0
1 1 1 31632d377fc00000 0 0
1 1 1 480015b97fc00000 0 0
1 1 1 4c1557bf7fc00000 0 0
1 1 1 400384faff800000 0 0
1 1 1 c53aef2f7f800000 0 0
1 1 1 4252c9cd7fc00000 0 0
1 1 1 bcfeb6a4ff800000 0 0
1 1 1 496e0e817f800000 0 0
1 1 1 47fd656aff800000 0 0
1 1 1 41ed8e307fc00000 0 0
1 1 1 c1e637b9ff800000 0 0
1 1 1 4d12427fff800000 0 0
1 1 1 cebc92e27f800000 0 0
1 1 1 3adcf5c07fc00000 0 0
1 1 1 c2f636d37f800000 0 0
1 1 1 3984e0d9ff800000 0 0
1 1 1 4a91f8277f800000 0 0
1 1 1 42f0c178ff800000 0 0
1 1 1 bc789908ff800000 0 0
1 1 1 bd9ec68a7f800000 0 0
1 1 1 45a945c2ff800000 0 0
1 1 1 c3da62f8ff800000 0 0
1 1 1 c5874241ff800000 0 0
1 1 1 c79704347fc00000 0 0
1 1 1 4bb7685a7f800000 0 0
1 1 1 cc81cf9fff800000 0 0
1 1 1 41e0ab3e7f800000 0 0
1 1 1 b10493ab7fc00000 0 0
1 1 1 cc54aa6fff800000 0 0
1 1 1 b55a93c1ff800000 0 0
1 1 1 b4b183d17fc00000 0 0
1 1 1 319b1093ff800000 0 0
1 1 1 cc697c427f800000 0 0
1 1 1 475dd91cff800000 0 0
1 1 1 c24bb9447f800000 0 0
1 1 1 3f2cb8b97f800000 0 0
1 1 1 cb9021657f800000 0 0
1 1 1 c559f6287f800000 0 0
1 1 1 b5e45ec07fc00000 0 0
1 1 1 3bb11d0dff800000 0 0
1 1 1 c51d7e36ff800000 0 0
1 1 1 bce3b37a7fc00000 0 0
1 1 1 3e50af347f800000 0 0
1 1 1 b9b4661d7f800000 0 0
1 1 1 c488586bff800000 0 0
1 1 1 3ab7331f7fc00000 0 0
1 1 1 c1c2401b7fc00000 0 0
1 1 1 47d9006d7f800000 0 0
1 1 1 47419560ff800000 0 0
1 1 1 c5a89e5fff800000 0 0
1 1 1 47e266a7ff800000 0 0
1 1 1 b534d6d17fc00000 0 0
1 1 1 34cc31bc7fc00000 0 0
1 1 1 b9a43b2cff800000 0 0
1 1 1 b3f46eab7f800000 0 0
1 1 1 cab3bd34ff800000 0 0
1 1 1 45f95584ff800000 0 0
1 1 1 c92bb840ff800000 0 0
1 1 1 3a435c8c7fc00000 0 0
1 1 1 c7cd43057fc00000 0 0
1 1 1 b27bc76e7f800000 0 0
1 1 1 ce8fafa97fc00000 0 0
1 1 1 c502611aff800000 0 0
1 1 1 c663158fff800000 0 0
1 1 1 3f777a2aff800000 0 0
1 1 1 495b17aa7fc00000 0 0
1 1 1 4ce3da69ff800000 0 0
1 1 1 bbbe38be7fc00000 0 0
1 1 1 3f6ed5607fc00000 0 0
1 1 1 b945b2977f800000 0 0
1 1 1 4155b000ff800000 0 0
1 1 1 4761c5477fc00000 0 0
1 1 1 3bf5cfec7f800000 0 0
1 1 1 4862da60ff800000 0 0
1 1 1 41fd9e977f800000 0 0
1 1 1 47ea9cf87fc00000 0 0
1 1 1 b182fedd7f800000 0 0
1 1 1 3139641a7f800000 0 0
1 1 1 34ca4d147f800000 0 0
1 1 1 4dd968a07fc00000 0 0
1 1 1 c61f6d9cff800000 0 0
1 1 1 b6a934e17f800000 0 0
1 1 1 c37b59beff800000 0 0
1 1 1 3b2777b0ff800000 0 0
1 1 1 4ad657e07fc00000 0 0
1 1 1 c4c3d0047fc00000 0 0
1 1 1 4dbaf5697f800000 0 0
1 1 1 3531c62eff800000 0 0
1 1 1 b7d479b6ff800000 0 0
1 1 1 c065dd907fc00000 0 0
1 1 1 b9b0b501ff800000 0 0
1 1 1 30a43cd07f800000 0 0
1 1 1 3dfee1877fc00000 0 0
1 1 1 b545bdfaff800000 0 0
1 1 1 b4b494b07fc00000 0 0
1 1 1 baea48b0ff800000 0 0
1 1 1 3797f2387f800000 0 0
1 1 1 3f2979c1ff800000 0 0
1 1 1 c6df45837fc00000 0 0
1 1 1 c08d6a757f800000 0 0
1 1 1 43865f3a7f800000 0 0
1 1 1 4a1fe1dc7f800000 0 0
1 1 1 b60c08037f800000 0 0
1 1 1 4a46f1f3ff800000 0 0
1 1 1 b8eba2be7fc00000 0 0
1 1 1 4e6d68e17f800000 0 0
1 1 1 b5cab3657f800000 0 0
1 1 1 3e4d9dbc7fc00000 0 0
1 1 1 b9801661ff800000 0 0
1 1 1 371b1b697fc00000 0 0
1 1 1 cad5b0937fc00000 0 0
1 1 1 be1f298eff800000 0 0
1 1 1 b9097f127f800000 0 0
1 1 1 cee332c67fc00000 0 0
1 1 1 ce6609ca7f800000 0 0
1 1 1 3739f3187fc00000 0 0
1 1 1 33611b4f7f800000 0 0
1 1 1 4b5b7d837f800000 0 0
1 1 1 339187267f800000 0 0
1 1 1 482aba4eff800000 0 0
1 1 1 4ceca3f5ff800000 0 0
1 1 1 bfd6ab39ff800000 0 0
1 1 1 40c3bc09ff800000 0 0
1 1 1 b1ea4c277fc00000 0 0
1 1 1 48b72ef57f800000 0 0
1 1 1 3d24de087f800000 0 0
1 1 1 c5eae6ff7f800000 0 0
1 1 1 4c7ecacaff800000 0 0
1 1 1 43aca37f7fc00000 0 0
1 1 1 39ec8ef37f800000 0 0
1 1 1 bc91b1a17fc00000 0 0
1 1 1 45d4faed7f800000 0 0
1 1 1 c48e82157f800000 0 0
1 1 1 341cf78f7f800000 0 0
1 1 1 344c82be7fc00000 0 0
1 1 1 3b698392ff800000 0 0
1 1 1 bcd2ab857fc00000 0 0
1 1 1 c9ad52617fc00000 0 0
1 1 1 390b5d1dff800000 0 0
1 1 1 47e756c57f800000 0 0
1 1 1 405c4ec9ff800000 0 0
1 1 1 3639f0987f800000 0 0
1 1 1 35b5516fff800000 0 0
1 1 1 442b56807f800000 0 0
1 1 1 be1b1bca7fc00000 0 0
1 1 1 c4696c747f800000 0 0
1 1 1 c487e60aff800000 0 0
1 1 1 b551ce2a7f800000 0 0
1 1 1 c1dae56c7fc00000 0 0
1 1 1 b4ba369eff800000 0 0
1 1 1 c95f0224ff800000 0 0
1 1 1 31076b5c7fc00000 0 0
1 1 1 400377ffff800000 0 0
1 1 1 b636aeef7fc00000 0 0
1 1 1 44013e997fc00000 0 0
1 1 1 3e4df4ae7fc00000 0 0
1 1 1 bed4729dff800000 0 0
1 1 1 37bb3c967fc00000 0 0
1 1 1 3b3061037fc00000 0 0
1 1 1 318ef6c77f800000 0 0
1 1 1 b78074c37fc00000 0 0
1 1 1 cab6784b7f800000 0 0
1 1 1 b96b2bfb7fc00000 0 0
1 1 1 b27e8e847f800000 0 0
1 1 1 421423e37f800000 0 0
1 1 1 4b9baba4ff800000 0 0
1 1 1 c60282637fc00000 0 0
1 1 1 32405b117fc00000 0 0
1 1 1 cbb92a247fc00000 0 0
1 1 1 358450d4ff800000 0 0
1 1 1 3123f9347fc00000 0 0
1 1 1 b787de63ff800000 0 0
1 1 1 3edec2cd7f800000 0 0
1 1 1 35d521f87fc00000 0 0
1 1 1 ce9f8bd67f800000 0 0
1 1 1 c241ef3fff800000 0 0
1 1 1 c4071994ff800000 0 0
1 1 1 c9120be6ff800000 0 0
1 1 1 bf3d52dc7fc00000 0 0
1 1 1 b47533957fc00000 0 0
1 1 1 39c2811e7fc00000 0 0
1 1 1 379bb153ff800000 0 0
1 1 1 b936f03fff800000 0 0
1 1 1 b50b985eff800000 0 0
1 1 1 c643c8d27fc00000 0 0
1 1 1 3242eb91ff800000 0 0
1 1 1 c2c4a7107f800000 0 0
1 1 1 440c1e8e7fc00000 0 0
1 1 1 33146543ff800000 0 0
1 1 1 3dae96757fc00000 0 0
1 1 1 cdee6ac07f800000 0 0
1 1 1 345620b87fc00000 0 0
1 1 1 c79e6edc7f800000 0 0
1 1 1 c934187bff800000 0 0
1 1 1 bbccc0557f800000 0 0
1 1 1 bd77b286ff800000 0 0
1 1 1 3c32e8487fc00000 0 0
1 1 1 336326657f800000 0 0
1 1 1 3d00c2ea7f800000 0 0
1 1 1 3fd8dd3c7fc00000 0 0
1 1 1 43f94c2fff800000 0 0
1 1 1 ccc714817fc00000 0 0
1 1 1 c14957a7ff800000 0 0
1 1 1 30bd265e7f800000 0 0
1 1 1 b7cc1a35ff800000 0 0
1 1 1 cc7dde82ff800000 0 0
1 1 1 ce37d0197f800000 0 0
1 1 1 476f9de77fc00000 0 0
1 1 1 4dfe0b947fc00000 0 0
1 1 1 b86ea0747f800000 0 0
1 1 1 bce5dca7ff800000 0 0
1 1 1 c10d45a77fc00000 0 0
1 1 1 4e06ef737f800000 0 0
1 1 1 3d18dae27f800000 0 0
1 1 1 42fed65e7fc00000 0 0
1 1 1 bed76dca7f800000 0 0
1 1 1 3cb79e8e7fc00000 0 0
1 1 1 b09b55e8ff800000 0 0
1 1 1 ce0d7ba8ff800000 0 0
1 1 1 bc952d827f800000 0 0
1 1 1 41ccb1fb7fc00000 0 0
1 1 1 49282562ff800000 0 0
1 1 1 b4e711e9ff800000 0 0
1 1 1 36a0e47d7f800000 0 0
1 1 1 b88a80b5ff800000 0 0
1 1 1 4a2ba88e7f800000 0 0
1 1 1 ca8e45dc7f800000 0 0
1 1 1 bd22790f7f800000 0 0
1 1 1 36dea0f4ff800000 0 0
1 1 1 3c17a030ff800000 0 0
1 1 1 b0cf5f137f800000 0 0
1 1 1 33e6bd667fc00000 0 0
1 1 1 c3321ad3ff800000 0 0
1 1 1 422919d2ff800000 0 0
1 1 1 b39835bcff800000 0 0
1 1 1 4ec24090ff800000 0 0
1 1 1 b6f4a9c27f800000 0 0
1 1 1 b601d7d3ff800000 0 0
1 1 1 c4531a2a7f800000 0 0
1 1 1 bdfe5d41ff800000 0 0
1 1 1 b1d907c17f800000 0 0
1 1 1 b11d2ef1ff800000 0 0
1 1 1 4ec4200bff800000 0 0
1 1 1 3e06c2c27fc00000 0 0
1 1 1 c4ba0b477fc00000 0 0
1 1 1 319968d37fc00000 0 0
1 1 1 483e543dff800000 0 0
1 1 1 4012a7dc7f800000 0 0
1 1 1 398568a57f800000 0 0
1 1 1 402e9b02ff800000 0 0
1 1 1 b6c894cc7fc00000 0 0
1 1 1 3b33d81a7fc00000 0 0
1 1 1 c3e98e10ff800000 0 0
1 1 1 bb96a6e77fc00000 0 0
1 1 1 bb85293a7f800000 0 0
1 1 1 b2b2c3d6ff800000 0 0
1 1 1 3b476daf7f800000 0 0
1 1 1 c051a1907fc00000 0 0
1 1 1 45ca3edaff800000 0 0
1 1 1 4698dc817f800000 0 0
1 1 1 b189eb067fc00000 0 0
1 1 1 b55343feff800000 0 0
1 1 1 463d2f4b7fc00000 0 0
1 1 1 427e15887fc00000 0 0
1 1 1 c6f48b177fc00000 0 0
1 1 1 4b08da937f800000 0 0
1 1 1 b1c083b07fc00000 0 0
1 1 1 bb60e38d7f800000 0 0
1 1 1 47d0ae1eff800000 0 0
1 1 1 cbb186777fc00000 0 0
1 1 1 49a976437f800000 0 0
1 1 1 b45360b27fc00000 0 0
1 1 1 b88d76b8ff800000 0 0
1 1 1 320e1ae47f800000 0 0
1 1 1 c56d6a347f800000 0 0
1 1 1 408b79877f800000 0 0
1 1 1 4a4165b47fc00000 0 0
1 1 1 321d14607fc00000 0 0
1 1 1 4c5fc4767f800000 0 0
1 1 1 4206eae57fc00000 0 0
1 1 1 c2c436e4ff800000 0 0
1 1 1 40e74534ff800000 0 0
1 1 1 cd1ee86a7f800000 0 0
1 1 1 bcb2b4317f800000 0 0
1 1 1 34f217b77fc00000 0 0
1 1 1 ca2435f9ff800000 0 0
1 1 1 be1d61297fc00000 0 0
1 1 1 ba94fab37f800000 0 0
1 1 1 c91ca8f67f800000 0 0
1 1 1 b3a3c6477f800000 0 0
1 1 1 b0d2f307ff800000 0 0
1 1 1 bdab19ac7fc00000 0 0
1 1 1 ccb01e187f800000 0 0
1 1 1 c4d81de0ff800000 0 0
1 1 1 3c60466f7fc00000 0 0
1 1 1 4b69de8b7fc00000 0 0
1 1 1 3680f70dff800000 0 0
1 1 1 c0cf8a177fc00000 0 0
1 1 1 bb0c7f1a7fc00000 0 0
1 1 1 32bfdbaf7f800000 0 0
1 1 1 3d770bc7ff800000 0 0
1 1 1 b66437cbff800000 0 0
1 1 1 c29065177f800000 0 0
1 1 1 b7ca5ec47f800000 0 0
1 1 1 b611156f7f800000 0 0
1 1 1 3788a7d07f800000 0 0
1 1 1 342a92c87fc00000 0 0
1 1 1 323407d2ff800000 0 0
1 1 1 3bc866eb7fc00000 0 0
1 1 1 4571ac147f800000 0 0
1 1 1 be8372407fc00000 0 0
1 1 1 b39d85ebff800000 0 0
1 1 1 b7de578eff800000 0 0
1 1 1 31aafce87fc00000 0 0
1 1 1 32f3949dff800000 0 0
1 1 1 be9b93c87f800000 0 0
1 1 1 c0cae9387f800000 0 0
1 1 1 42eba4177fc00000 0 0
1 1 1 c943e7f9ff800000 0 0
1 1 1 35710349ff800000 0 0
1 1 1 48b1e0e37f800000 0 0
1 1 1 b8711c2a7f800000 0 0
1 1 1 46fd69a97f800000 0 0
1 1 1 b08322bf7f800000 0 0
1 1 1 c2b17ac27fc00000 0 0
1 1 1 b32df154ff800000 0 0
1 1 1 bdc7fed87f800000 0 0
1 1 1 c139f03fff800000 0 0
1 1 1 cb2314f47f800000 0 0
1 1 1 c1eecedc7fc00000 0 0
1 1 1 375b2381ff800000 0 0
1 1 1 cd0f42fa7fc00000 0 0
1 1 1 45112aac7f800000 0 0
1 1 1 49e91a4cff800000 0 0
1 1 1 caad5cee7f800000 0 0
1 1 1 3bf7176c7fc00000 0 0
1 1 1 ca39022e7fc00000 0 0
1 1 1 43b2ef857f800000 0 0
1 1 1 c427bef5ff800000 0 0
1 1 1 c1471fd7ff800000 0 0
1 1 1 31285945ff800000 0 0
1 1 1 bfac85017f800000 0 0
1 1 1 c3cf0c567f800000 0 0
1 1 1 3a1101e97f800000 0 0
1 1 1 bf5b0e9bff800000 0 0
1 1 1 cc76957c7fc00000 0 0
1 1 1 4bd0a09b7f800000 0 0
1 1 1 30a39a45ff800000 0 0
1 1 1 4aaef6f2ff800000 0 0
1 1 1 b904beca7fc00000 0 0
1 1 1 3da623527fc00000 0 0
1 1 1 42a4f003ff800000 0 0
1 1 1 36924e927f800000 0 0
1 1 1 30be98c77f800000 0 0
1 1 1 3d572831ff800000 0 0
1 1 1 b51cfdd07fc00000 0 0
1 1 1 4bc22ff1ff800000 0 0
1 1 1 4dbc80f97fc00000 0 0
1 1 1 c40cb5faff800000 0 0
1 1 1 ba3d47fc7fc00000 0 0
1 1 1 b2f5650f7f800000 0 0
1 1 1 3ee5ce377fc00000 0 0
1 1 1 bee6fe5dff800000 0 0
1 1 1 39687adb7f800000 0 0
1 1 1 c192c0277f800000 0 0
1 1 1 34cb40357f800000 0 0
1 1 1 4df340787fc00000 0 0
1 1 1 44960c777f800000 0 0
1 1 1 4674042b7f800000 0 0
1 1 1 c8346c38ff800000 0 0
1 1 1 4b34269e7f800000 0 0
1 1 1 cc9b9e337f800000 0 0
1 1 1 44dd3cf2ff800000 0 0
1 1 1 c73bb7987fc00000 0 0
1 1 1 be73fecbff800000 0 0
1 1 1 4eace6227f800000 0 0
1 1 1 36d4eae47fc00000 0 0
1 1 1 476d0c79ff800000 0 0
1 1 1 328f06687fc00000 0 0
1 1 1 cc8f7fdb7fc00000 0 0
1 1 1 c1d5ef797fc00000 0 0
1 1 1 c035bcb87f800000 0 0
1 1 1 cc8ec96aff800000 0 0
1 1 1 37cc19f07f800000 0 0
1 1 1 cb80a9f6ff800000 0 0
1 1 1 332935fa7fc00000 0 0
1 1 1 40e969297f800000 0 0
1 1 1 3c13d4f67fc00000 0 0
1 1 1 cd7b14577f800000 0 0
1 1 1 b957ec047fc00000 0 0
1 1 1 b69845c0ff800000 0 0
1 1 1 cec3421f7fc00000 0 0
1 1 1 c4542c657f800000 0 0
1 1 1 3eb2c29e7fc00000 0 0
1 1 1 b3049a0dff800000 0 0
1 1 1 34548deaff800000 0 0
1 1 1 c8aa76dd7f800000 0 0
1 1 1 49fb0e9b7f800000 0 0
1 1 1 37d0aa68ff800000 0 0
1 1 1 bbaf084b7f800000 0 0
1 1 1 b29f60a47f800000 0 0
1 1 1 4235661e7fc00000 0 0
1 1 1 ca4e67217f800000 0 0
1 1 1 35e1e6fa7f800000 0 0
1 1 1 44c408c8ff800000 0 0
1 1 1 bec3b78a7f800000 0 0
1 1 1 bc7d2ab67fc00000 0 0
1 1 1 3d1a1f0cff800000 0 0
1 1 1 b92dfd1a7f800000 0 0
1 1 1 b41b83377fc00000 0 0
1 1 1 3da80fb57f800000 0 0
1 1 1 45f286057fc00000 0 0
1 1 1 ceb57f47ff800000 0 0
1 1 1 4cc19d24ff800000 0 0
1 1 1 c9d1e8727f800000 0 0
1 1 1 c88dc4347fc00000 0 0
1 1 1 bad486b6ff800000 0 0
1 1 1 b17869a57fc00000 0 0
1 1 1 3968a8dc7f800000 0 0
1 1 1 bc2125817fc00000 0 0
1 1 1 33d3d9e47f800000 0 0
1 1 1 311b6f747fc00000 0 0
1 1 1 4ae8b820ff800000 0 0
1 1 1 3ac61749ff800000 0 0
1 1 1 4776ffe97f800000 0 0
1 1 1 3d77bce7ff800000 0 0
1 1 1 3f85e3567f800000 0 0
1 1 1 3b68a3e0ff800000 0 0
1 1 1 405414a17f800000 0 0
1 1 1 334048fb7fc00000 0 0
1 1 1 c6e590187f800000 0 0
1 1 1 bcd58f637f800000 0 0
1 1 1 33ce125d7fc00000 0 0
1 1 1 391728007f800000 0 0
1 1 1 b911f27c7fc00000 0 0
1 1 1 c540782c7f800000 0 0
1 1 1 35635a33ff800000 0 0
1 1 1 4ce043fb7f800000 0 0
1 1 1 c2443da77f800000 0 0
1 1 1 3950fd5d7f800000 0 0
1 1 1 37b88b947f800000 0 0
1 1 1 c7d488247f800000 0 0
1 1 1 b8da035dff800000 0 0
1 1 1 bdde5428ff800000 0 0
1 1 1 bfd8c15f7f800000 0 0
1 1 1 4382dbcdff800000 0 0
1 1 1 4548836a7f800000 0 0
1 1 1 3c43f2ce7f800000 0 0
1 1 1 42a39f4e7fc00000 0 0
1 1 1 c33928a57fc00000 0 0
1 1 1 c0bf99f1ff800000 0 0
1 1 1 b7e713457f800000 0 0
1 1 1 b9f84fb17fc00000 0 0
1 1 1 b60dfccf7f800000 0 0
1 1 1 312cbd8e7f800000 0 0
1 1 1 404ab4797f800000 0 0
1 1 1 334a701b7f800000 0 0
1 1 1 b91c8ad8ff800000 0 0
1 1 1 b4c6501fff800000 0 0
1 1 1 34083dab7f800000 0 0
1 1 1 c71b87187fc00000 0 0
1 1 1 4c1dbb8d7fc00000 0 0
1 1 1 c9f8334f7f800000 0 0
1 1 1 ba490a78ff800000 0 0
1 1 1 3b7b36cf7f800000 0 0
1 1 1 325177157f800000 0 0
1 1 1 366f38daff800000 0 0
1 1 1 3831cd3e7f800000 0 0
1 1 1 ce2eb56dff800000 0 0
1 1 1 b0f1f9bbff800000 0 0
1 1 1 33c1effe7f800000 0 0
1 1 1 c594b0687f800000 0 0
1 1 1 4e0980cf7f800000 0 0
1 1 1 30e3ff157fc00000 0 0
1 1 1 3991e2d67f800000 0 0
1 1 1 c813b46f7fc00000 0 0
1 1 1 c3b638927fc00000 0 0
1 1 1 b4b6ea06ff800000 0 0
1 1 1 cb3fd8c77fc00000 0 0
1 1 1 b37ab8697fc00000 0 0
1 1 1 45283ab1ff800000 0 0
1 1 1 bd083eda7fc00000 0 0
1 1 1 4d0c7852ff800000 0 0
1 1 1 c91dbb6a7fc00000 0 0
1 1 1 ce9484c87fc00000 0 0
1 1 1 b79589697f800000 0 0
1 1 1 30cb31f4ff800000 0 0
1 1 1 b1487af0ff800000 0 0
1 1 1 48d70c8bff800000 0 0
1 1 1 b65bbb277fc00000 0 0
1 1 1 42ff47477f800000 0 0
1 1 1 3e58104bff800000 0 0
1 1 1 c19307057fc00000 0 0
1 1 1 4c13e41d7fc00000 0 0
1 1 1 3142e80f7f800000 0 0
1 1 1 36ab356d7f800000 0 0
1 1 1 3f4b659eff800000 0 0
1 1 1 bc74014b7f800000 0 0
1 1 1 cce628467f800000 0 0
1 1 1 cd5500d57fc00000 0 0
1 1 1 b843664b7f800000 0 0
1 1 1 3828f338ff800000 0 0
1 1 1 40885361ff800000 0 0
1 1 1 461b5941ff800000 0 0
1 1 1 3c47a563ff800000 0 0
1 1 1 b1aac7e87fc00000 0 0
1 1 1 b6c022647fc00000 0 0
1 1 1 c718819d7f800000 0 0
1 1 1 c896fb44ff800000 0 0
1 1 1 c9a67e0e7fc00000 0 0
1 1 1 43218f17ff800000 0 0
1 1 1 bdc6a0407fc00000 0 0
1 1 1 363783b2ff800000 0 0
1 1 1 cc8f26d17f800000 0 0
1 1 1 3a51d61b7fc00000 0 0
1 1 1 4772a6b37fc00000 0 0
1 1 1 40acebecff800000 0 0
1 1 1 48685aa47fc00000 0 0
1 1 1 c079bff3ff800000 0 0
1 1 1 b52881647f800000 0 0
1 1 1 ba90b3b8ff800000 0 0
1 1 1 ccff143c7f800000 0 0
1 1 1 c1a395f17f800000 0 0
1 1 1 c3e3bc69ff800000 0 0
1 1 1 b7198f427f800000 0 0
1 1 1 3ffe5bb2ff800000 0 0
1 1 1 4539eaa9ff800000 0 0
1 1 1 bb3f29edff800000 0 0
1 1 1 4c13be747f800000 0 0
1 1 1 3fde9dad7f800000 0 0
1 1 1 46baadefff800000 0 0
1 1 1 425be95f7f800000 0 0
1 1 1 4614a6e27f800000 0 0
1 1 1 b82a9a6a7f800000 0 0
1 1 1 c41cd1af7f800000 0 0
1 1 1 c880f2587fc00000 0 0
1 1 1 4d7ee2ec7fc00000 0 0
1 1 1 b0e716897fc00000 0 0
1 1 1 b8403e7f7f800000 0 0
1 1 1 3d352b187fc00000 0 0
1 1 1 3908028d7f800000 0 0
1 1 1 c0b9bc427fc00000 0 0
1 1 1 c0f0bd237f800000 0 0
1 1 1 cbb9f6777f800000 0 0
1 1 1 4b6e607d7f800000 0 0
1 1 1 ca81fefd7fc00000 0 0
1 1 1 c8297c147fc00000 0 0
1 1 1 317dd1a6ff800000 0 0
1 1 1 3af8c1297fc00000 0 0
1 1 1 3383fcbf7f800000 0 0
1 1 1 30f4b2837f800000 0 0
1 1 1 31c6c3eb7f800000 0 0
1 1 1 3a9bd28cff800000 0 0
1 1 1 47ed4feeff800000 0 0
1 1 1 bb3557f77fc00000 0 0
1 1 1 b9a508547fc00000 0 0
1 1 1 4c0138917f800000 0 0
1 1 1 b6184ebc7fc00000 0 0
1 1 1 32e3253bff800000 0 0
1 1 1 c6a3187c7f800000 0 0
1 1 1 c0a4579a7f800000 0 0
1 1 1 b2b18473ff800000 0 0
1 1 1 b9334844ff800000 0 0
1 1 1 38ae5820ff800000 0 0
1 1 1 bb9d47577f800000 0 0
1 1 1 c1664a6bff800000 0 0
1 1 1 c169b5847fc00000 0 0
1 1 1 cac44870ff800000 0 0
1 1 1 400f6d357fc00000 0 0
1 1 1 33fd48827f800000 0 0
1 1 1 bbe329767f800000 0 0
1 1 1 415895347f800000 0 0
1 1 1 4359f1997f800000 0 0
1 1 1 3828e2967fc00000 0 0
1 1 1 3d8b8c167fc00000 0 0
1 1 1 349c2e797f800000 0 0
1 1 1 35f422b27f800000 0 0
1 1 1 c3a822afff800000 0 0
1 1 1 bf9b64cfff800000 0 0
1 1 1 486de104ff800000 0 0
1 1 1 b3d8985fff800000 0 0
1 1 1 bd2760c07f800000 0 0
1 1 1 b91952b8ff800000 0 0
1 1 1 3e366911ff800000 0 0
1 1 1 c16968afff800000 0 0
1 1 1 ba1dcccf7f800000 0 0
1 1 1 c9c7d021ff800000 0 0
1 1 1 c39ef3c27f800000 0 0
1 1 1 38453e557f800000 0 0
1 1 1 4a16f734ff800000 0 0
1 1 1 c6bce1727f800000 0 0
1 1 1 4aee4ebcff800000 0 0
1 1 1 b3b2a1947f800000 0 0
1 1 1 4e2ec27dff800000 0 0
1 1 1 cecda7337f800000 0 0
1 1 1 b264e1e17f800000 0 0
1 1 1 bc4f0c45ff800000 0 0
1 1 1 37860c34ff800000 0 0
1 1 1 bde41f187f800000 0 0
1 1 1 4dadcbad7f800000 0 0
1 1 1 b2527644ff800000 0 0
1 1 1 c92226767f800000 0 0
1 1 1 3e68b230ff800000 0 0
1 1 1 3e83c1447f800000 0 0
1 1 1 343ad1c17f800000 0 0
1 1 1 4dddaa3c7fc00000 0 0
1 1 1 3254a333ff800000 0 0
1 1 1 3e26ff1d7fc00000 0 0
1 1 1 49085f137f800000 0 0
1 1 1 b9fde460ff800000 0 0
1 1 1 bcdb32367f800000 0 0
1 1 1 c819d22bff800000 0 0
1 1 1 349c052f7fc00000 0 0
1 1 1 4b107283ff800000 0 0
1 1 1 c577bd6a7fc00000 0 0
1 1 1 c6971db37f800000 0 0
1 1 1 c79e2841ff800000 0 0
1 1 1 395975b57f800000 0 0
1 1 1 c757761a7f800000 0 0
1 1 1 4a0035a07fc00000 0 0
1 1 1 bfc9fb287fc00000 0 0
1 1 1 cd7dd0157f800000 0 0
1 1 1 37415d977f800000 0 0
1 1 1 bdd04073ff800000 0 0
1 1 1 3f46b5be7f800000 0 0
1 1 1 38fb685e7fc00000 0 0
1 1 1 3339a4d87fc00000 0 0
1 1 1 b99d06847f800000 0 0
1 1 1 45385a34ff800000 0 0
1 1 1 b8bbfb41ff800000 0 0
1 1 1 cab380d2ff800000 0 0
1 1 1 c54f88807f800000 0 0
1 1 1 c7476394ff800000 0 0
1 1 1 c82948727fc00000 0 0
1 1 1 b827d9067fc00000 0 0
1 1 1 319611287fc00000 0 0
1 1 1 b6fdc7bf7f800000 0 0
1 1 1 c2b76896ff800000 0 0
1 1 1 c202538cff800000 0 0
1 1 1 48d049f37f800000 0 0
1 1 1 4b143f687f800000 0 0
1 1 1 32248196ff800000 0 0
1 1 1 3aa1f4de7fc00000 0 0
1 1 1 448fdb98ff800000 0 0
1 1 1 3492caef7f800000 0 0
1 1 1 bf248abeff800000 0 0
1 1 1 b24758f77f800000 0 0
1 1 1 4d8417207fc00000 0 0
1 1 1 46c9d333ff800000 0 0
1 1 1 b6fa93b87f800000 0 0
1 1 1 c5c2f09a7fc00000 0 0
1 1 1 3127b965ff800000 0 0
1 1 1 b6ddef867f800000 0 0
1 1 1 3b174e2cff800000 0 0
1 1 1 b76ec12a7f800000 0 0
1 1 1 b9a29a41ff800000 0 0
1 1 1 c13f217a7f800000 0 0
1 1 1 c379cab17fc00000 0 0
1 1 1 4d5106a07fc00000 0 0
1 1 1 b15f2d7f7f800000 0 0
1 1 1 cb50f9bd7f800000 0 0
1 1 1 b95f7d1c7f800000 0 0
1 1 1 b6a3c29aff800000 0 0
1 1 1 bb5fc92c7fc00000 0 0
1 1 1 3f2a73877f800000 0 0
1 1 1 4ae2f6347fc00000 0 0
1 1 1 499b8215ff800000 0 0
1 1 1 3cff3e7cff800000 0 0
1 1 1 b3e8fb90ff800000 0 0
1 1 1 b3bb05be7fc00000 0 0
1 1 1 c80115d9ff800000 0 0
1 1 1 c3b2b4d87fc00000 0 0
1 1 1 3964c1b57f800000 0 0
1 1 1 435b555fff800000 0 0
1 1 1 ba86df7d7f800000 0 0
1 1 1 4d4428227f800000 0 0
1 1 1 4c90f0fcff800000 0 0
1 1 1 456c5c587f800000 0 0
1 1 1 c58105e0ff800000 0 0
1 1 1 b41f7fcf7f800000 0 0
1 1 1 bd6af1f77fc00000 0 0
1 1 1 429d8f527fc00000 0 0
1 1 1 c51c30eb7f800000 0 0
1 1 1 3ca8d9227fc00000 0 0
1 1 1 c47d8a697f800000 0 0
1 1 1 3d706a67ff800000 0 0
1 1 1 362cf8f27f800000 0 0
1 1 1 c13c9b197fc00000 0 0
1 1 1 c7ba9babff800000 0 0
1 1 1 4485e89bff800000 0 0
1 1 1 4ae4fad2ff800000 0 0
1 1 1 c9b5d24c7f800000 0 0
1 1 1 c1da83edff800000 0 0
1 1 1 4bca47ed7fc00000 0 0
1 1 1 3ee397017fc00000 0 0
1 1 1 cdba8d18ff800000 0 0
1 1 1 cc79c04bff800000 0 0
1 1 1 4121ae08ff800000 0 0
1 1 1 cdb8692eff800000 0 0
1 1 1 cac949c37f800000 0 0
1 1 1 b64a09747f800000 0 0
1 1 1 c2c8b0be7f800000 0 0
1 1 1 36bde6b8ff800000 0 0
1 1 1 4bc20c4e7fc00000 0 0
1 1 1 c71ee4477fc00000 0 0
1 1 1 385201d2ff800000 0 0
1 1 1 cb08017e7fc00000 0 0
1 1 1 bcaf46237f800000 0 0
1 1 1 4eceeaa8ff800000 0 0
1 1 1 cb45e3687fc00000 0 0
1 1 1 ce0f52f47fc00000 0 0
1 1 1 b30b302bff800000 0 0
1 1 1 4092d9ca7fc00000 0 0
1 1 1 b906162d7f800000 0 0
1 1 1 4c882880ff800000 0 0
1 1 1 b809bc65ff800000 0 0
1 1 1 469767ce7f800000 0 0
1 1 1 c856e4f97f800000 0 0
1 1 1 3818bf307fc00000 0 0
1 1 1 b58a1b3e7fc00000 0 0
1 1 1 407011cb7f800000 0 0
1 1 1 cc875984ff800000 0 0
1 1 1 3f794cfdff800000 0 0
1 1 1 cce13ce0ff800000 0 0
1 1 1 b5cfab3b7fc00000 0 0
1 1 1 c03d4c647f800000 0 0
1 1 1 3921508f7fc00000 0 0
1 1 1 4a11fe60ff800000 0 0
1 1 1 329f0ff07fc00000 0 0
1 1 1 c68e3586ff800000 0 0
1 1 1 373e6fca7fc00000 0 0
1 1 1 3cacc7de7fc00000 0 0
1 1 1 4eef9e317f800000 0 0
1 1 1 c127d5d2ff800000 0 0
1 1 1 b973337eff800000 0 0
1 1 1 c3c4a3bd7f800000 0 0
1 1 1 4d228dcf7f800000 0 0
1 1 1 b538b5407fc00000 0 0
1 1 1 3faf16557fc00000 0 0
1 1 1 bd89c8e9ff800000 0 0
1 1 1 cebd888f7f800000 0 0
1 1 1 4e35574aff800000 0 0
1 1 1 42fa40317f800000 0 0
1 1 1 3f78581e7f800000 0 0
1 1 1 c3ccd4177fc00000 0 0
1 1 1 cde74760ff800000 0 0
1 1 1 418e9e2e7fc00000 0 0
1 1 1 ce9aacafff800000 0 0
1 1 1 bd80225f7f800000 0 0
1 1 1 c97c7c267f800000 0 0
1 1 1 b5d341817f800000 0 0
1 1 1 4ba1ca797fc00000 0 0
1 1 1 b69281867fc00000 0 0
1 1 1 347816707fc00000 0 0
1 1 1 b5c6e2b0ff800000 0 0
1 1 1 b2a9a6387f800000 0 0
1 1 1 bf22649b7f800000 0 0
1 1 1 c91d183e7f800000 0 0
1 1 1 38a5fabeff800000 0 0
1 1 1 c82a35f67fc00000 0 0
1 1 1 c01d0cc17fc00000 0 0
1 1 1 320ec8aaff800000 0 0
1 1 1 b4744906ff800000 0 0
1 1 1 4a3e0c73ff800000 0 0
1 1 1 be9b2cd07fc00000 0 0
1 1 1 4b9ee35aff800000 0 0
1 1 1 be907c557f800000 0 0
1 1 1 420b642c7fc00000 0 0
1 1 1 b8e694057f800000 0 0
1 1 1 3df4a3537fc00000 0 0
1 1 1 4debe0517fc00000 0 0
1 1 1 c7eb7d47ff800000 0 0
1 1 1 b8b328e37fc00000 0 0
1 1 1 4ce51293ff800000 0 0
1 1 1 4c7f1123ff800000 0 0
1 1 1 322d6b877fc00000 0 0
1 1 1 4325fb377fc00000 0 0
1 1 1 b9dbf9e4ff800000 0 0
1 1 1 45c572e1ff800000 0 0
1 1 1 cb958f847fc00000 0 0
1 1 1 38fcb87aff800000 0 0
1 1 1 4ba1d1dc7fc00000 0 0
1 1 1 4c17182d7fc00000 0 0
1 1 1 3a62b6b47f800000 0 0
1 1 1 44b8155b7fc00000 0 0
1 1 1 340dfc367fc00000 0 0
1 1 1 30a8c23dff800000 0 0
1 1 1 4d6e1239ff800000 0 0
1 1 1 c49b0fc17f800000 0 0
1 1 1 3fdcbeceff800000 0 0
1 1 1 ca9664cf7f800000 0 0
1 1 1 33c3c0feff800000 0 0
1 1 1 b86d34277fc00000 0 0
1 1 1 4c2c43117fc00000 0 0
1 1 1 c2a15a397f800000 0 0
1 1 1 3b0a1a7bff800000 0 0
1 1 1 30e37087ff800000 0 0
1 1 1 c320ce917fc00000 0 0
1 1 1 3aaaf35c7f800000 0 0
1 1 1 b54012497fc00000 0 0
1 1 1 b42f529dff800000 0 0
1 1 1 c9423aba7fc00000 0 0
1 1 1 4b9bef697fc00000 0 0
1 1 1 4c9334597fc00000 0 0
1 1 1 caaa0a00ff800000 0 0
1 1 1 3b069c8d7fc00000 0 0
1 1 1 c49eb5767f800000 0 0
1 1 1 b5963c02ff800000 0 0
1 1 1 3db429467f800000 0 0
1 1 1 42945ba7ff800000 0 0
1 1 1 c57093ddff800000 0 0
1 1 1 b5558fddff800000 0 0
1 1 1 48a9c9af7fc00000 0 0
1 1 1 4a66db2d7f800000 0 0
1 1 1 4db6576fff800000 0 0
1 1 1 c9f61ccf7fc00000 0 0
1 1 1 461673517fc00000 0 0
1 1 1 3a251a84ff800000 0 0
1 1 1 bbcaca15ff800000 0 0
1 1 1 47fc127a7fc00000 0 0
1 1 1 427f84e17f800000 0 0
1 1 1 396247cd7fc00000 0 0
1 1 1 4e1ca81f7f800000 0 0
1 1 1 ca3b86c47fc00000 0 0
1 1 1 3f276d247fc00000 0 0
1 1 1 4c383e347fc00000 0 0
1 1 1 b37c4d237f800000 0 0
1 1 1 b6809dfe7f800000 0 0
1 1 1 ce0da70bff800000 0 0
1 1 1 386df0007f800000 0 0
1 1 1 c0c4c6adff800000 0 0
1 1 1 399c6b987f800000 0 0
1 1 1 b2237501ff800000 0 0
1 1 1 bfdff80f7f800000 0 0
1 1 1 b48ce40eff800000 0 0
1 1 1 34d4300dff800000 0 0
1 1 1 4c483f7d7f800000 0 0
1 1 1 31dc879f7fc00000 0 0
1 1 1 c6939f397f800000 0 0
1 1 1 4ee6eb3c7f800000 0 0
1 1 1 b827d053ff800000 0 0
1 1 1 4bfb82017fc00000 0 0
1 1 1 33aee4327f800000 0 0
1 1 1 c9cf42a97fc00000 0 0
1 1 1 3fcfd1627fc00000 0 0
1 1 1 bc1b7b81ff800000 0 0
1 1 1 c6ef6fd57fc00000 0 0
1 1 1 b0ca406fff800000 0 0
1 1 1 3ee21bb27f800000 0 0
1 1 1 43b647c17f800000 0 0
1 1 1 3db220f77fc00000 0 0
1 1 1 ce5bfc097f800000 0 0
1 1 1 3498918b7f800000 0 0
1 1 1 be05edfa7f800000 0 0
1 1 1 33b130b9ff800000 0 0
1 1 1 b8bf94e27fc00000 0 0
1 1 1 423db827ff800000 0 0
1 1 1 b0ae6d287fc00000 0 0
1 1 1 30efa8d77fc00000 0 0
1 1 1 435ef3887f800000 0 0
1 1 1 3cabf0f07fc00000 0 0
1 1 1 be8cf2817f800000 0 0
1 1 1 ccefd7617f800000 0 0
1 1 1 3f923af57f800000 0 0
1 1 1 4d9f725bff800000 0 0
1 1 1 3a1c8257ff800000 0 0
1 1 1 baa36b717fc00000 0 0
1 1 1 4805880c7fc00000 0 0
1 1 1 c9494c107f800000 0 0
1 1 1 372c3cee7f800000 0 0
1 1 1 46cb11f67fc00000 0 0
1 1 1 412d598c7f800000 0 0
1 1 1 ba47c2597f800000 0 0
1 1 1 44e2f903ff800000 0 0
1 1 1 bfd03b1e7f800000 0 0
1 1 1 bcf88ee37fc00000 0 0
1 1 1 bd7cea237f800000 0 0
1 1 1 c64b38297f800000 0 0
1 1 1 3f99affd7f800000 0 0
1 1 1 418d8df77f800000 0 0
1 1 1 b1ee48c77fc00000 0 0
1 1 1 49c94a7c7fc00000 0 0
1 1 1 bce4d2ddff800000 0 0
1 1 1 3b01020b7fc00000 0 0
1 1 1 c568e406ff800000 0 0
1 1 1 3e3e706a7f800000 0 0
1 1 1 378f2c9f7f800000 0 0
1 1 1 4790edc7ff800000 0 0
1 1 1 c3344bd97fc00000 0 0
1 1 1 c3aca0e57f800000 0 0
1 1 1 b16834417fc00000 0 0
1 1 1 c32762077f800000 0 0
1 1 1 b5b9cc397f800000 0 0
1 1 1 3e5e6da27fc00000 0 0
1 1 1 3a9de4987f800000 0 0
1 1 1 c2e624e87f800000 0 0
1 1 1 454a9d90ff800000 0 0
1 1 1 31a8d1b37fc00000 0 0
1 1 1 435a4f4e7f800000 0 0
1 1 1 b730a5eb7fc00000 0 0
1 1 1 c7551e287fc00000 0 0
1 1 1 410cfabeff800000 0 0
1 1 1 c8f1184aff800000 0 0
1 1 1 cbfc9fa3ff800000 0 0
1 1 1 378bc5967f800000 0 0
1 1 1 49c4e828ff800000 0 0
1 1 1 b9219dec7fc00000 0 0
1 1 1 bd6d0b237f800000 0 0
1 1 1 ca24ee7aff800000 0 0
1 1 1 4ae6fe377f800000 0 0
1 1 1 32930482ff800000 0 0
1 1 1 3322a0fb7fc00000 0 0
1 1 1 4bbffefe7f800000 0 0
1 1 1 cb9693fb7fc00000 0 0
1 1 1 b3cf9968ff800000 0 0
1 1 1 c8cd70797fc00000 0 0
1 1 1 b9854163ff800000 0 0
1 1 1 3f96c6d5ff800000 0 0
1 1 1 b70e71cc7f800000 0 0
1 1 1 48da1eb8ff800000 0 0
1 1 1 b18442e57f800000 0 0
1 1 1 c62df0377fc00000 0 0
1 1 1 36bd60857fc00000 0 0
1 1 1 3e5f7e66ff800000 0 0
1 1 1 4884cd0a7f800000 0 0
1 1 1 3604ad3aff800000 0 0
1 1 1 b10b28417fc00000 0 0
1 1 1 b58722d37f800000 0 0
1 1 1 cdb3f8177fc00000 0 0
1 1 1 311d1d8f7f800000 0 0
1 1 1 3c81b3ffff800000 0 0
1 1 1 4cc45dfdff800000 0 0
1 1 1 47b89ff7ff800000 0 0
1 1 1 4886f137ff800000 0 0
1 1 1 b66b1babff800000 0 0
1 1 1 ce9c4fc27fc00000 0 0
1 1 1 c7ac47547f800000 0 0
1 1 1 b690e7b87fc00000 0 0
1 1 1 b65f41687fc00000 0 0
1 1 1 4eab1fd57fc00000 0 0
1 1 1 c4be7fc87f800000 0 0
1 1 1 cc855d5b7fc00000 0 0
1 1 1 340fb0ab7f800000 0 0
1 1 1 c61c9c297f800000 0 0
1 1 1 385dec54ff800000 0 0
1 1 1 4042a37f7fc00000 0 0
1 1 1 c705d7157fc00000 0 0
1 1 1 b269b8357f800000 0 0
1 1 1 bb3f9b43ff800000 0 0
1 1 1 be091e427fc00000 0 0
1 1 1 c76ddd497f800000 0 0
1 1 1 42ba7359ff800000 0 0
1 1 1 be8dac01ff800000 0 0
1 1 1 44a38eed7f800000 0 0
1 1 1 ca91eec0ff800000 0 0
1 1 1 b79987c07f800000 0 0
1 1 1 495e31a87fc00000 0 0
1 1 1 b3e36b017fc00000 0 0
1 1 1 b38ee14e7f800000 0 0
1 1 1 32a1c35aff800000 0 0
1 1 1 bf9e97097f800000 0 0
1 1 1 ca9e5175ff800000 0 0
1 1 1 cb39d37b7f800000 0 0
1 1 1 4a3dbef07fc00000 0 0
1 1 1 ba67c5067fc00000 0 0
1 1 1 46a54ab67fc00000 0 0
1 1 1 44ee7a22ff800000 0 0
1 1 1 b126c04c7fc00000 0 0
1 1 1 bd21a2e17fc00000 0 0
1 1 1 cbef94ef7f800000 0 0
1 1 1 c041137f7fc00000 0 0
1 1 1 c7dd0ca9ff800000 0 0
1 1 1 bd4662eaff800000 0 0
1 1 1 46c12b447fc00000 0 0
1 1 1 344054f47fc00000 0 0
1 1 1 39477ad67fc00000 0 0
1 1 1 b7921a85ff800000 0 0
1 1 1 492eb2097f800000 0 0
1 1 1 b8a3195aff800000 0 0
1 1 1 cec80b947fc00000 0 0
1 1 1 3a8dab967fc00000 0 0
1 1 1 4cc4cbff7fc00000 0 0
1 1 1 c3beffe37fc00000 0 0
1 1 1 3704d02a7f800000 0 0
1 1 1 4bea643a7f800000 0 0
1 1 1 410b8409ff800000 0 0
1 1 1 3d788b567f800000 0 0
1 1 1 4a1c14b97fc00000 0 0
1 1 1 b1f81c05ff800000 0 0
1 1 1 49bc8dbc7fc00000 0 0
1 1 1 c9ea991dff800000 0 0
1 1 1 3c9d0724ff800000 0 0
1 1 1 c930466dff800000 0 0
1 1 1 baa6ba61ff800000 0 0
1 1 1 b0c164c67f800000 0 0
1 1 1 376f4cb87fc00000 0 0
1 1 1 b43b4b2e7f800000 0 0
1 1 1 b1219c877f800000 0 0
1 1 1 bfddd5447f800000 0 0
1 1 1 3dac9464ff800000 0 0
1 1 1 b99708f57f800000 0 0
1 1 1 30b05e657fc00000 0 0
1 1 1 37af87257f800000 0 0
1 1 1 3a6e95c87fc00000 0 0
1 1 1 c89687057fc00000 0 0
1 1 1 b65245a77f800000 0 0
1 1 1 b1f48d4c7f800000 0 0
1 1 1 393c4e0cff800000 0 0
1 1 1 318a056dff800000 0 0
1 1 1 4a7d15887f800000 0 0
1 1 1 461582787fc00000 0 0
1 1 1 be4f3d807f800000 0 0
1 1 1 4763a3b4ff800000 0 0
1 1 1 c4da51fe7fc00000 0 0
1 1 1 cbd4f3faff800000 0 0
1 1 1 345b1e8a7fc00000 0 0
1 1 1 b1131ed57f800000 0 0
1 1 1 c63b8438ff800000 0 0
1 1 1 c7e8b3327f800000 0 0
1 1 1 bdcdb613ff800000 0 0
1 1 1 4b2931267fc00000 0 0
1 1 1 cdf929f17fc00000 0 0
1 1 1 b86179e17f800000 0 0
1 1 1 cd502c077fc00000 0 0
1 1 1 bd2884717fc00000 0 0
1 1 1 c645f5157fc00000 0 0
1 1 1 38fc3cc27fc00000 0 0
1 1 1 c67626f27fc00000 0 0
1 1 1 ba065bc2ff800000 0 0
1 1 1 3d1866367f800000 0 0
1 1 1 4b88a45f7fc00000 0 0
1 1 1 38e8e2717f800000 0 0
1 1 1 bf8440ebff800000 0 0
1 1 1 4a6878067f800000 0 0
1 1 1 3724ae077fc00000 0 0
1 1 1 3ab9dd5fff800000 0 0
1 1 1 b37b76c7ff800000 0 0
1 1 1 b4875de9ff800000 0 0
1 1 1 38a341e57f800000 0 0
1 1 1 3e4999feff800000 0 0
1 1 1 c2a96544ff800000 0 0
1 1 1 b77802837fc00000 0 0
1 1 1 38611147ff800000 0 0
1 1 1 b22766a97fc00000 0 0
1 1 1 4e97bf4dff800000 0 0
1 1 1 428574ac7f800000 0 0
1 1 1 3953a26bff800000 0 0
1 1 1 35cdd2e57f800000 0 0
1 1 1 342bee23ff800000 0 0
1 1 1 41fe5addff800000 0 0
1 1 1 387486387fc00000 0 0
1 1 1 b66e47fe7f800000 0 0
1 1 1 ce91a604ff800000 0 0
1 1 1 42edb9657f800000 0 0
1 1 1 3995bda87fc00000 0 0
1 1 1 c52be72aff800000 0 0
1 1 1 4893b1a47fc00000 0 0
1 1 1 c9dcf6087fc00000 0 0
1 1 1 34cbe5e87f800000 0 0
1 1 1 c7268ef87fc00000 0 0
1 1 1 b6eb2e037fc00000 0 0
1 1 1 ca9b5373ff800000 0 0
1 1 1 38762e2d7fc00000 0 0
1 1 1 4bcf68487f800000 0 0
1 1 1 3f36f16bff800000 0 0
1 1 1 c9f61f49ff800000 0 0
1 1 1 38abc5f37f800000 0 0
1 1 1 cca564a97f800000 0 0
1 1 1 3da535fcff800000 0 0
1 1 1 37f93681ff800000 0 0
1 1 1 bd1d40947fc00000 0 0
1 1 1 bd4579d87fc00000 0 0
1 1 1 4b18c2097f800000 0 0
1 1 1 4ee07792ff800000 0 0
1 1 1 cb38d0867fc00000 0 0
1 1 1 c8762075ff800000 0 0
1 1 1 30957c467f800000 0 0
1 1 1 c78bd61fff800000 0 0
1 1 1 4620e6557fc00000 0 0
1 1 1 b61f56b97f800000 0 0
1 1 1 31632b247f800000 0 0
1 1 1 313e953b7f800000 0 0
1 1 1 3596849d7f800000 0 0
1 1 1 bc1a680f7f800000 0 0
1 1 1 baec19b17f800000 0 0
1 1 1 ccc882daff800000 0 0
1 1 1 b8ed040eff800000 0 0
1 1 1 bf081e62ff800000 0 0
1 1 1 bdd44cd87f800000 0 0
1 1 1 b847e722ff800000 0 0
1 1 1 b5d0be247fc00000 0 0
1 1 1 cdb2a7ba7f800000 0 0
1 1 1 4d9ebedbff800000 0 0
1 1 1 4400e5927f800000 0 0
1 1 1 b6f33cf6ff800000 0 0
1 1 1 480273f27fc00000 0 0
1 1 1 4053be8aff800000 0 0
1 1 1 be0643f4ff800000 0 0
1 1 1 c31376c77f800000 0 0
1 1 1 4d1c0304ff800000 0 0
1 1 1 3533f4f47f800000 0 0
1 1 1 b138e2eeff800000 0 0
1 1 1 cbee02e67fc00000 0 0
1 1 1 cea3ed677fc00000 0 0
1 1 1 bd3e96d4ff800000 0 0
1 1 1 3d2ef7997f800000 0 0
1 1 1 31d570a9ff800000 0 0
1 1 1 bf94bf0e7f800000 0 0
1 1 1 cab02b807f800000 0 0
1 1 1 4d8594317fc00000 0 0
1 1 1 487f6491ff800000 0 0
1 1 1 4a1669dc7fc00000 0 0
1 1 1 c8567a01ff800000 0 0
1 1 1 30c902927f800000 0 0
1 1 1 443f35827f800000 0 0
1 1 1 31a0f07fff800000 0 0
1 1 1 4c5ae0cd7f800000 0 0
1 1 1 333a80a27fc00000 0 0
1 1 1 3e944b6eff800000 0 0
1 1 1 412fc4547fc00000 0 0
1 1 1 cbb104577fc00000 0 0
1 1 1 cba3b162ff800000 0 0
1 1 1 4577ba68ff800000 0 0
1 1 1 ca9522d6ff800000 0 0
1 1 1 b21fd93c7fc00000 0 0
1 1 1 3d97a7c37f800000 0 0
1 1 1 bd50c7c5ff800000 0 0
1 1 1 4c56e1a27f800000 0 0
1 1 1 412d76fc7f800000 0 0
1 1 1 457364cf7fc00000 0 0
1 1 1 4cc7ffb37f800000 0 0
1 1 1 c999b283ff800000 0 0
1 1 1 4aea79b6ff800000 0 0
1 1 1 40ab0c147fc00000 0 0
1 1 1 bd23f3f37fc00000 0 0
1 1 1 410178387fc00000 0 0
1 1 1 464fa90b7f800000 0 0
1 1 1 be1a7557ff800000 0 0
1 1 1 c8f09d6a7fc00000 0 0
1 1 1 33503e9a7f800000 0 0
1 1 1 315b38e3ff800000 0 0
1 1 1 4068103d7f800000 0 0
1 1 1 c3fd1c767fc00000 0 0
1 1 1 c7d9a0ce7fc00000 0 0
1 1 1 ccf7983bff800000 0 0
1 1 1 c95833ac7f800000 0 0
1 1 1 4575278aff800000 0 0
1 1 1 b33587e77fc00000 0 0
1 1 1 49eb9dfd7f800000 0 0
1 1 1 c061a39d7f800000 0 0
1 1 1 492213cc7fc00000 0 0
1 1 1 4a822e08ff800000 0 0
1 1 1 c9e90db27f800000 0 0
1 1 1 37a33d73ff800000 0 0
1 1 1 c7b327947f800000 0 0
1 1 1 4be3a2edff800000 0 0
1 1 1 3915c172ff800000 0 0
1 1 1 4c4d4a35ff800000 0 0
1 1 1 bc464f1c7f800000 0 0
1 1 1 321323b87fc00000 0 0
1 1 1 beb23ef97fc00000 0 0
1 1 1 ca0b0cdd7f800000 0 0
1 1 1 3a75cbf97f800000 0 0
1 1 1 bd4b4acf7f800000 0 0
1 1 1 49a939147fc00000 0 0
1 1 1 bde5e66a7fc00000 0 0
1 1 1 bb5251897f800000 0 0
1 1 1 b509baa5ff800000 0 0
1 1 1 31e869127f800000 0 0
1 1 1 405448197f800000 0 0
1 1 1 45bbef207f800000 0 0
1 1 1 35f3f3baff800000 0 0
1 1 1 4cc60637ff800000 0 0
1 1 1 41e84c197f800000 0 0
1 1 1 bee93883ff800000 0 0
1 1 1 4a514ce57fc00000 0 0
1 1 1 c197a2fdff800000 0 0
1 1 1 49624ca7ff800000 0 0
1 1 1 c2f8bf887f800000 0 0
1 1 1 c023ee6d7fc00000 0 0
1 1 1 3a608ead7f800000 0 0
1 1 1 3fa98f217f800000 0 0
1 1 1 bb5f9cfd7f800000 0 0
1 1 1 32a6a3647fc00000 0 0
1 1 1 bcb090607fc00000 0 0
1 1 1 c75bdc537f800000 0 0
1 1 1 c942da3aff800000 0 0
1 1 1 365b34017fc00000 0 0
1 1 1 48a2ebbaff800000 0 0
1 1 1 c9403063ff800000 0 0
1 1 1 47d86cfcff800000 0 0
1 1 1 bc98ecfaff800000 0 0
1 1 1 43aea1357fc00000 0 0
1 1 1 4a6648d67f800000 0 0
1 1 1 bfeb9b157f800000 0 0
1 1 1 bb39af3e7fc00000 0 0
1 1 1 3a1771327fc00000 0 0
1 1 1 b12edc56ff800000 0 0
1 1 1 b1e6063bff800000 0 0
1 1 1 b1eddc047fc00000 0 0
1 1 1 c88097067fc00000 0 0
1 1 1 486d4bba7fc00000 0 0
1 1 1 3a68adc67f800000 0 0
1 1 1 b319d690ff800000 0 0
1 1 1 37a560c7ff800000 0 0
1 1 1 b2779857ff800000 0 0
1 1 1 caff9629ff800000 0 0
1 1 1 3b8a958d7fc00000 0 0
1 1 1 352fbaa57f800000 0 0
1 1 1 b1869c647fc00000 0 0
1 1 1 38900ef77fc00000 0 0
1 1 1 4b98d2827f800000 0 0
1 1 1 b94a42937f800000 0 0
1 1 1 b53cd1c07f800000 0 0
1 1 1 cc9c7a29ff800000 0 0
1 1 1 c01924ff7fc00000 0 0
1 1 1 b3b140bdff800000 0 0
1 1 1 3e70ff8d7f800000 0 0
1 1 1 bc33d4997f800000 0 0
1 1 1 31f6f1b87fc00000 0 0
1 1 1 3fddab3aff800000 0 0
1 1 1 c7b62d8b7fc00000 0 0
1 1 1 c12c2ec97f800000 0 0
1 1 1 bd9b9c4cff800000 0 0
1 1 1 c9e2a25bff800000 0 0
1 1 1 b9c82aa9ff800000 0 0
1 1 1 3df2a0967fc00000 0 0
1 1 1 4daad8d0ff800000 0 0
1 1 1 42a2356cff800000 0 0
1 1 1 bb00e7987f800000 0 0
1 1 1 b229f3ce7f800000 0 0
1 1 1 49811c8b7fc00000 0 0
1 1 1 c7ce876f7f800000 0 0
1 1 1 b1a03ced7fc00000 0 0
1 1 1 3d1a96427f800000 0 0
1 1 1 394aee80ff800000 0 0
1 1 1 ba45ecbe7f800000 0 0
1 1 1 ced188c07fc00000 0 0
1 1 1 3a2d1a15ff800000 0 0
1 1 1 c7b0e2f17f800000 0 0
1 1 1 3b1cb3867fc00000 0 0
1 1 1 4af929347f800000 0 0
1 1 1 38e7dccc7fc00000 0 0
1 1 1 b55d54177fc00000 0 0
1 1 1 3f59b29f7f800000 0 0
1 1 1 322710c77f800000 0 0
1 1 1 cdbeb547ff800000 0 0
1 1 1 b1ee1699ff800000 0 0
1 1 1 c81b2f7eff800000 0 0
1 1 1 3426190c7f800000 0 0
1 1 1 b5ea522a7fc00000 0 0
1 1 1 32a72e177f800000 0 0
1 1 1 34983d1c7fc00000 0 0
1 1 1 cdda2d027f800000 0 0
1 1 1 33d6e9147fc00000 0 0
1 1 1 ce1888467f800000 0 0
1 1 1 430db65c7f800000 0 0
1 1 1 bfb3a18eff800000 0 0
1 1 1 bcc4c5cb7f800000 0 0
1 1 1 cb706e077fc00000 0 0
1 1 1 b0897550ff800000 0 0
1 1 1 488c8254ff800000 0 0
1 1 1 346c70927fc00000 0 0
1 1 1 cb1adce27fc00000 0 0
1 1 1 be7b978fff800000 0 0
1 1 1 31f4e1fe7f800000 0 0
1 1 1 48910a4f7f800000 0 0
1 1 1 4c3e78fc7fc00000 0 0
1 1 1 3d0d39567fc00000 0 0
1 1 1 c1a9c5dd7f800000 0 0
1 1 1 bc209e607fc00000 0 0
1 1 1 bd4869377f800000 0 0
1 1 1 c90343657fc00000 0 0
1 1 1 31c8d4d37fc00000 0 0
1 1 1 399550bb7f800000 0 0
1 1 1 445269877f800000 0 0
1 1 1 48f3da8c7f800000 0 0
1 1 1 440f45b77f800000 0 0
1 1 1 4d02ee7d7f800000 0 0
1 1 1 3295852aff800000 0 0
1 1 1 c614c9457fc00000 0 0
1 1 1 cbe13bd77f800000 0 0
1 1 1 bf6ad2eeff800000 0 0
1 1 1 3c61eb6c7f800000 0 0
1 1 1 bb399fcb7fc00000 0 0
1 1 1 ca8d63d8ff800000 0 0
1 1 1 4888bccfff800000 0 0
1 1 1 411aa5357f800000 0 0
1 1 1 408475aa7f800000 0 0
1 1 1 ce59ddddff800000 0 0
1 1 1 c446ed5eff800000 0 0
1 1 1 c2362434ff800000 0 0
1 1 1 b4ca96697f800000 0 0
1 1 1 4e560a01ff800000 0 0
1 1 1 37fded88ff800000 0 0
1 1 1 3fa076fa7fc00000 0 0
1 1 1 c058650b7fc00000 0 0
1 1 1 48bd21b8ff800000 0 0
1 1 1 323c87407f800000 0 0
1 1 1 3829f058ff800000 0 0
1 1 1 3156c811ff800000 0 0
1 1 1 b11045c9ff800000 0 0
1 1 1 bbd657187f800000 0 0
1 1 1 3af21e1a7fc00000 0 0
1 1 1 bf53bd4e7fc00000 0 0
1 1 1 4e8b4d98ff800000 0 0
1 1 1 bcb3b02eff800000 0 0
1 1 1 c4b5f6d7ff800000 0 0
1 1 1 491f529f7fc00000 0 0
1 1 1 355c1488ff800000 0 0
1 1 1 46dd8aeaff800000 0 0
1 1 1 36075154ff800000 0 0
1 1 1 c0ee116cff800000 0 0
1 1 1 b99f0ee67fc00000 0 0
1 1 1 b14820157fc00000 0 0
1 1 1 3b723fc67fc00000 0 0
1 1 1 4510bc96ff800000 0 0
1 1 1 3dee9e487f800000 0 0
1 1 1 bb229fdf7fc00000 0 0
1 1 1 b5c0e1dc7f800000 0 0
1 1 1 beacbe907fc00000 0 0
1 1 1 bac610e47f800000 0 0
1 1 1 4640e82f7f800000 0 0
1 1 1 3205955aff800000 0 0
1 1 1 c227d393ff800000 0 0
1 1 1 b102e35b7fc00000 0 0
1 1 1 bdb158ce7fc00000 0 0
1 1 1 3f94d8d47fc00000 0 0
1 1 1 b8e63d797fc00000 0 0
1 1 1 b914eac07f800000 0 0
1 1 1 4aeb9c34ff800000 0 0
1 1 1 4c1d9b067f800000 0 0
1 1 1 475f256e7f800000 0 0
1 1 1 3a669518ff800000 0 0
1 1 1 c35a63a87f800000 0 0
1 1 1 4e75f8547f800000 0 0
1 1 1 b28b2b177f800000 0 0
1 1 1 445cd550ff800000 0 0
1 1 1 31d2e35cff800000 0 0
1 1 1 bc627c147fc00000 0 0
1 1 1 4c1ad3ea7f800000 0 0
1 1 1 c68e28a5ff800000 0 0
1 1 1 41cbb4dc7f800000 0 0
1 1 1 45b9b03e7f800000 0 0
1 1 1 b2add2e67f800000 0 0
1 1 1 3e959dd07fc00000 0 0
1 1 1 3d8dab397fc00000 0 0
1 1 1 35c2ba9a7f800000 0 0
1 1 1 c493370f7fc00000 0 0
1 1 1 b2141e557f800000 0 0
1 1 1 bea9ed1cff800000 0 0
1 1 1 4a168a477f800000 0 0
1 1 1 42ef39eb7fc00000 0 0
1 1 1 3f898c7e7fc00000 0 0
1 1 1 c26b9b50ff800000 0 0
1 1 1 350daf057f800000 0 0
1 1 1 42095ce5ff800000 0 0
1 1 1 b0875cd27f800000 0 0
1 1 1 c5c40d3b7fc00000 0 0
1 1 1 b4c75bfe7fc00000 0 0
1 1 1 47ac7b127f800000 0 0
1 1 1 cd3387dd7f800000 0 0
1 1 1 31b871337f800000 0 0
1 1 1 ba3ed4417f800000 0 0
1 1 1 bae5ed137f800000 0 0
1 1 1 c7b5268a7f800000 0 0
1 1 1 bed8bdce7f800000 0 0
1 1 1 38a815dcff800000 0 0
1 1 1 bf2877227fc00000 0 0
1 1 1 b0d565dfff800000 0 0
1 1 1 393b0a7a7fc00000 0 0
1 1 1 cc53e30f7fc00000 0 0
1 1 1 bb2675db7f800000 0 0
1 1 1 ca9d600e7fc00000 0 0
1 1 1 48cab99f7f800000 0 0
1 1 1 b752b0c47fc00000 0 0
1 1 1 ce174c48ff800000 0 0
1 1 1 b1116eb47f800000 0 0
1 1 1 b87d77a57f800000 0 0
1 1 1 bed55c7bff800000 0 0
1 1 1 33ce75217f800000 0 0
1 1 1 cb8acbb77fc00000 0 0
1 1 1 472099db7f800000 0 0
1 1 1 3cd55b72ff800000 0 0
1 1 1 44a332ac7fc00000 0 0
1 1 1 3fd610257f800000 0 0
1 1 1 c987e6feff800000 0 0
1 1 1 47f9b399ff800000 0 0
1 1 1 b219c88bff800000 0 0
1 1 1 311cd242ff800000 0 0
1 1 1 44e96b1e7f800000 0 0
1 1 1 bfbd1ca17f800000 0 0
1 1 1 31e4ac42ff800000 0 0
1 1 1 4134bcfa7f800000 0 0
1 1 1 cc295342ff800000 0 0
1 1 1 3d38ce697fc00000 0 0
1 1 1 3fe13d45ff800000 0 0
1 1 1 bd34f6ea7f800000 0 0
1 1 1 3cffde4e7fc00000 0 0
1 1 1 32be2cda7fc00000 0 0
1 1 1 40ea9b6b7f800000 0 0
1 1 1 357b595e7f800000 0 0
1 1 1 415091fa7fc00000 0 0
1 1 1 4adefa917f800000 0 0
1 1 1 bd33f798ff800000 0 0
1 1 1 b784e17dff800000 0 0
1 1 1 c6b5ddf37fc00000 0 0
1 1 1 b8168e297fc00000 0 0
1 1 1 c5e9950e7f800000 0 0
1 1 1 30cd11e17fc00000 0 0
1 1 1 bd3791187fc00000 0 0
1 1 1 486068227f800000 0 0
1 1 1 376f03577f800000 0 0
1 1 1 3c2fce23ff800000 0 0
1 1 1 318ca37aff800000 0 0
1 1 1 43b4e9ba7fc00000 0 0
1 1 1 c05f7f9c7fc00000 0 0
1 1 1 bafaeb33ff800000 0 0
1 1 1 4065af7e7f800000 0 0
1 1 1 b235c7917fc00000 0 0
1 1 1 c62b3cb3ff800000 0 0
1 1 1 3dbb3d40ff800000 0 0
1 1 1 49af5946ff800000 0 0
1 1 1 b4d826d67f800000 0 0
1 1 1 c1c04d237f800000 0 0
1 1 1 c90395e87f800000 0 0
1 1 1 ce6e1440ff800000 0 0
1 1 1 cbd8b2fd7f800000 0 0
1 1 1 4c2ba3a67f800000 0 0
1 1 1 c7aac6a77fc00000 0 0
1 1 1 414c2aab7fc00000 0 0
1 1 1 3ecd582bff800000 0 0
1 1 1 ceb245957f800000 0 0
1 1 1 3f079b27ff800000 0 0
1 1 1 b6801bbf7fc00000 0 0
1 1 1 39c642717f800000 0 0
1 1 1 3a3957377fc00000 0 0
1 1 1 3ff76b657fc00000 0 0
1 1 1 41f329657fc00000 0 0
1 1 1 c20934747fc00000 0 0
1 1 1 3b3317387fc00000 0 0
1 1 1 3f98066e7f800000 0 0
1 1 1 ce6b73507fc00000 0 0
1 1 1 c3899d8c7fc00000 0 0
1 1 1 3d660eeb7fc00000 0 0
1 1 1 b4f2b9277fc00000 0 0
1 1 1 309cb2867fc00000 0 0
1 1 1 c88b8631ff800000 0 0
1 1 1 3f9ec3cd7f800000 0 0
1 1 1 b6c181827fc00000 0 0
1 1 1 467bdd8eff800000 0 0
1 1 1 c2a55c517fc00000 0 0
1 1 1 388b79787f800000 0 0
1 1 1 b41e08c2ff800000 0 0
1 1 1 317fb2bd7fc00000 0 0
1 1 1 47d235497fc00000 0 0
1 1 1 4450148bff800000 0 0
1 1 1 4e2e8ee2ff800000 0 0
1 1 1 bfc4ef367fc00000 0 0
1 1 1 356235837f800000 0 0
1 1 1 464f7b4a7fc00000 0 0
1 1 1 b7a53c7a7fc00000 0 0
1 1 1 45e202f77f800000 0 0
1 1 1 333fa46bff800000 0 0
1 1 1 357a86517fc00000 0 0
1 1 1 cbbfce837fc00000 0 0
1 1 1 c636ca087f800000 0 0
1 1 1 c9723302ff800000 0 0
1 1 1 c38d75cc7f800000 0 0
1 1 1 c1f5dd877f800000 0 0
1 1 1 c81b5a31ff800000 0 0
1 1 1 31264a377f800000 0 0
1 1 1 c959aae87fc00000 0 0
1 1 1 49f75b6cff800000 0 0
1 1 1 38d35b037f800000 0 0
1 1 1 4951fd837fc00000 0 0
1 1 1 3a2c53807f800000 0 0
1 1 1 c57eb9297fc00000 0 0
1 1 1 384cb1bfff800000 0 0
1 1 1 c1b30cadff800000 0 0
1 1 1 4dc8cd40ff800000 0 0
1 1 1 be4d2af67fc00000 0 0
1 1 1 bac787c57fc00000 0 0
1 1 1 c0a8a1717f800000 0 0
1 1 1 c858ccd87f800000 0 0
1 1 1 32d1175a7fc00000 0 0
1 1 1 4666b361ff800000 0 0
1 1 1 4882a3a57fc00000 0 0
1 1 1 3c8bc03a7f800000 0 0
1 1 1 bc54fa03ff800000 0 0
1 1 1 48c24baa7fc00000 0 0
1 1 1 bde4a0fd7fc00000 0 0
1 1 1 3104dbbcff800000 0 0
1 1 1 3c94e41eff800000 0 0
1 1 1 36038b267fc00000 0 0
1 1 1 c0b7d239ff800000 0 0
1 1 1 c0711a6f7fc00000 0 0
1 1 1 bb9447227fc00000 0 0
1 1 1 3873bd9b7f800000 0 0
1 1 1 b9dbeea87fc00000 0 0
1 1 1 466278187f800000 0 0
1 1 1 be0faad17fc00000 0 0
1 1 1 4a01fadfff800000 0 0
1 1 1 c61b91c37fc00000 0 0
1 1 1 c99c16f37f800000 0 0
1 1 1 bb98e4c0ff800000 0 0
1 1 1 b4c82af6ff800000 0 0
1 1 1 3320d5547f800000 0 0
1 1 1 c8c623487f800000 0 0
1 1 1 3b52191b7f800000 0 0
1 1 1 468c7bf27f800000 0 0
1 1 1 3442d89c7f800000 0 0
1 1 1 47a518987fc00000 0 0
1 1 1 c986e50e7f800000 0 0
1 1 1 481dcfd67fc00000 0 0
1 1 1 49d5d7577f800000 0 0
1 1 1 30b892547f800000 0 0
1 1 1 ccb00d927f800000 0 0
1 1 1 43505099ff800000 0 0
1 1 1 b88639cd7fc00000 0 0
1 1 1 413798327f800000 0 0
1 1 1 b3bac2e17fc00000 0 0
1 1 1 4166936aff800000 0 0
1 1 1 456977c27f800000 0 0
1 1 1 ca99227bff800000 0 0
1 1 1 40a9b3d5ff800000 0 0
1 1 1 3a9aa19eff800000 0 0
1 1 1 bbc2f806ff800000 0 0
1 1 1 b5a0e4cd7fc00000 0 0
1 1 1 cb4f14e57f800000 0 0
1 1 1 4d80476b7fc00000 0 0
1 1 1 b93bf4d37f800000 0 0
1 1 1 c475e4d17fc00000 0 0
1 1 1 c1f46b34ff800000 0 0
1 1 1 cbbd01caff800000 0 0
1 1 1 ba99d0187f800000 0 0
1 1 1 c29b5ec27f800000 0 0
1 1 1 3deb1fe17fc00000 0 0
1 1 1 be1c0213ff800000 0 0
1 1 1 3d18d86aff800000 0 0
1 1 1 37a271317f800000 0 0
1 1 1 4d9be41c7fc00000 0 0
1 1 1 c2d57c7f7fc00000 0 0
1 1 1 4e7a1cf97f800000 0 0
1 1 1 bb7ba330ff800000 0 0
1 1 1 c76bbce07fc00000 0 0
1 1 1 3abaabb57fc00000 0 0
1 1 1 4d00976f7fc00000 0 0
1 1 1 466ff5f9ff800000 0 0
1 1 1 427526a77f800000 0 0
1 1 1 48a993e37fc00000 0 0
1 1 1 361066d87fc00000 0 0
1 1 1 b117608c7fc00000 0 0
1 1 1 b2a65fabff800000 0 0
1 1 1 b174f590ff800000 0 0
1 1 1 41c9fd5b7f800000 0 0
1 1 1 340a65eb7f800000 0 0
1 1 1 356d15f6ff800000 0 0
1 1 1 b9f21c267f800000 0 0
1 1 1 3468bef0ff800000 0 0
1 1 1 c43d86fc7f800000 0 0
1 1 1 b4253e417f800000 0 0
1 1 1 414322e6ff800000 0 0
1 1 1 cda247c2ff800000 0 0
1 1 1 ca5f70c8ff800000 0 0
1 1 1 45ca6946ff800000 0 0
1 1 1 33decfd07f800000 0 0
1 1 1 31688d457fc00000 0 0
1 1 1 490acb607fc00000 0 0
1 1 1 be959cdd7fc00000 0 0
1 1 1 c53b841f7fc00000 0 0
1 1 1 410f5a787fc00000 0 0
1 1 1 c1d0b27a7fc00000 0 0
1 1 1 c605bcd2ff800000 0 0
1 1 1 433596f97fc00000 0 0
1 1 1 b97cddf4ff800000 0 0
1 1 1 c15330ae7fc00000 0 0
1 1 1 ca427e2fff800000 0 0
1 1 1 b2622e747fc00000 0 0
1 1 1 bd6eb6827f800000 0 0
1 1 1 486717f57fc00000 0 0
1 1 1 cb6a626f7fc00000 0 0
1 1 1 3a7dc59c7fc00000 0 0
1 1 1 b285518cff800000 0 0
1 1 1 c042e8697f800000 0 0
1 1 1 bab6fcd67f800000 0 0
1 1 1 b0a5c30b7fc00000 0 0
1 1 1 34baf1ebff800000 0 0
1 1 1 b802f713ff800000 0 0
1 1 1 44b764227f800000 0 0
1 1 1 445f8934ff800000 0 0
1 1 1 cd5869287f800000 0 0
1 1 1 b408f778ff800000 0 0
1 1 1 b14c33ee7f800000 0 0
1 1 1 b48dde857f800000 0 0
1 1 1 b85e6c687fc00000 0 0
1 1 1 3f8e878d7fc00000 0 0
1 1 1 c2bb061f7fc00000 0 0
1 1 1 35f597877f800000 0 0
1 1 1 36f9a0db7f800000 0 0
1 1 1 43f50392ff800000 0 0
1 1 1 484c81ac7f800000 0 0
1 1 1 b08eddfeff800000 0 0
1 1 1 3a2919bb7f800000 0 0
1 1 1 c74c958cff800000 0 0
1 1 1 4c5a4cfe7f800000 0 0
1 1 1 3ffe72d07fc00000 0 0
1 1 1 42dfd3187fc00000 0 0
1 1 1 b77aa0f07f800000 0 0
1 1 1 c28aebf7ff800000 0 0
1 1 1 bc70ef897fc00000 0 0
1 1 1 b2c388307fc00000 0 0
1 1 1 3a66b97eff800000 0 0
1 1 1 c8bf2e557fc00000 0 0
1 1 1 45c47225ff800000 0 0
1 1 1 4be45fac7f800000 0 0
1 1 1 c77530de7f800000 0 0
1 1 1 4199f00aff800000 0 0
1 1 1 33db8eceff800000 0 0
1 1 1 4db1c10fff800000 0 0
1 1 1 bddc6ecb7f800000 0 0
1 1 1 b7be563e7fc00000 0 0
1 1 1 43596bfa7f800000 0 0
1 1 1 c2f4c9ccff800000 0 0
1 1 1 bc429ea47f800000 0 0
1 1 1 c366167a7f800000 0 0
1 1 1 3e73295fff800000 0 0
1 1 1 3263d9607fc00000 0 0
1 1 1 b49cce687f800000 0 0
1 1 1 383a1b587fc00000 0 0
1 1 1 b71270c67fc00000 0 0
1 1 1 4910d5997f800000 0 0
1 1 1 ca733699ff800000 0 0
1 1 1 4039b7cd7fc00000 0 0
1 1 1 c7607ba27fc00000 0 0
1 1 1 3a7100e97f800000 0 0
1 1 1 40356fb87f800000 0 0
1 1 1 b3627f2a7f800000 0 0
1 1 1 c0ca402b7fc00000 0 0
1 1 1 b558eaf67fc00000 0 0
1 1 1 31a070a27f800000 0 0
1 1 1 bea380457fc00000 0 0
1 1 1 4cec63beff800000 0 0
1 1 1 419258617fc00000 0 0
1 1 1 c460fae07f800000 0 0
1 1 1 be78e9987f800000 0 0
1 1 1 4a81c6727f800000 0 0
1 1 1 bb602f237fc00000 0 0
1 1 1 498d66ba7f800000 0 0
1 1 1 31c174f7ff800000 0 0
1 1 1 b309fa3b7f800000 0 0
1 1 1 452ac7ddff800000 0 0
1 1 1 ca7f0fffff800000 0 0
1 1 1 c4edcd64ff800000 0 0
1 1 1 b94783657fc00000 0 0
1 1 1 c645e0387f800000 0 0
1 1 1 c82b495a7fc00000 0 0
1 1 1 4013acdaff800000 0 0
1 1 1 4000a9beff800000 0 0
1 1 1 c66bb4497fc00000 0 0
1 1 1 3da69cd67fc00000 0 0
1 1 1 c88a2a497f800000 0 0
1 1 1 3e6bbe0fff800000 0 0
1 1 1 bdaf52a8ff800000 0 0
1 1 1 b1fc205a7fc00000 0 0
1 1 1 4bb5bce07f800000 0 0
1 1 1 b988e79c7f800000 0 0
1 1 1 30898d5e7f800000 0 0
1 1 1 b739aa4d7fc00000 0 0
1 1 1 31fea42c7f800000 0 0
1 1 1 4b4475e77f800000 0 0
1 1 1 c23195dcff800000 0 0
1 1 1 bf293e837fc00000 0 0
1 1 1 41359f927fc00000 0 0
1 1 1 4e1d6df57f800000 0 0
1 1 1 36b36c2bff800000 0 0
1 1 1 b80662717fc00000 0 0
1 1 1 46e9fc817f800000 0 0
1 1 1 bc5729bd7fc00000 0 0
1 1 1 ca58a1057f800000 0 0
1 1 1 318726ff7fc00000 0 0
1 1 1 4bb52831ff800000 0 0
1 1 1 494d91407f800000 0 0
1 1 1 4db22c527f800000 0 0
1 1 1 ccc3ea8f7fc00000 0 0
1 1 1 398ed4597f800000 0 0
1 1 1 bc9b4ff5ff800000 0 0
1 1 1 b94fab1a7f800000 0 0
1 1 1 44852af97f800000 0 0
1 1 1 ce11096c7fc00000 0 0
1 1 1 4246609f7fc00000 0 0
1 1 1 4750539f7fc00000 0 0
1 1 1 b268415f7fc00000 0 0
1 1 1 43d27763ff800000 0 0
1 1 1 452401ea7f800000 0 0
1 1 1 42ecf43f7fc00000 0 0
1 1 1 b96125887f800000 0 0
1 1 1 bb74d8a27f800000 0 0
1 1 1 4a8ab6d47f800000 0 0
1 1 1 b1011f0f7f800000 0 0
1 1 1 c692421f7fc00000 0 0
1 1 1 426f329f7fc00000 0 0
1 1 1 b8b355d0ff800000 0 0
1 1 1 40abbecdff800000 0 0
1 1 1 b936db967f800000 0 0
1 1 1 3e18f63c7fc00000 0 0
1 1 1 47e403027fc00000 0 0
1 1 1 c11266c77fc00000 0 0
1 1 1 c9221e9b7fc00000 0 0
1 1 1 ba8d12dc7fc00000 0 0
1 1 1 b931455cff800000 0 0
1 1 1 c604904dff800000 0 0
1 1 1 c093110c7fc00000 0 0
1 1 1 3269d8be7fc00000 0 0
1 1 1 b249c0077f800000 0 0
1 1 1 c17fd03e7fc00000 0 0
1 1 1 c82bdc2c7fc00000 0 0
1 1 1 40c1bfe07f800000 0 0
1 1 1 b52e0dd47fc00000 0 0
1 1 1 3cd1923c7f800000 0 0
1 1 1 40d992c87fc00000 0 0
1 1 1 3365d1337fc00000 0 0
1 1 1 3e736fc9ff800000 0 0
1 1 1 465974c7ff800000 0 0
1 1 1 3bcdfcba7f800000 0 0
1 1 1 4c0476327fc00000 0 0
1 1 1 ce9cb78c7f800000 0 0
1 1 1 30fc7b697f800000 0 0
1 1 1 cbd54efa7f800000 0 0
1 1 1 bc1a99e77fc00000 0 0
1 1 1 42dfc3e0ff800000 0 0
1 1 1 c6aeda417f800000 0 0
1 1 1 41432141ff800000 0 0
1 1 1 c12b8c2eff800000 0 0
1 1 1 31713f07ff800000 0 0
1 1 1 35f109ad7f800000 0 0
1 1 1 41599336ff800000 0 0
1 1 1 4902d12e7fc00000 0 0
1 1 1 b24728547f800000 0 0
1 1 1 c97bc210ff800000 0 0
1 1 1 3733d7e37f800000 0 0
1 1 1 4bd1e72dff800000 0 0
1 1 1 32556dbd7f800000 0 0
1 1 1 caa21e607fc00000 0 0
1 1 1 bf677427ff800000 0 0
1 1 1 c583bec47f800000 0 0
1 1 1 3187370e7f800000 0 0
1 1 1 4daf67d3ff800000 0 0
1 1 1 32e645287f800000 0 0
1 1 1 b5e8741c7fc00000 0 0
1 1 1 44a940c7ff800000 0 0
1 1 1 b1d42d0aff800000 0 0
1 1 1 4492e9a37f800000 0 0
1 1 1 bc769f73ff800000 0 0
1 1 1 b64c4dab7f800000 0 0
1 1 1 37e70ce87fc00000 0 0
1 1 1 c5aac8547f800000 0 0
1 1 1 4c001e66ff800000 0 0
1 1 1 4b9089c67f800000 0 0
1 1 1 b47964457f800000 0 0
1 1 1 ccaf50fa7f800000 0 0
1 1 1 485fa4f67fc00000 0 0
1 1 1 ba27dcf2ff800000 0 0
1 1 1 b90b6d487fc00000 0 0
1 1 1 4a389bdeff800000 0 0
1 1 1 3576a55c7f800000 0 0
1 1 1 4d46ebc17f800000 0 0
1 1 1 361a5a207fc00000 0 0
1 1 1 b92c167c7f800000 0 0
1 1 1 ca8c94d17f800000 0 0
1 1 1 ccecd9217f800000 0 0
1 1 1 b782cbceff800000 0 0
1 1 1 b9320e6e7fc00000 0 0
1 1 1 c9be23a17fc00000 0 0
1 1 1 b7c25ee3ff800000 0 0
1 1 1 3804910a7fc00000 0 0
1 1 1 34aad6bd7fc00000 0 0
1 1 1 36262e527fc00000 0 0
1 1 1 c005fda07fc00000 0 0
1 1 1 b3983309ff800000 0 0
1 1 1 b624b8507fc00000 0 0
1 1 1 c6c669617fc00000 0 0
1 1 1 3281d0b07f800000 0 0
1 1 1 446f3113ff800000 0 0
1 1 1 c9124641ff800000 0 0
1 1 1 4960a10f7fc00000 0 0
1 1 1 429849bfff800000 0 0
1 1 1 379271bc7f800000 0 0
1 1 1 c08f5bd17f800000 0 0
1 1 1 cb0896a97f800000 0 0
1 1 1 bc2b649a7f800000 0 0
1 1 1 c96734977f800000 0 0
1 1 1 4d3517127fc00000 0 0
1 1 1 4b73d6c87f800000 0 0
1 1 1 3723c76f7f800000 0 0
1 1 1 b9d26683ff800000 0 0
1 1 1 37066d917fc00000 0 0
1 1 1 4a7547d7ff800000 0 0
1 1 1 b42ca87d7fc00000 0 0
1 1 1 c4cb981b7f800000 0 0
1 1 1 4632827b7f800000 0 0
1 1 1 4e439e967f800000 0 0
1 1 1 369713917fc00000 0 0
1 1 1 ba40be1c7fc00000 0 0
1 1 1 b38657fd7f800000 0 0
1 1 1 b98024e2ff800000 0 0
1 1 1 3704760b7fc00000 0 0
1 1 1 c996438fff800000 0 0
1 1 1 33361af97f800000 0 0
1 1 1 c6c4ec3c7fc00000 0 0
1 1 1 c37aa05fff800000 0 0
1 1 1 ca0b986d7f800000 0 0
1 1 1 4eba801bff800000 0 0
1 1 1 41cd35d3ff800000 0 0
1 1 1 bbb98fa6ff800000 0 0
1 1 1 cbf587907f800000 0 0
1 1 1 43c35a957fc00000 0 0
1 1 1 bcd17dce7f800000 0 0
1 1 1 cc8afcc5ff800000 0 0
1 1 1 b09a3bad7f800000 0 0
1 1 1 31a696617f800000 0 0
1 1 1 c1f64dafff800000 0 0
1 1 1 34aff6767f800000 0 0
1 1 1 3e0a8a557f800000 0 0
1 1 1 3f2958837f800000 0 0
1 1 1 40f8daf07f800000 0 0
1 1 1 bb9a7e5c7fc00000 0 0
1 1 1 c1c7be1fff800000 0 0
1 1 1 3935448a7fc00000 0 0
1 1 1 bcafbc7cff800000 0 0
1 1 1 b14ecf477f800000 0 0
1 1 1 432545f57f800000 0 0
1 1 1 45b7a7557f800000 0 0
1 1 1 3a26a3747fc00000 0 0
1 1 1 b760f1b3ff800000 0 0
1 1 1 39c82b307fc00000 0 0
1 1 1 31ccc3cb7f800000 0 0
1 1 1 467b11097fc00000 0 0
1 1 1 c95b9b527f800000 0 0
1 1 1 b4370a207fc00000 0 0
1 1 1 461ebec27f800000 0 0
1 1 1 b6db10537f800000 0 0
1 1 1 3e80fc907f800000 0 0
1 1 1 3e77e2c2ff800000 0 0
1 1 1 47943f767fc00000 0 0
1 1 1 47afd6307f800000 0 0
1 1 1 3142a1f47fc00000 0 0
1 1 1 479ebd0b7f800000 0 0
1 1 1 41a41c51ff800000 0 0
1 1 1 cbc29f447f800000 0 0
1 1 1 bc2db5f87f800000 0 0
1 1 1 b8d45bccff800000 0 0
1 1 1 bb06c4337fc00000 0 0
1 1 1 b210f3f77f800000 0 0
1 1 1 b4a0c34bff800000 0 0
1 1 1 bbf5f60aff800000 0 0
1 1 1 380eec427f800000 0 0
1 1 1 ba94fbbe7fc00000 0 0
1 1 1 b40933b7ff800000 0 0
1 1 1 c4a328e7ff800000 0 0
1 1 1 b46bcd907fc00000 0 0
1 1 1 b4f99d467fc00000 0 0
1 1 1 b57a5a847f800000 0 0
1 1 1 3a29d9e97f800000 0 0
1 1 1 c22ca8f27fc00000 0 0
1 1 1 c9bad58e7f800000 0 0
1 1 1 b702b375ff800000 0 0
1 1 1 bd1b833b7fc00000 0 0
1 1 1 c126bb5f7f800000 0 0
1 1 1 358ada09ff800000 0 0
1 1 1 c8cbb21bff800000 0 0
1 1 1 445956597f800000 0 0
1 1 1 42ab22f27f800000 0 0
1 1 1 c9f13b3d7f800000 0 0
1 1 1 c409b3737fc00000 0 0
1 1 1 b35b46377f800000 0 0
1 1 1 b364e5207fc00000 0 0
1 1 1 cbabe8707fc00000 0 0
1 1 1 3fdf0d57ff800000 0 0
1 1 1 38b3eaa47fc00000 0 0
1 1 1 b4a2bb16ff800000 0 0
1 1 1 b1139790ff800000 0 0
1 1 1 c26010c2ff800000 0 0
1 1 1 b8c6276dff800000 0 0
1 1 1 be3b05b1ff800000 0 0
1 1 1 b89072e47f800000 0 0
1 1 1 387cc2b17fc00000 0 0
1 1 1 c850d4be7fc00000 0 0
1 1 1 41d0eb947f800000 0 0
1 1 1 cb3af9a27f800000 0 0
1 1 1 c12fefc17f800000 0 0
1 1 1 436ccc4bff800000 0 0
1 1 1 3974070dff800000 0 0
1 1 1 37a8e1777fc00000 0 0
1 1 1 b474416b7f800000 0 0
1 1 1 cc71672a7f800000 0 0
1 1 1 c4df2a037fc00000 0 0
1 1 1 cb4b7f6c7fc00000 0 0
1 1 1 4e80ee487fc00000 0 0
1 1 1 ccd203807f800000 0 0
1 1 1 336e331c7f800000 0 0
1 1 1 b10d1a2dff800000 0 0
1 1 1 bf85a8ec7fc00000 0 0
1 1 1 3faa66c97fc00000 0 0
1 1 1 3fb23ab37f800000 0 0
1 1 1 47a2e2887fc00000 0 0
1 1 1 3c54914f7f800000 0 0
1 1 1 3a2c386bff800000 0 0
1 1 1 422157be7f800000 0 0
1 1 1 3b7f3f3c7fc00000 0 0
1 1 1 315c2a91ff800000 0 0
1 1 1 347c6e517f800000 0 0
1 1 1 c46f592c7fc00000 0 0
1 1 1 b3c5b49e7fc00000 0 0
1 1 1 3a4a7261ff800000 0 0
1 1 1 322378c87fc00000 0 0
1 1 1 371124587f800000 0 0
1 1 1 40f28e687fc00000 0 0
1 1 1 c5fcfff97f800000 0 0
1 1 1 b5572890ff800000 0 0
1 1 1 ca5275907fc00000 0 0
1 1 1 3cc77975ff800000 0 0
1 1 1 b991f4157fc00000 0 0
1 1 1 b1f060c67f800000 0 0
1 1 1 3a4e9a83ff800000 0 0
1 1 1 ceb0ec2e7f800000 0 0
1 1 1 445511557f800000 0 0
1 1 1 b5d0cb9c7fc00000 0 0
1 1 1 325784bcff800000 0 0
1 1 1 3586f65eff800000 0 0
1 1 1 b77077307f800000 0 0
1 1 1 c707f38f7fc00000 0 0
1 1 1 b3a59bedff800000 0 0
1 1 1 b79c3df37fc00000 0 0
1 1 1 3a2973257f800000 0 0
1 1 1 cd8bd661ff800000 0 0
1 1 1 3d7ca5327fc00000 0 0
1 1 1 4609632eff800000 0 0
1 1 1 c6159e007fc00000 0 0
1 1 1 bcdcb4327fc00000 0 0
1 1 1 311ba321ff800000 0 0
1 1 1 c4f6c358ff800000 0 0
1 1 1 3c5cf0837f800000 0 0
1 1 1 4e4a3c177f800000 0 0
1 1 1 c11b382d7f800000 0 0
1 1 1 bc9de78f7f800000 0 0
1 1 1 c318dde47f800000 0 0
1 1 1 4d595ce7ff800000 0 0
1 1 1 b0d5fb1eff800000 0 0
1 1 1 42c582f0ff800000 0 0
1 1 1 ce178dd5ff800000 0 0
1 1 1 44fe5924ff800000 0 0
1 1 1 bb2063da7f800000 0 0
1 1 1 b12405c47fc00000 0 0
1 1 1 3f11f6017fc00000 0 0
1 1 1 4481df9e7f800000 0 0
1 1 1 c8a54a837f800000 0 0
1 1 1 4cfc9252ff800000 0 0
1 1 1 3c99461a7f800000 0 0
1 1 1 cb40459aff800000 0 0
1 1 1 37e379197fc00000 0 0
1 1 1 4bb4940b7fc00000 0 0
1 1 1 cb253673ff800000 0 0
1 1 1 cebe64a17f800000 0 0
1 1 1 b756758bff800000 0 0
1 1 1 3ea6e9187f800000 0 0
1 1 1 b23d625d7f800000 0 0
1 1 1 c67681767f800000 0 0
1 1 1 40e835b57f800000 0 0
1 1 1 c35db6337f800000 0 0
1 1 1 42da6205ff800000 0 0
1 1 1 c023b2e17fc00000 0 0
1 1 1 38dbae72ff800000 0 0
1 1 1 b6d6708bff800000 0 0
1 1 1 4e8bd4697f800000 0 0
1 1 1 c4e296807f800000 0 0
1 1 1 4c27bd737fc00000 0 0
1 1 1 39c5eaf6ff800000 0 0
1 1 1 3c598e4a7f800000 0 0
1 1 1 489610067f800000 0 0
1 1 1 bbd215127f800000 0 0
1 1 1 c606c3897fc00000 0 0
1 1 1 be36ea417f800000 0 0
1 1 1 b603e935ff800000 0 0
1 1 1 3ad64d3aff800000 0 0
1 1 1 433132277f800000 0 0
1 1 1 4c0e010aff800000 0 0
1 1 1 ca203d937fc00000 0 0
1 1 1 c455c40dff800000 0 0
1 1 1 412f760f7fc00000 0 0
1 1 1 44af0ca57f800000 0 0
1 1 1 47e57126ff800000 0 0
1 1 1 37fa49147fc00000 0 0
1 1 1 4b1d73ec7f800000 0 0
1 1 1 bd42c267ff800000 0 0
1 1 1 35c00e6dff800000 0 0
1 1 1 4785a1fc7f800000 0 0
1 1 1 b545985b7f800000 0 0
1 1 1 b34a355a7fc00000 0 0
1 1 1 4d7d22137fc00000 0 0
1 1 1 be6b8934ff800000 0 0
1 1 1 bde4c4e6ff800000 0 0
1 1 1 c32df3ab7f800000 0 0
1 1 1 c39041a97f800000 0 0
1 1 1 41b88ce97f800000 0 0
1 1 1 c8251e5a7fc00000 0 0
1 1 1 3a54d248ff800000 0 0
1 1 1 425b15237f800000 0 0
1 1 1 b6c5b3417fc00000 0 0
1 1 1 b77322d17fc00000 0 0
1 1 1 bb6d2a1d7f800000 0 0
1 1 1 4a074f2b7f800000 0 0
1 1 1 c84d86587fc00000 0 0
1 1 1 38fa06697f800000 0 0
1 1 1 cd11c5e3ff800000 0 0
1 1 1 c4f667b87f800000 0 0
1 1 1 3bb65e66ff800000 0 0
1 1 1 356eeb227fc00000 0 0
1 1 1 33939d737f800000 0 0
1 1 1 c77b0b32ff800000 0 0
1 1 1 43470c747f800000 0 0
1 1 1 bd08d877ff800000 0 0
1 1 1 b65c7508ff800000 0 0
1 1 1 4c6749967fc00000 0 0
1 1 1 c7a6c476ff800000 0 0
1 1 1 4ad37c4cff800000 0 0
1 1 1 c73fb048ff800000 0 0
1 1 1 417b1c287f800000 0 0
1 1 1 3cf46d9b7fc00000 0 0
1 1 1 4d8c196a7f800000 0 0
1 1 1 c600cbf47fc00000 0 0
1 1 1 327d9ee87fc00000 0 0
1 1 1 3086f346ff800000 0 0
1 1 1 c070673e7fc00000 0 0
1 1 1 4be45e09ff800000 0 0
1 1 1 433ae634ff800000 0 0
1 1 1 b5b714067f800000 0 0
1 1 1 c6581f517fc00000 0 0
1 1 1 3a528a077fc00000 0 0
1 1 1 3bb86e557f800000 0 0
1 1 1 cee5d234ff800000 0 0
1 1 1 c81ab28f7fc00000 0 0
1 1 1 4899c037ff800000 0 0
1 1 1 4896cd71ff800000 0 0
1 1 1 3efee988ff800000 0 0
1 1 1 b8594b7bff800000 0 0
1 1 1 39bd406cff800000 0 0
1 1 1 3d69b70bff800000 0 0
1 1 1 b49060637f800000 0 0
1 1 1 b825fb1b7fc00000 0 0
1 1 1 cd09c4da7fc00000 0 0
1 1 1 413e4cf4ff800000 0 0
1 1 1 48658e947fc00000 0 0
1 1 1 341cac947f800000 0 0
1 1 1 3bdd26e17f800000 0 0
1 1 1 c45648957fc00000 0 0
1 1 1 c6d5c3ceff800000 0 0
1 1 1 4a38a79d7f800000 0 0
1 1 1 bdf4d4d6ff800000 0 0
1 1 1 c899fcbc7fc00000 0 0
1 1 1 47bc4e9aff800000 0 0
1 1 1 b12b8f697fc00000 0 0
1 1 1 c7ca7e067fc00000 0 0
1 1 1 bdbf24a0ff800000 0 0
1 1 1 b351bd7d7f800000 0 0
1 1 1 b2c92fdd7fc00000 0 0
1 1 1 35e28f8d7f800000 0 0
1 1 1 3922f811ff800000 0 0
1 1 1 46fdc7727fc00000 0 0
1 1 1 c2edb8337fc00000 0 0
1 1 1 b6b739107f800000 0 0
1 1 1 c7ea1adaff800000 0 0
1 1 1 c2f7f44c7f800000 0 0
1 1 1 454e1a41ff800000 0 0
1 1 1 b183a767ff800000 0 0
1 1 1 cbe917b7ff800000 0 0
1 1 1 c90d78f0ff800000 0 0
1 1 1 bc44f62d7fc00000 0 0
1 1 1 b97b2f5fff800000 0 0
1 1 1 b6218b20ff800000 0 0
1 1 1 4d3aeb327fc00000 0 0
1 1 1 36bed5e67fc00000 0 0
1 1 1 b7f585227fc00000 0 0
1 1 1 b88b487e7f800000 0 0
1 1 1 417025b2ff800000 0 0
1 1 1 4e1b9eebff800000 0 0
1 1 1 c74057967fc00000 0 0
1 1 1 3f5acd06ff800000 0 0
1 1 1 bd359140ff800000 0 0
1 1 1 4c1404987f800000 0 0
1 1 1 393b9c83ff800000 0 0
1 1 1 cd930f92ff800000 0 0
1 1 1 37aef6577fc00000 0 0
1 1 1 cdbca2b27fc00000 0 0
1 1 1 3f9616617fc00000 0 0
1 1 1 320f0cd8ff800000 0 0
1 1 1 3e63f060ff800000 0 0
1 1 1 bb5546afff800000 0 0
1 1 1 394188e8ff800000 0 0
1 1 1 bb07dc627f800000 0 0
1 1 1 44b6b4277fc00000 0 0
1 1 1 3a629bd07f800000 0 0
1 1 1 c71372727f800000 0 0
1 1 1 cd28bf8c7f800000 0 0
1 1 1 36e01e57ff800000 0 0
1 1 1 32bf2ea17fc00000 0 0
1 1 1 c2389b9cff800000 0 0
1 1 1 b6ab769c7fc00000 0 0
1 1 1 42e819587fc00000 0 0
1 1 1 be5b3cf77fc00000 0 0
1 1 1 3a0a43497fc00000 0 0
1 1 1 42550a607f800000 0 0
1 1 1 3f08bf5c7fc00000 0 0
1 1 1 480829807f800000 0 0
1 1 1 41d29e437f800000 0 0
1 1 1 c37b654d7fc00000 0 0
1 1 1 3c54e7a2ff800000 0 0
1 1 1 3104c173ff800000 0 0
1 1 1 370e94b5ff800000 0 0
1 1 1 48241f6d7fc00000 0 0
1 1 1 ca7c3833ff800000 0 0
1 1 1 c1e3da567f800000 0 0
1 1 1 b1e7e88eff800000 0 0
1 1 1 44978c07ff800000 0 0
1 1 1 c88877547f800000 0 0
1 1 1 c32c4e5c7f800000 0 0
1 1 1 bb9662237f800000 0 0
1 1 1 ba7e0c077f800000 0 0
1 1 1 b773afbd7f800000 0 0
1 1 1 499114917f800000 0 0
1 1 1 ba6fb887ff800000 0 0
1 1 1 cc5be22fff800000 0 0
1 1 1 35d776fdff800000 0 0
1 1 1 cab91403ff800000 0 0
1 1 1 4ea94d687fc00000 0 0
1 1 1 47e32d5a7fc00000 0 0
1 1 1 bab9588eff800000 0 0
1 1 1 cbe04a21ff800000 0 0
1 1 1 bbf303e17f800000 0 0
1 1 1 4eb217227fc00000 0 0
1 1 1 433358d47fc00000 0 0
1 1 1 c000c2b37f800000 0 0
1 1 1 b85120eaff800000 0 0
1 1 1 35c0e9177fc00000 0 0
1 1 1 4dd35f517fc00000 0 0
1 1 1 4407d3457f800000 0 0
1 1 1 3c8a10157fc00000 0 0
1 1 1 c0201ed9ff800000 0 0
1 1 1 4edf720f7fc00000 0 0
1 1 1 410a4d55ff800000 0 0
1 1 1 323a81f1ff800000 0 0
1 1 1 ce3f1e107fc00000 0 0
1 1 1 bfdde3b8ff800000 0 0
1 1 1 48ddda5a7f800000 0 0
1 1 1 cceeb45bff800000 0 0
1 1 1 42248d21ff800000 0 0
1 1 1 b85529d97fc00000 0 0
1 1 1 4638958fff800000 0 0
1 1 1 43e675fb7fc00000 0 0
1 1 1 b616a004ff800000 0 0
1 1 1 b67186cf7f800000 0 0
1 1 1 b93ee6a7ff800000 0 0
1 1 1 bfd48a4fff800000 0 0
1 1 1 ba5ee8207f800000 0 0
1 1 1 bd4eeae77fc00000 0 0
1 1 1 482af3ebff800000 0 0
1 1 1 4a642a0e7fc00000 0 0
1 1 1 caf2d6b17f800000 0 0
1 1 1 cb98a81f7f800000 0 0
1 1 1 487b9e2b7f800000 0 0
1 1 1 34d7ffdcff800000 0 0
1 1 1 473890057f800000 0 0
1 1 1 3d4a109fff800000 0 0
1 1 1 41b17180ff800000 0 0
1 1 1 38e2fd17ff800000 0 0
1 1 1 3f085ec27fc00000 0 0
1 1 1 326f494c7fc00000 0 0
1 1 1 bcca34007f800000 0 0
1 1 1 bd6cdb6f7f800000 0 0
1 1 1 ccef49087fc00000 0 0
1 1 1 c742e95e7fc00000 0 0
1 1 1 c9beb5ba7f800000 0 0
1 1 1 431cfa867fc00000 0 0
1 1 1 c2e12a5d7fc00000 0 0
1 1 1 49c4dbb6ff800000 0 0
1 1 1 c9ec38397f800000 0 0
1 1 1 35c8737e7f800000 0 0
1 1 1 48b2b1457fc00000 0 0
1 1 1 c0124c547f800000 0 0
1 1 1 3f6c8f817f800000 0 0
1 1 1 3553dbdcff800000 0 0
1 1 1 4a3cb69b7f800000 0 0
1 1 1 355ac5887fc00000 0 0
1 1 1 b6930e057fc00000 0 0
1 1 1 b95ea932ff800000 0 0
1 1 1 c5734cc07f800000 0 0
1 1 1 b12de1db7f800000 0 0
1 1 1 419c63197fc00000 0 0
1 1 1 4ed0f6237f800000 0 0
1 1 1 3189af8cff800000 0 0
1 1 1 cec85e93ff800000 0 0
1 1 1 349293ac7f800000 0 0
1 1 1 b1e24da4ff800000 0 0
1 1 1 344b0a117fc00000 0 0
1 1 1 c5b48857ff800000 0 0
1 1 1 46f09b63ff800000 0 0
1 1 1 4134488b7fc00000 0 0
1 1 1 4e04566dff800000 0 0
1 1 1 3d00bfbf7fc00000 0 0
1 1 1 44c50e9e7f800000 0 0
1 1 1 c5eb1c8d7fc00000 0 0
1 1 1 41c98624ff800000 0 0
1 1 1 4b65152dff800000 0 0
1 1 1 b5048643ff800000 0 0
1 1 1 403519f37fc00000 0 0
1 1 1 b56f94b37fc00000 0 0
1 1 1 45542be0ff800000 0 0
1 1 1 b45d613cff800000 0 0
1 1 1 3b0a1c64ff800000 0 0
1 1 1 c7ee98e57fc00000 0 0
1 1 1 3f87f9f77f800000 0 0
1 1 1 cb63407bff800000 0 0
1 1 1 4b0097e37fc00000 0 0
1 1 1 4731b4a97f800000 0 0
1 1 1 cc1004387f800000 0 0
1 1 1 b41749f37f800000 0 0
1 1 1 c50307c77f800000 0 0
1 1 1 c453d22dff800000 0 0
1 1 1 422b3a66ff800000 0 0
1 1 1 38fb65e97f800000 0 0
1 1 1 c784386cff800000 0 0
1 1 1 3498ca28ff800000 0 0
1 1 1 c36fe20e7fc00000 0 0
1 1 1 c9b1a4267f800000 0 0
1 1 1 4a9d8ab6ff800000 0 0
1 1 1 bb41e1dcff800000 0 0
1 1 1 49b2835fff800000 0 0
1 1 1 40d711b37fc00000 0 0
1 1 1 c0ce95b4ff800000 0 0
1 1 1 b140d912ff800000 0 0
1 1 1 3fea364b7f800000 0 0
1 1 1 319d307b7f800000 0 0
1 1 1 b9ef8cbeff800000 0 0
1 1 1 31b59d9b7fc00000 0 0
1 1 1 b22400587fc00000 0 0
1 1 1 cd4d09537f800000 0 0
1 1 1 c659ac0d7f800000 0 0
1 1 1 46bedc4f7f800000 0 0
1 1 1 33ce0b63ff800000 0 0
1 1 1 cb397ef17fc00000 0 0
1 1 1 33ab6cc7ff800000 0 0
1 1 1 b78549c97f800000 0 0
1 1 1 cb00a226ff800000 0 0
1 1 1 bac0b5507f800000 0 0
1 1 1 3573c8fa7fc00000 0 0
1 1 1 4b8b8e7eff800000 0 0
1 1 1 4b23dcdf7fc00000 0 0
1 1 1 45cc99c57f800000 0 0
1 1 1 4c9fdba47f800000 0 0
1 1 1 441ef6467fc00000 0 0
1 1 1 3daf74dbff800000 0 0
1 1 1 4cdfe69d7fc00000 0 0
1 1 1 317a42deff800000 0 0
1 1 1 b35d1bc67fc00000 0 0
1 1 1 3e72d770ff800000 0 0
1 1 1 3fd295347fc00000 0 0
1 1 1 c56ac3297f800000 0 0
1 1 1 49ba7d01ff800000 0 0
1 1 1 46f869ffff800000 0 0
1 1 1 46bfe297ff800000 0 0
1 1 1 c6c76b107fc00000 0 0
1 1 1 419c085f7f800000 0 0
1 1 1 bc8bd804ff800000 0 0
1 1 1 3f7260c1ff800000 0 0
1 1 1 c46c3c087f800000 0 0
1 1 1 40bb38257f800000 0 0
1 1 1 cc30485f7fc00000 0 0
1 1 1 bc8e24ee7f800000 0 0
1 1 1 4b48e24cff800000 0 0
1 1 1 46c6be2bff800000 0 0
1 1 1 321512d37fc00000 0 0
1 1 1 c23b5df27f800000 0 0
1 1 1 4cef53e0ff800000 0 0
1 1 1 b820a77fff800000 0 0
1 1 1 37b57ea8ff800000 0 0
1 1 1 c9fed1b0ff800000 0 0
1 1 1 43b55ab67f800000 0 0
1 1 1 c024972d7fc00000 0 0
1 1 1 c944d7057f800000 0 0
1 1 1 328822d57f800000 0 0
1 1 1 ba446a737fc00000 0 0
1 1 1 341ca1517f800000 0 0
1 1 1 bb68a2bf7f800000 0 0
1 1 1 4b35ef557fc00000 0 0
1 1 1 36c911817fc00000 0 0
1 1 1 c37787497f800000 0 0
1 1 1 bd87e0d77fc00000 0 0
1 1 1 4ca125637fc00000 0 0
1 1 1 c7019579ff800000 0 0
1 1 1 ca00650eff800000 0 0
1 1 1 b9730ed37f800000 0 0
1 1 1 b9e0c43e7fc00000 0 0
1 1 1 31eb99f97f800000 0 0
1 1 1 49d1c0477f800000 0 0
1 1 1 c44fb3427fc00000 0 0
1 1 1 384abf617f800000 0 0
1 1 1 b648db1d7f800000 0 0
1 1 1 cba263c47fc00000 0 0
1 1 1 b9ce1da37f800000 0 0
1 1 1 b4c27db67fc00000 0 0
1 1 1 34d66ee37f800000 0 0
1 1 1 ce3448fcff800000 0 0
1 1 1 cd51f46aff800000 0 0
1 1 1 4224466dff800000 0 0
1 1 1 bcfc9c337fc00000 0 0
1 1 1 cabf8f7dff800000 0 0
1 1 1 b7a77caf7fc00000 0 0
1 1 1 ca1fe9437fc00000 0 0
1 1 1 bc2f9c507fc00000 0 0
1 1 1 cbbce3e9ff800000 0 0
1 1 1 43e35fdcff800000 0 0
1 1 1 b8ef14fbff800000 0 0
1 1 1 41e9775bff800000 0 0
1 1 1 c51cc7e8ff800000 0 0
1 1 1 cdca3f087f800000 0 0
1 1 1 402065227fc00000 0 0
1 1 1 3fa52ada7fc00000 0 0
1 1 1 4ad47c307fc00000 0 0
1 1 1 3f04b2f6ff800000 0 0
1 1 1 bdb0d1baff800000 0 0
1 1 1 c7265b3bff800000 0 0
1 1 1 40c8f44e7fc00000 0 0
1 1 1 46e55ae2ff800000 0 0
1 1 1 4c71dee07f800000 0 0
1 1 1 ca85ea647fc00000 0 0
1 1 1 b894a2b3ff800000 0 0
1 1 1 4329cc01ff800000 0 0
1 1 1 3b48ba857fc00000 0 0
1 1 1 c78df51d7f800000 0 0
1 1 1 4bc5ec7f7f800000 0 0
1 1 1 c80e4736ff800000 0 0
1 1 1 b284795fff800000 0 0
1 1 1 44d973497fc00000 0 0
1 1 1 c9fe4ebb7f800000 0 0
1 1 1 b4357c7eff800000 0 0
1 1 1 462d5e6cff800000 0 0
1 1 1 413d8f867fc00000 0 0
1 1 1 45cc16f57fc00000 0 0
1 1 1 35b802207f800000 0 0
1 1 1 bb4a529eff800000 0 0
1 1 1 349e4b987fc00000 0 0
1 1 1 c4b579377f800000 0 0
1 1 1 bcda277e7fc00000 0 0
1 1 1 38dad625ff800000 0 0
1 1 1 4ea89db67f800000 0 0
1 1 1 c1759a71ff800000 0 0
1 1 1 3cbd3248ff800000 0 0
1 1 1 4d5e871b7fc00000 0 0
1 1 1 4ca2063cff800000 0 0
1 1 1 bba11111ff800000 0 0
1 1 1 be0c28dcff800000 0 0
1 1 1 b7b96a00ff800000 0 0
1 1 1 b1b8598cff800000 0 0
1 1 1 b9ce5b1b7fc00000 0 0
1 1 1 4c896739ff800000 0 0
1 1 1 b7ef04efff800000 0 0
1 1 1 bca375047fc00000 0 0
1 1 1 b84cd498ff800000 0 0
1 1 1 bbd8099f7f800000 0 0
1 1 1 c923e4f97f800000 0 0
1 1 1 b9ae213cff800000 0 0
1 1 1 3c2f6f3f7fc00000 0 0
1 1 1 3ab8c37d7f800000 0 0
1 1 1 cba6172b7f800000 0 0
1 1 1 4a47f2adff800000 0 0
1 1 1 b263cfa67fc00000 0 0
1 1 1 3cdf933b7f800000 0 0
1 1 1 3a17de1e7f800000 0 0
1 1 1 bf890333ff800000 0 0
1 1 1 c6300872ff800000 0 0
1 1 1 c7d4c7687f800000 0 0
1 1 1 4aa9c7aeff800000 0 0
1 1 1 bcd608657fc00000 0 0
1 1 1 41e38e85ff800000 0 0
1 1 1 414e88397f800000 0 0
1 1 1 c434d8a67f800000 0 0
1 1 1 3085e1b87fc00000 0 0
1 1 1 323f0f0eff800000 0 0
1 1 1 37f746617f800000 0 0
1 1 1 bbcea71cff800000 0 0
1 1 1 b5bd11ce7fc00000 0 0
1 1 1 c9e5feaa7f800000 0 0
1 1 1 b47fc5747fc00000 0 0
1 1 1 407cfc007fc00000 0 0
1 1 1 badf7bdd7fc00000 0 0
1 1 1 43d32c71ff800000 0 0
1 1 1 41143b8dff800000 0 0
1 1 1 3d86daa67fc00000 0 0
1 1 1 cabad3ab7f800000 0 0
1 1 1 34fbd6acff800000 0 0
1 1 1 324c28917f800000 0 0
1 1 1 c54662a77f800000 0 0
1 1 1 404ab3077fc00000 0 0
1 1 1 39d607247fc00000 0 0
1 1 1 be58a48eff800000 0 0
1 1 1 b739a9b87f800000 0 0
1 1 1 33fd4ff37f800000 0 0
1 1 1 b46fdf3dff800000 0 0
1 1 1 4b8bb6027f800000 0 0
1 1 1 41f29202ff800000 0 0
1 1 1 ba3d15b67fc00000 0 0
1 1 1 4b97219aff800000 0 0
1 1 1 b48500dfff800000 0 0
1 1 1 b14317417fc00000 0 0
1 1 1 b9544d807fc00000 0 0
1 1 1 c2cc0829ff800000 0 0
1 1 1 c54e4c4cff800000 0 0
1 1 1 b680322a7f800000 0 0
1 1 1 479f8c347fc00000 0 0
1 1 1 b5db4c57ff800000 0 0
1 1 1 4bbb9f967fc00000 0 0
1 1 1 c0311487ff800000 0 0
1 1 1 c309686d7f800000 0 0
1 1 1 baa6e9947f800000 0 0
1 1 1 3e75386eff800000 0 0
1 1 1 b831ab9d7fc00000 0 0
1 1 1 cdc0528e7f800000 0 0
1 1 1 48822fc47fc00000 0 0
1 1 1 482ad75fff800000 0 0
1 1 1 b43cc42c7fc00000 0 0
1 1 1 bd04d127ff800000 0 0
1 1 1 3ab5253fff800000 0 0
1 1 1 be37b9a5ff800000 0 0
1 1 1 bbaf0071ff800000 0 0
1 1 1 c84c04ccff800000 0 0
1 1 1 c0d645947fc00000 0 0
1 1 1 cdb01adaff800000 0 0
1 1 1 419fec97ff800000 0 0
1 1 1 3303fbb27fc00000 0 0
1 1 1 ca40dd777f800000 0 0
1 1 1 bd0bb6787f800000 0 0
1 1 1 40e14b577f800000 0 0
1 1 1 b992ebec7fc00000 0 0
1 1 1 4a5fde267f800000 0 0
1 1 1 4ba7d88f7fc00000 0 0
1 1 1 4df849dcff800000 0 0
1 1 1 b0feab30ff800000 0 0
1 1 1 b52b5c4e7f800000 0 0
1 1 1 357676c2ff800000 0 0
1 1 1 4d7317fdff800000 0 0
1 1 1 ba338284ff800000 0 0
1 1 1 bdf8ee54ff800000 0 0
1 1 1 c2e1c06e7fc00000 0 0
1 1 1 cda43c167f800000 0 0
1 1 1 c003756a7f800000 0 0
1 1 1 38e88e467fc00000 0 0
1 1 1 c53454087fc00000 0 0
1 1 1 b727bb007f800000 0 0
1 1 1 470244a7ff800000 0 0
1 1 1 c3b403fcff800000 0 0
1 1 1 3a0e7449ff800000 0 0
1 1 1 c0701a6f7f800000 0 0
1 1 1 c31954257f800000 0 0
1 1 1 cea0ae0e7fc00000 0 0
1 1 1 c7952ea47f800000 0 0
1 1 1 38df9b73ff800000 0 0
1 1 1 bde73b067f800000 0 0
1 1 1 404c1daeff800000 0 0
1 1 1 bbbd0818ff800000 0 0
1 1 1 415f9e62ff800000 0 0
1 1 1 33606fd27fc00000 0 0
1 1 1 c24440247fc00000 0 0
1 1 1 3b8b967d7f800000 0 0
1 1 1 3ecc09187fc00000 0 0
1 1 1 4c476f387f800000 0 0
1 1 1 b9a86af8ff800000 0 0
1 1 1 c6bda00b7f800000 0 0
1 1 1 c8ed3c00ff800000 0 0
1 1 1 420858167f800000 0 0
1 1 1 b96eb479ff800000 0 0
1 1 1 3428eae1ff800000 0 0
1 1 1 42467be07fc00000 0 0
1 1 1 35304e2aff800000 0 0
1 1 1 b16762f67fc00000 0 0
1 1 1 ce3f5fb27f800000 0 0
1 1 1 40301d51ff800000 0 0
1 1 1 cb12761aff800000 0 0
1 1 1 c10b0fd97fc00000 0 0
1 1 1 3cbeca13ff800000 0 0
1 1 1 4661df647fc00000 0 0
1 1 1 47d1f5a97f800000 0 0
1 1 1 b881a7c4ff800000 0 0
1 1 1 c1035f777fc00000 0 0
1 1 1 445e5ec9ff800000 0 0
1 1 1 b8c039077fc00000 0 0
1 1 1 4e5ebe2dff800000 0 0
1 1 1 b30fec4e7fc00000 0 0
1 1 1 418f1d247f800000 0 0
1 1 1 30e83e4b7f800000 0 0
1 1 1 30b3d1227f800000 0 0
1 1 1 4087bde27fc00000 0 0
1 1 1 49af7f80ff800000 0 0
1 1 1 31be33107f800000 0 0
1 1 1 c4bdda80ff800000 0 0
1 1 1 38328f1bff800000 0 0
1 1 1 3f3a1ea17f800000 0 0
1 1 1 b3f7104f7f800000 0 0
1 1 1 b20ea1977fc00000 0 0
1 1 1 cd0a46deff800000 0 0
1 1 1 41982e3c7fc00000 0 0
1 1 1 376ce4217fc00000 0 0
1 1 1 4e9c9ff57fc00000 0 0
1 1 1 cc764c5c7f800000 0 0
1 1 1 413509c6ff800000 0 0
1 1 1 46b784517fc00000 0 0
1 1 1 4385eb5dff800000 0 0
1 1 1 b9ae5cf77fc00000 0 0
1 1 1 b431be387f800000 0 0
1 1 1 36b1438cff800000 0 0
1 1 1 395242b9ff800000 0 0
1 1 1 32bf0f897f800000 0 0
1 1 1 babb73987fc00000 0 0
1 1 1 cb8fe4fd7fc00000 0 0
1 1 1 bc45ba437f800000 0 0
1 1 1 c34d6c787f800000 0 0
1 1 1 4007243f7fc00000 0 0
1 1 1 3dbf4b3d7fc00000 0 0
1 1 1 b8a908e27fc00000 0 0
1 1 1 b0f6bda57fc00000 0 0
1 1 1 b60d7401ff800000 0 0
1 1 1 32502705ff800000 0 0
1 1 1 ca828388ff800000 0 0
1 1 1 4e41007e7fc00000 0 0
1 1 1 3dfa15bc7fc00000 0 0
1 1 1 4b4f27fcff800000 0 0
1 1 1 373687ce7fc00000 0 0
1 1 1 370ba16eff800000 0 0
1 1 1 caa5d07aff800000 0 0
1 1 1 cb7346e57fc00000 0 0
1 1 1 3bd426d47fc00000 0 0
1 1 1 3e0abca17fc00000 0 0
1 1 1 3653c1f37fc00000 0 0
1 1 1 b21786e4ff800000 0 0
1 1 1 3dc18fa67f800000 0 0
1 1 1 b5db2b297fc00000 0 0
1 1 1 40cf57d9ff800000 0 0
1 1 1 41771d4dff800000 0 0
1 1 1 b465a9a07f800000 0 0
1 1 1 365d448bff800000 0 0
1 1 1 bfffc2b37fc00000 0 0
1 1 1 3f354f17ff800000 0 0
1 1 1 c2398c987f800000 0 0
1 1 1 b64016ab7fc00000 0 0
1 1 1 4a7838357fc00000 0 0
1 1 1 478ae6d57f800000 0 0
1 1 1 c04fa7a47fc00000 0 0
1 1 1 3ffae7a27f800000 0 0
1 1 1 c5522759ff800000 0 0
1 1 1 45fe8e74ff800000 0 0
1 1 1 c24ce2377f800000 0 0
1 1 1 45db629d7fc00000 0 0
1 1 1 b840d43f7fc00000 0 0
1 1 1 4988702e7f800000 0 0
1 1 1 b24b056fff800000 0 0
1 1 1 b511cc8fff800000 0 0
1 1 1 440e93f47f800000 0 0
1 1 1 c5b0c254ff800000 0 0
1 1 1 b8aaaebdff800000 0 0
1 1 1 320ac590ff800000 0 0
1 1 1 3b2e9762ff800000 0 0
1 1 1 b4250e11ff800000 0 0
1 1 1 310738d77f800000 0 0
1 1 1 c8dd18df7fc00000 0 0
1 1 1 bc061dd67fc00000 0 0
1 1 1 b61db6557fc00000 0 0
1 1 1 cc06760b7fc00000 0 0
1 1 1 b128f29eff800000 0 0
1 1 1 b9ed899dff800000 0 0
1 1 1 40b009bf7f800000 0 0
1 1 1 4933eb587fc00000 0 0
1 1 1 b5adf48f7fc00000 0 0
1 1 1 b8469a097f800000 0 0
1 1 1 3209e968ff800000 0 0
1 1 1 3a3d4ea9ff800000 0 0
1 1 1 bd9bc7b8ff800000 0 0
1 1 1 357c421a7fc00000 0 0
1 1 1 c36474e6ff800000 0 0
1 1 1 ce2a4e52ff800000 0 0
1 1 1 45fd3bca7f800000 0 0
1 1 1 cc2bf7acff800000 0 0
1 1 1 408bc1c47f800000 0 0
1 1 1 417635687f800000 0 0
1 1 1 bc01f0b67fc00000 0 0
1 1 1 3d79521b7fc00000 0 0
1 1 1 ba2b48f37f800000 0 0
1 1 1 3d413edfff800000 0 0
1 1 1 41f9e19e7fc00000 0 0
1 1 1 cc84f9c8ff800000 0 0
1 1 1 b0df19407f800000 0 0
1 1 1 4e243379ff800000 0 0
1 1 1 b523f2ceff800000 0 0
1 1 1 cad44059ff800000 0 0
1 1 1 38304e177f800000 0 0
1 1 1 bbd8c773ff800000 0 0
1 1 1 c0531452ff800000 0 0
1 1 1 c51f04b97fc00000 0 0
1 1 1 cac7b8337fc00000 0 0
1 1 1 47a67d6c7f800000 0 0
1 1 1 bc255b01ff800000 0 0
1 1 1 4526bad77fc00000 0 0
1 1 1 48e58bc2ff800000 0 0
1 1 1 4e8adfd27fc00000 0 0
1 1 1 c2587e14ff800000 0 0
1 1 1 3cc8a8107fc00000 0 0
1 1 1 c9cd8cef7fc00000 0 0
1 1 1 3d129fc77f800000 0 0
1 1 1 4e0bb9dc7f800000 0 0
1 1 1 b784d5fc7fc00000 0 0
1 1 1 cbcd41f07f800000 0 0
1 1 1 30f75f127f800000 0 0
1 1 1 ba96dd1bff800000 0 0
1 1 1 ba167850ff800000 0 0
1 1 1 b83066917f800000 0 0
1 1 1 4d04bc527f800000 0 0
1 1 1 3494ebe07fc00000 0 0
1 1 1 c55373e47f800000 0 0
1 1 1 cae45d877f800000 0 0
1 1 1 ce0499907fc00000 0 0
1 1 1 b2bdac18ff800000 0 0
1 1 1 484e0510ff800000 0 0
1 1 1 47c87df67fc00000 0 0
1 1 1 bb266e0e7fc00000 0 0
1 1 1 b7a57b757fc00000 0 0
1 1 1 4dcb66e97f800000 0 0
1 1 1 4d9b12fe7f800000 0 0
1 1 1 4a9c5fe0ff800000 0 0
1 1 1 b4418aa17f800000 0 0
1 1 1 3d3afad0ff800000 0 0
1 1 1 b8703dc67f800000 0 0
1 1 1 b8114dae7f800000 0 0
1 1 1 444c7f3b7fc00000 0 0
1 1 1 4e147525ff800000 0 0
1 1 1 3dc77dc8ff800000 0 0
1 1 1 c760d5317f800000 0 0
1 1 1 3d5e6d657f800000 0 0
1 1 1 bea721387fc00000 0 0
1 1 1 c0d188c2ff800000 0 0
1 1 1 3b16680e7fc00000 0 0
1 1 1 b4c700337f800000 0 0
1 1 1 bdedbf977fc00000 0 0
1 1 1 453e0a477f800000 0 0
1 1 1 3b0930cdff800000 0 0
1 1 1 c2b41b947fc00000 0 0
1 1 1 3ca7064fff800000 0 0
1 1 1 ba9b490e7f800000 0 0
1 1 1 b699ac757f800000 0 0
1 1 1 4b2adb45ff800000 0 0
1 1 1 31d997d47f800000 0 0
1 1 1 3b48571a7f800000 0 0
1 1 1 c57b0f107f800000 0 0
1 1 1 b91f49e67f800000 0 0
1 1 1 44f8abbf7f800000 0 0
1 1 1 c4927fa27f800000 0 0
1 1 1 bf44bf017fc00000 0 0
1 1 1 497b6079ff800000 0 0
1 1 1 b968b2a07fc00000 0 0
1 1 1 baf882d57f800000 0 0
1 1 1 cdb13ce67f800000 0 0
1 1 1 ca8922167fc00000 0 0
1 1 1 3695e14a7fc00000 0 0
1 1 1 4de322697f800000 0 0
1 1 1 b1f004ee7f800000 0 0
1 1 1 c1ede6907f800000 0 0
1 1 1 47fe51a1ff800000 0 0
1 1 1 3f40e328ff800000 0 0
1 1 1 48009612ff800000 0 0
1 1 1 37c556697f800000 0 0
1 1 1 c9b439797f800000 0 0
1 1 1 c4177cc57f800000 0 0
1 1 1 3b5b53187f800000 0 0
1 1 1 3527e9407fc00000 0 0
1 1 1 3f12b5a87f800000 0 0
1 1 1 b42c6e967fc00000 0 0
1 1 1 cc9496157fc00000 0 0
1 1 1 bfb470e0ff800000 0 0
1 1 1 4a13c0187f800000 0 0
1 1 1 c3a002b57f800000 0 0
1 1 1 3213665d7fc00000 0 0
1 1 1 c754a0fe7f800000 0 0
1 1 1 c1dce3977fc00000 0 0
1 1 1 c08ceec77fc00000 0 0
1 1 1 34f2c3007f800000 0 0
1 1 1 34e1d3ad7fc00000 0 0
1 1 1 4169e9077f800000 0 0
1 1 1 c283a4287fc00000 0 0
1 1 1 c3f2282bff800000 0 0
1 1 1 35a274387fc00000 0 0
1 1 1 4be4989b7f800000 0 0
1 1 1 4080457f7f800000 0 0
1 1 1 31979721ff800000 0 0
1 1 1 ce979155ff800000 0 0
1 1 1 3f5ced4eff800000 0 0
1 1 1 c5bec6dbff800000 0 0
1 1 1 caf838f47f800000 0 0
1 1 1 bff81f2d7f800000 0 0
1 1 1 4a1109857f800000 0 0
1 1 1 46aaeb5f7f800000 0 0
1 1 1 3fcdc480ff800000 0 0
1 1 1 c3198d807fc00000 0 0
1 1 1 cb4c4b04ff800000 0 0
1 1 1 c2a7f717ff800000 0 0
1 1 1 38500cb77fc00000 0 0
1 1 1 4134b0d97fc00000 0 0
1 1 1 bbd5da9cff800000 0 0
1 1 1 36eb1594ff800000 0 0
1 1 1 c633f7cf7fc00000 0 0
1 1 1 36fb41fe7fc00000 0 0
1 1 1 c6ad93d27fc00000 0 0
1 1 1 c4787cf57fc00000 0 0
1 1 1 48226a177fc00000 0 0
1 1 1 bcd59bbdff800000 0 0
1 1 1 3efb5a227f800000 0 0
1 1 1 4210ff5a7f800000 0 0
1 1 1 36982f247fc00000 0 0
1 1 1 b5844667ff800000 0 0
1 1 1 4ea1ed807f800000 0 0
1 1 1 43810f077fc00000 0 0
1 1 1 cbb6d0bdff800000 0 0
1 1 1 c5f2faf57f800000 0 0
1 1 1 b17e90caff800000 0 0
1 1 1 c3d95095ff800000 0 0
1 1 1 3d43b8a2ff800000 0 0
1 1 1 442acfac7f800000 0 0
1 1 1 c2fe54bb7fc00000 0 0
1 1 1 c5d5af537f800000 0 0
1 1 1 35494cfa7f800000 0 0
1 1 1 4562f0a87fc00000 0 0
1 1 1 3c0613b57f800000 0 0
1 1 1 bccf451e7f800000 0 0
1 1 1 3488234fff800000 0 0
1 1 1 3a7add747fc00000 0 0
1 1 1 3b38e61b7f800000 0 0
1 1 1 3ca4a2677fc00000 0 0
1 1 1 c6269d95ff800000 0 0
1 1 1 3efbd880ff800000 0 0
1 1 1 3ad436987fc00000 0 0
1 1 1 4e622ad97f800000 0 0
1 1 1 47a6f296ff800000 0 0
1 1 1 c7bb0d66ff800000 0 0
1 1 1 ca969c657f800000 0 0
1 1 1 35a74e2bff800000 0 0
1 1 1 392433557f800000 0 0
1 1 1 b557b6607f800000 0 0
1 1 1 4cca962eff800000 0 0
1 1 1 bf4496d77f800000 0 0
1 1 1 b3e0c91bff800000 0 0
1 1 1 3f3527e3ff800000 0 0
1 1 1 c58ebf0a7f800000 0 0
1 1 1 3f4a5dc97f800000 0 0
1 1 1 45e0b5687f800000 0 0
1 1 1 4066c9fc7fc00000 0 0
1 1 1 31f8fdc17f800000 0 0
1 1 1 b3f9658e7fc00000 0 0
1 1 1 c3027f017fc00000 0 0
1 1 1 c4915fac7f800000 0 0
1 1 1 3fad924b7fc00000 0 0
1 1 1 3ad10573ff800000 0 0
1 1 1 316a738c7fc00000 0 0
1 1 1 b2e662597fc00000 0 0
1 1 1 cd40f2f07fc00000 0 0
1 1 1 4b71a296ff800000 0 0
1 1 1 baedafa17fc00000 0 0
1 1 1 4aaecd8e7fc00000 0 0
1 1 1 47321a6b7fc00000 0 0
1 1 1 464d0904ff800000 0 0
1 1 1 cb33ffa97fc00000 0 0
1 1 1 39c91d68ff800000 0 0
1 1 1 37e148317fc00000 0 0
1 1 1 bed4e9087fc00000 0 0
1 1 1 3e792d567fc00000 0 0
1 1 1 35508577ff800000 0 0
1 1 1 c782d62e7f800000 0 0
1 1 1 3d15ded97fc00000 0 0
1 1 1 4eff37d17fc00000 0 0
1 1 1 4a46e6117f800000 0 0
1 1 1 c37947367fc00000 0 0
1 1 1 b61aba317f800000 0 0
1 1 1 b99ea1f67f800000 0 0
1 1 1 c9ec7569ff800000 0 0
1 1 1 3ee85fea7f800000 0 0
1 1 1 329a8443ff800000 0 0
1 1 1 47af68f4ff800000 0 0
1 1 1 390d5acfff800000 0 0
1 1 1 b5aaa8787fc00000 0 0
1 1 1 c21c73abff800000 0 0
1 1 1 43b8cfcc7f800000 0 0
1 1 1 34866be97f800000 0 0
1 1 1 377c03e97fc00000 0 0
1 1 1 438dd6a47f800000 0 0
1 1 1 b19240ea7fc00000 0 0
1 1 1 b66542f7ff800000 0 0
1 1 1 b92e9b0a7fc00000 0 0
1 1 1 c0da7cedff800000 0 0
1 1 1 347720407f800000 0 0
1 1 1 cdb8b9237fc00000 0 0
1 1 1 b9564a147fc00000 0 0
1 1 1 c852d8b17fc00000 0 0
1 1 1 b115b1747f800000 0 0
1 1 1 b91e216b7fc00000 0 0
1 1 1 3ebb7dfbff800000 0 0
1 1 1 cd30b2f97fc00000 0 0
1 1 1 34eec2ebff800000 0 0
1 1 1 3d789fce7fc00000 0 0
1 1 1 456efb147fc00000 0 0
1 1 1 c52c6d33ff800000 0 0
1 1 1 b5c197c87fc00000 0 0
1 1 1 cb5256cfff800000 0 0
1 1 1 402556607fc00000 0 0
1 1 1 4e814a4fff800000 0 0
1 1 1 b4e480bc7f800000 0 0
1 1 1 3f4731c37fc00000 0 0
1 1 1 3c037ccf7f800000 0 0
1 1 1 4a5a037d7f800000 0 0
1 1 1 ccc031887fc00000 0 0
1 1 1 30b04df2ff800000 0 0
1 1 1 41252d83ff800000 0 0
1 1 1 484b1a697f800000 0 0
1 1 1 31bd38f9ff800000 0 0
1 1 1 4372ad5dff800000 0 0
1 1 1 3ee4dc62ff800000 0 0
1 1 1 3dc53304ff800000 0 0
1 1 1 3e1a9dc4ff800000 0 0
1 1 1 b0c2578cff800000 0 0
1 1 1 4d8feb60ff800000 0 0
1 1 1 44eca5dbff800000 0 0
1 1 1 31e6b0a07f800000 0 0
1 1 1 38b8e9ab7f800000 0 0
1 1 1 bfb93f3c7fc00000 0 0
1 1 1 4c4035a87f800000 0 0
1 1 1 caffe2e47f800000 0 0
1 1 1 4d0cba4aff800000 0 0
1 1 1 4df8c7517fc00000 0 0
1 1 1 482a2608ff800000 0 0
1 1 1 b22f137e7fc00000 0 0
1 1 1 bdb01f3eff800000 0 0
1 1 1 b09616e1ff800000 0 0
1 1 1 3a05bd4aff800000 0 0
1 1 1 46c2bcc87f800000 0 0
1 1 1 c4209dfaff800000 0 0
1 1 1 c18dd51c7f800000 0 0
1 1 1 b69f45bc7fc00000 0 0
1 1 1 37f55fb27fc00000 0 0
1 1 1 ce8b0b117f800000 0 0
1 1 1 b2dbb268ff800000 0 0
1 1 1 34b48422ff800000 0 0
1 1 1 bfb15e537fc00000 0 0
1 1 1 358a1b5e7f800000 0 0
1 1 1 3e4ba4707f800000 0 0
1 1 1 ceea90ef7fc00000 0 0
1 1 1 3c59e9b27fc00000 0 0
1 1 1 44deb0fd7f800000 0 0
1 1 1 c57e23477f800000 0 0
1 1 1 4ea6e056ff800000 0 0
1 1 1 ce8f2f947fc00000 0 0
1 1 1 ca2f60807fc00000 0 0
1 1 1 bd57da777fc00000 0 0
1 1 1 b56bd57aff800000 0 0
1 1 1 4dedd29a7f800000 0 0
1 1 1 c0a3a3a07f800000 0 0
1 1 1 ba2e300e7f800000 0 0
1 1 1 c89330efff800000 0 0
1 1 1 bebae3007fc00000 0 0
1 1 1 c61b20667f800000 0 0
1 1 1 b0980b2b7f800000 0 0
1 1 1 47d41fcd7fc00000 0 0
1 1 1 4c5eac1eff800000 0 0
1 1 1 3776798f7fc00000 0 0
1 1 1 bb477c157fc00000 0 0
1 1 1 3a5bfebe7f800000 0 0
1 1 1 48834a4dff800000 0 0
1 1 1 b232fbb27f800000 0 0
1 1 1 38272712ff800000 0 0
1 1 1 4ca23fd37fc00000 0 0
1 1 1 b3f4a5b57f800000 0 0
1 1 1 3d594a747f800000 0 0
1 1 1 b257cc167f800000 0 0
1 1 1 39fa6c9fff800000 0 0
1 1 1 b292ee867fc00000 0 0
1 1 1 34dd634eff800000 0 0
1 1 1 4dd5c468ff800000 0 0
1 1 1 bdd8a3bc7f800000 0 0
1 1 1 b1adcb287f800000 0 0
1 1 1 4943ebd27fc00000 0 0
1 1 1 cb324ac27f800000 0 0
1 1 1 423096cd7fc00000 0 0
1 1 1 3d215f287f800000 0 0
1 1 1 3bb29699ff800000 0 0
1 1 1 4e51cdbe7fc00000 0 0
1 1 1 c87d425cff800000 0 0
1 1 1 bffbe558ff800000 0 0
1 1 1 b59af9997f800000 0 0
1 1 1 4956c4747fc00000 0 0
1 1 1 35abdd347fc00000 0 0
1 1 1 4a26815e7f800000 0 0
1 1 1 c162c3e7ff800000 0 0
1 1 1 32d2a1617f800000 0 0
1 1 1 b9ad75937f800000 0 0
1 1 1 3bf3f9f77f800000 0 0
1 1 1 3f6fa1347f800000 0 0
1 1 1 cacb41047fc00000 0 0
1 1 1 378e884cff800000 0 0
1 1 1 c48668f4ff800000 0 0
1 1 1 3ea72babff800000 0 0
1 1 1 3838717e7fc00000 0 0
1 1 1 4953b35b7fc00000 0 0
1 1 1 4395fe1eff800000 0 0
1 1 1 30dd3d0eff800000 0 0
1 1 1 381af27e7f800000 0 0
1 1 1 398b82967fc00000 0 0
1 1 1 3bfc8a24ff800000 0 0
1 1 1 c02f618d7f800000 0 0
1 1 1 498e49e1ff800000 0 0
1 1 1 c6676b55ff800000 0 0
1 1 1 ce2607e37fc00000 0 0
1 1 1 cbcc56a2ff800000 0 0
1 1 1 4a5a11637fc00000 0 0
1 1 1 c2d0c1a1ff800000 0 0
1 1 1 339ba2ae7f800000 0 0
1 1 1 3142a76c7fc00000 0 0
1 1 1 35fad87f7fc00000 0 0
1 1 1 c39851e47fc00000 0 0
1 1 1 c0ae5eeeff800000 0 0
1 1 1 cb6594057fc00000 0 0
1 1 1 3a58521a7fc00000 0 0
1 1 1 bf4f7982ff800000 0 0
1 1 1 cda25b3e7fc00000 0 0
1 1 1 40294fe2ff800000 0 0
1 1 1 c4399fec7fc00000 0 0
1 1 1 b5c864fa7fc00000 0 0
1 1 1 ccb52fd47fc00000 0 0
1 1 1 b35a39187fc00000 0 0
1 1 1 34b8a9d47f800000 0 0
1 1 1 48b7d8027f800000 0 0
1 1 1 4ca93e96ff800000 0 0
1 1 1 b749deee7f800000 0 0
1 1 1 c83a546fff800000 0 0
1 1 1 40c0d84a7fc00000 0 0
1 1 1 c143e2917f800000 0 0
1 1 1 b403095c7f800000 0 0
1 1 1 4d7420717fc00000 0 0
1 1 1 3a6cbd047fc00000 0 0
1 1 1 b11e13577fc00000 0 0
1 1 1 ca5cb1657fc00000 0 0
1 1 1 4b7b6ba1ff800000 0 0
1 1 1 4214eb417fc00000 0 0
1 1 1 3b4b39a07f800000 0 0
1 1 1 4262359cff800000 0 0
1 1 1 31f9e21c7f800000 0 0
1 1 1 34e27e9dff800000 0 0
1 1 1 bad61e467f800000 0 0
1 1 1 bf2767937fc00000 0 0
1 1 1 c4d65abd7f800000 0 0
1 1 1 390a796a7f800000 0 0
1 1 1 b57f6c86ff800000 0 0
1 1 1 315c9d687fc00000 0 0
1 1 1 b44d84207fc00000 0 0
1 1 1 ba5e8dd6ff800000 0 0
1 1 1 c5f8233d7fc00000 0 0
1 1 1 436a95fa7f800000 0 0
1 1 1 c92a28777fc00000 0 0
1 1 1 445b81c77fc00000 0 0
1 1 1 3e4febfe7fc00000 0 0
1 1 1 be19a8857f800000 0 0
1 1 1 ca5f77647f800000 0 0
1 1 1 30f35f7c7fc00000 0 0
1 1 1 b230d74d7fc00000 0 0
1 1 1 3870309c7f800000 0 0
1 1 1 c5ddf29cff800000 0 0
1 1 1 c6a162eaff800000 0 0
1 1 1 cc9e611fff800000 0 0
1 1 1 312771cdff800000 0 0
1 1 1 31889d3bff800000 0 0
1 1 1 b40c3df17fc00000 0 0
1 1 1 cecb43ae7fc00000 0 0
1 1 1 c121a2737f800000 0 0
1 1 1 b11a80ab7fc00000 0 0
1 1 1 c232a5a1ff800000 0 0
1 1 1 bac639707fc00000 0 0
1 1 1 b64b75bf7fc00000 0 0
1 1 1 3ae2bce2ff800000 0 0
1 1 1 4ab311437f800000 0 0
1 1 1 475f97377f800000 0 0
1 1 1 440580427fc00000 0 0
1 1 1 32e5df43ff800000 0 0
1 1 1 3cf71191ff800000 0 0
1 1 1 ba5b830fff800000 0 0
1 1 1 36a77a027f800000 0 0
1 1 1 b5ae727d7fc00000 0 0
1 1 1 3adc6f10ff800000 0 0
1 1 1 ca1c3c9aff800000 0 0
1 1 1 4ca5dc47ff800000 0 0
1 1 1 4c758ae3ff800000 0 0
1 1 1 cdccefdd7fc00000 0 0
1 1 1 3e651b297fc00000 0 0
1 1 1 b21a8adf7fc00000 0 0
1 1 1 30eaa1e1ff800000 0 0
1 1 1 beb1a440ff800000 0 0
1 1 1 ba5038eb7f800000 0 0
1 1 1 b6c10f3a7fc00000 0 0
1 1 1 451d737fff800000 0 0
1 1 1 401df141ff800000 0 0
1 1 1 bf4165357f800000 0 0
1 1 1 3286b1e07fc00000 0 0
1 1 1 bb290300ff800000 0 0
1 1 1 4252be48ff800000 0 0
1 1 1 bb3a61457fc00000 0 0
1 1 1 c90980e67fc00000 0 0
1 1 1 c459a1c5ff800000 0 0
1 1 1 b13470ac7f800000 0 0
1 1 1 c8e7cb1d7fc00000 0 0
1 1 1 c22c880d7f800000 0 0
1 1 1 4ccab4107fc00000 0 0
1 1 1 b0f6ed6f7f800000 0 0
1 1 1 469d2439ff800000 0 0
1 1 1 bb7e143e7f800000 0 0
1 1 1 c1c43e677f800000 0 0
1 1 1 bf1062c37f800000 0 0
1 1 1 cebbe0577fc00000 0 0
1 1 1 bc14b792ff800000 0 0
1 1 1 4b187fb87fc00000 0 0
1 1 1 398c1b1dff800000 0 0
1 1 1 4cb705c5ff800000 0 0
1 1 1 b77119167fc00000 0 0
1 1 1 cd909ce8ff800000 0 0
1 1 1 4d1b213c7fc00000 0 0
1 1 1 455b885aff800000 0 0
1 1 1 ceda3299ff800000 0 0
1 1 1 c50db934ff800000 0 0
1 1 1 3a086dfb7f800000 0 0
1 1 1 362afdfaff800000 0 0
1 1 1 bbbe2ba47fc00000 0 0
1 1 1 397cd19a7fc00000 0 0
1 1 1 4d50da317f800000 0 0
1 1 1 3c67a842ff800000 0 0
1 1 1 3fd0614fff800000 0 0
1 1 1 4b59178e7fc00000 0 0
1 1 1 3aa744f07f800000 0 0
1 1 1 b1fd6c9aff800000 0 0
1 1 1 4b9ea25a7f800000 0 0
1 1 1 bdc1f5827fc00000 0 0
1 1 1 b0d6b2ab7f800000 0 0
1 1 1 c8198d417fc00000 0 0
1 1 1 b23c62e97f800000 0 0
1 1 1 c9bb6bc3ff800000 0 0
1 1 1 40b2673a7f800000 0 0
1 1 1 c400753e7fc00000 0 0
1 1 1 c7910b947f800000 0 0
1 1 1 3783a2d27f800000 0 0
1 1 1 b2ce0fb6ff800000 0 0
1 1 1 bf0922eb7fc00000 0 0
1 1 1 465d614cff800000 0 0
1 1 1 43c1f8307fc00000 0 0
1 1 1 34acee8c7f800000 0 0
1 1 1 b9d28bf37fc00000 0 0
1 1 1 b4c45175ff800000 0 0
1 1 1 3acbd8fe7fc00000 0 0
1 1 1 4378c6fb7f800000 0 0
1 1 1 424aea787fc00000 0 0
1 1 1 477037f67f800000 0 0
1 1 1 3548ced47f800000 0 0
1 1 1 c97f008f7fc00000 0 0
1 1 1 b3c6992c7f800000 0 0
1 1 1 b2326e597fc00000 0 0
1 1 1 b66417877f800000 0 0
1 1 1 433971a57fc00000 0 0
1 1 1 37d9a3947fc00000 0 0
1 1 1 385c0da0ff800000 0 0
1 1 1 cd9c3a4e7f800000 0 0
1 1 1 c41e008e7f800000 0 0
1 1 1 4bc385a07fc00000 0 0
1 1 1 34ea704eff800000 0 0
1 1 1 c60c99e17fc00000 0 0
1 1 1 bc6157bc7fc00000 0 0
1 1 1 b88ba4a37fc00000 0 0
1 1 1 b87d51ffff800000 0 0
1 1 1 38d605bc7f800000 0 0
1 1 1 c61e2bb8ff800000 0 0
1 1 1 4aa77757ff800000 0 0
1 1 1 440824b77f800000 0 0
1 1 1 38abf1fcff800000 0 0
1 1 1 b2a38f227fc00000 0 0
1 1 1 b4032ae17fc00000 0 0
1 1 1 33b2f1067fc00000 0 0
1 1 1 bf99e2917f800000 0 0
1 1 1 c7749f3c7fc00000 0 0
1 1 1 40af0e14ff800000 0 0
1 1 1 3e64cc927fc00000 0 0
1 1 1 ba35fcb27f800000 0 0
1 1 1 cc4158467f800000 0 0
1 1 1 c496ee06ff800000 0 0
1 1 1 b4ec1cb17f800000 0 0
1 1 1 309a2dad7fc00000 0 0
1 1 1 3b6cce0eff800000 0 0
1 1 1 c1d04a387f800000 0 0
1 1 1 b615efe57f800000 0 0
1 1 1 c7279347ff800000 0 0
1 1 1 3cb5beb37f800000 0 0
1 1 1 3df270897fc00000 0 0
1 1 1 3fbc36fc7fc00000 0 0
1 1 1 314e99417fc00000 0 0
1 1 1 42bb1e147f800000 0 0
1 1 1 cd60e0097f800000 0 0
1 1 1 c9815cd37fc00000 0 0
1 1 1 3f83979e7f800000 0 0
1 1 1 38e9e3c8ff800000 0 0
1 1 1 b719eb1f7f800000 0 0
1 1 1 bb0dbb5aff800000 0 0
1 1 1 c4a9bb86ff800000 0 0
1 1 1 b84eca207fc00000 0 0
1 1 1 c52454c7ff800000 0 0
1 1 1 3f7f11887f800000 0 0
1 1 1 30c347787f800000 0 0
1 1 1 3c9a1d897fc00000 0 0
1 1 1 c02275907f800000 0 0
1 1 1 32cc26137f800000 0 0
1 1 1 c27e2782ff800000 0 0
1 1 1 4c73c34f7f800000 0 0
1 1 1 4e4c9ee97f800000 0 0
1 1 1 b448b4b37fc00000 0 0
1 1 1 339f28fdff800000 0 0
1 1 1 457390ca7f800000 0 0
1 1 1 c41285257f800000 0 0
1 1 1 c2cf2bfa7f800000 0 0
1 1 1 b258f3e3ff800000 0 0
1 1 1 b64d811aff800000 0 0
1 1 1 3e22f26b7fc00000 0 0
1 1 1 b4c703217f800000 0 0
1 1 1 3403c2267fc00000 0 0
1 1 1 b410967eff800000 0 0
1 1 1 b176e1957fc00000 0 0
1 1 1 bf9c6f4d7f800000 0 0
1 1 1 4d962f527fc00000 0 0
1 1 1 32ee05397fc00000 0 0
1 1 1 444c76d77f800000 0 0
1 1 1 cbb9eaf8ff800000 0 0
1 1 1 b3c074a07f800000 0 0
1 1 1 3bbdf98fff800000 0 0
1 1 1 46bb8a4b7fc00000 0 0
1 1 1 c10bbb9b7f800000 0 0
1 1 1 3d9bb2ab7fc00000 0 0
1 1 1 468a87577fc00000 0 0
1 1 1 3d2754d5ff800000 0 0
1 1 1 4706078e7f800000 0 0
1 1 1 45dc903cff800000 0 0
1 1 1 cb2832a2ff800000 0 0
1 1 1 bc5d2552ff800000 0 0
1 1 1 bc6cf3dfff800000 0 0
1 1 1 4ac6fcc5ff800000 0 0
1 1 1 3c6f96707f800000 0 0
1 1 1 4d69827b7fc00000 0 0
1 1 1 330eb0547fc00000 0 0
1 1 1 4561dd0fff800000 0 0
1 1 1 3ee90a1a7f800000 0 0
1 1 1 bef27b257fc00000 0 0
1 1 1 3747d769ff800000 0 0
1 1 1 bb817913ff800000 0 0
1 1 1 417f6a38ff800000 0 0
1 1 1 c5cd4f1a7f800000 0 0
1 1 1 c4d10263ff800000 0 0
1 1 1 39dd8e3dff800000 0 0
1 1 1 c142ca94ff800000 0 0
1 1 1 bc5a60377fc00000 0 0
1 1 1 4ed31a227f800000 0 0
1 1 1 bf5f2e3aff800000 0 0
1 1 1 ce19b1ccff800000 0 0
1 1 1 befbc8f97f800000 0 0
1 1 1 c3f70e14ff800000 0 0
1 1 1 c379db34ff800000 0 0
1 1 1 c23b2550ff800000 0 0
1 1 1 b22c6ab97f800000 0 0
1 1 1 4d040cd87f800000 0 0
1 1 1 c7e3db16ff800000 0 0
1 1 1 b2af84307fc00000 0 0
1 1 1 ce1a815b7f800000 0 0
1 1 1 35b8c0867f800000 0 0
1 1 1 4ef3960c7f800000 0 0
1 1 1 b38c133fff800000 0 0
1 1 1 3cd9bf587fc00000 0 0
1 1 1 38e36efcff800000 0 0
1 1 1 b110c2ed7f800000 0 0
1 1 1 3778334fff800000 0 0
1 1 1 4838992dff800000 0 0
1 1 1 c163e2687f800000 0 0
1 1 1 352bcaecff800000 0 0
1 1 1 ccc9451a7f800000 0 0
1 1 1 b1b9b34a7fc00000 0 0
1 1 1 3b2024497f800000 0 0
1 1 1 bf1342567fc00000 0 0
1 1 1 41489bea7fc00000 0 0
1 1 1 bfbcf7657f800000 0 0
1 1 1 c29359607f800000 0 0
1 1 1 3506b3fd7fc00000 0 0
1 1 1 497813807f800000 0 0
1 1 1 ce444d16ff800000 0 0
1 1 1 bfc4cc9e7fc00000 0 0
1 1 1 c12ad7fd7f800000 0 0
1 1 1 b7f1942d7fc00000 0 0
1 1 1 b5f165197f800000 0 0
1 1 1 c02914e9ff800000 0 0
1 1 1 3f55dc2eff800000 0 0
1 1 1 3cd24e9d7f800000 0 0
1 1 1 3602a29fff800000 0 0
1 1 1 ce904d5b7fc00000 0 0
1 1 1 47d519eb7f800000 0 0
1 1 1 42a217b77fc00000 0 0
1 1 1 4c1b09d0ff800000 0 0
1 1 1 434b1d527fc00000 0 0
1 1 1 384167ea7f800000 0 0
1 1 1 c0a37c1f7f800000 0 0
1 1 1 48c05a5dff800000 0 0
1 1 1 484eaede7f800000 0 0
1 1 1 46668924ff800000 0 0
1 1 1 33622c7c7fc00000 0 0
1 1 1 3b00624a7fc00000 0 0
1 1 1 b32b50917f800000 0 0
1 1 1 4bca418b7fc00000 0 0
1 1 1 35d94138ff800000 0 0
1 1 1 c58604b4ff800000 0 0
1 1 1 ca4133847fc00000 0 0
1 1 1 ca9bde73ff800000 0 0
1 1 1 bce2426aff800000 0 0
1 1 1 b3fefb4c7fc00000 0 0
1 1 1 42b243a87fc00000 0 0
1 1 1 38a5bbf97fc00000 0 0
1 1 1 38ca7eef7f800000 0 0
1 1 1 b87b07b97f800000 0 0
1 1 1 b9aec1907f800000 0 0
1 1 1 34a38de0ff800000 0 0
1 1 1 c27e0fdf7fc00000 0 0
1 1 1 bea49f277f800000 0 0
1 1 1 4ef5b746ff800000 0 0
1 1 1 cb0e9fe37fc00000 0 0
1 1 1 b3ff165d7fc00000 0 0
1 1 1 bf07f4577f800000 0 0
1 1 1 ca4999e57fc00000 0 0
1 1 1 bcf9da13ff800000 0 0
1 1 1 4188798e7f800000 0 0
1 1 1 c54f18cdff800000 0 0
1 1 1 389e813bff800000 0 0
1 1 1 bdafa3647fc00000 0 0
1 1 1 3edb3362ff800000 0 0
1 1 1 c458e5287fc00000 0 0
1 1 1 b7aee90b7f800000 0 0
1 1 1 3b7cd4fc7fc00000 0 0
1 1 1 c31478fd7fc00000 0 0
1 1 1 46b457a87fc00000 0 0
1 1 1 3a7bb1fbff800000 0 0
1 1 1 47307fb8ff800000 0 0
1 1 1 3f2732c27f800000 0 0
1 1 1 b23d30a2ff800000 0 0
1 1 1 43d10c2bff800000 0 0
1 1 1 4699ad3d7f800000 0 0
1 1 1 448fb0eb7fc00000 0 0
1 1 1 3762837dff800000 0 0
1 1 1 432516db7f800000 0 0
1 1 1 3d909b1c7fc00000 0 0
1 1 1 39e3f0fcff800000 0 0
1 1 1 3a6d8c9cff800000 0 0
1 1 1 c8cb64377f800000 0 0
1 1 1 33d9d42a7fc00000 0 0
1 1 1 39d098d1ff800000 0 0
1 1 1 bfdfb43aff800000 0 0
1 1 1 caf579cfff800000 0 0
1 1 1 cacbda727fc00000 0 0
1 1 1 3e70e051ff800000 0 0
1 1 1 3a6a4ea77fc00000 0 0
1 1 1 bf52cb7c7f800000 0 0
1 1 1 b20e9b1bff800000 0 0
1 1 1 b7f18748ff800000 0 0
1 1 1 3b78bcc27fc00000 0 0
1 1 1 4d443b907fc00000 0 0
1 1 1 40872df77f800000 0 0
1 1 1 bdd0079dff800000 0 0
1 1 1 c5b5dd5dff800000 0 0
1 1 1 4be276f57fc00000 0 0
1 1 1 c1ee07caff800000 0 0
1 1 1 3f7e0c857fc00000 0 0
1 1 1 bc05156a7f800000 0 0
1 1 1 ccdd8020ff800000 0 0
1 1 1 4ee15d2d7fc00000 0 0
1 1 1 c7a6fa21ff800000 0 0
1 1 1 3e8bf2c27f800000 0 0
1 1 1 bf5496ecff800000 0 0
1 1 1 461913a07fc00000 0 0
1 1 1 bef754d17fc00000 0 0
1 1 1 38712099ff800000 0 0
1 1 1 c0ec27d4ff800000 0 0
1 1 1 b3a726cb7fc00000 0 0
1 1 1 bcf4ec517fc00000 0 0
1 1 1 cbc1d9947f800000 0 0
1 1 1 c48f7add7f800000 0 0
1 1 1 3136e6acff800000 0 0
1 1 1 45069d52ff800000 0 0
1 1 1 cb0467ec7fc00000 0 0
1 1 1 c74693df7fc00000 0 0
1 1 1 4b0f07cb7fc00000 0 0
1 1 1 4ca8388a7f800000 0 0
1 1 1 bf5893b57fc00000 0 0
1 1 1 b754812e7f800000 0 0
1 1 1 b37e1df97fc00000 0 0
1 1 1 c88541ff7fc00000 0 0
1 1 1 bfd5ff417fc00000 0 0
1 1 1 35f946c7ff800000 0 0
1 1 1 438510397f800000 0 0
1 1 1 c2908b167f800000 0 0
1 1 1 3525a25fff800000 0 0
1 1 1 b45f94b57fc00000 0 0
1 1 1 30cf84f4ff800000 0 0
1 1 1 415bc0007fc00000 0 0
1 1 1 49116cdd7f800000 0 0
1 1 1 bcee35297f800000 0 0
1 1 1 393b41d2ff800000 0 0
1 1 1 b33b05387f800000 0 0
1 1 1 c02655c4ff800000 0 0
1 1 1 3b0c2c157fc00000 0 0
1 1 1 c0895cfa7fc00000 0 0
1 1 1 c2cfed597f800000 0 0
1 1 1 b5d5931aff800000 0 0
1 1 1 4901094c7f800000 0 0
1 1 1 3e3088c87fc00000 0 0
1 1 1 483a50c87fc00000 0 0
1 1 1 bc5c42457f800000 0 0
1 1 1 c35743b57fc00000 0 0
1 1 1 c3aed0b5ff800000 0 0
1 1 1 388c3f867fc00000 0 0
1 1 1 450192ec7fc00000 0 0
1 1 1 48df1fc7ff800000 0 0
1 1 1 49c78d1b7fc00000 0 0
1 1 1 4b00cf787fc00000 0 0
1 1 1 ba080040ff800000 0 0
1 1 1 cc9c87ca7fc00000 0 0
1 1 1 b1329146ff800000 0 0
1 1 1 b7d6b4b87fc00000 0 0
1 1 1 b981679c7f800000 0 0
1 1 1 b6bd3e80ff800000 0 0
1 1 1 3e3365d27f800000 0 0
1 1 1 b7682f2c7f800000 0 0
1 1 1 ccf28d197fc00000 0 0
1 1 1 42d2cd82ff800000 0 0
1 1 1 3c42eb68ff800000 0 0
1 1 1 c15bc4cdff800000 0 0
1 1 1 b660cbbeff800000 0 0
1 1 1 cc3437fc7f800000 0 0
1 1 1 c349d97b7f800000 0 0
1 1 1 4b9b127c7fc00000 0 0
1 1 1 419d8358ff800000 0 0
1 1 1 30ff7f36ff800000 0 0
1 1 1 3be5708dff800000 0 0
1 1 1 b6c35321ff800000 0 0
1 1 1 cc7671267f800000 0 0
1 1 1 3390f5567fc00000 0 0
1 1 1 b29a463eff800000 0 0
1 1 1 b232658c7fc00000 0 0
1 1 1 cd31b1a67fc00000 0 0
1 1 1 c71c0ea37f800000 0 0
1 1 1 46a524c9ff800000 0 0
1 1 1 bb0540b37fc00000 0 0
1 1 1 3e9ab23fff800000 0 0
1 1 1 405368d67fc00000 0 0
1 1 1 4bf488547f800000 0 0
1 1 1 401a44caff800000 0 0
1 1 1 b89f80afff800000 0 0
1 1 1 4c0ddcdd7f800000 0 0
1 1 1 cae5469d7fc00000 0 0
1 1 1 46bdfe8e7fc00000 0 0
1 1 1 44ca3f277fc00000 0 0
1 1 1 ca6df01d7fc00000 0 0
1 1 1 c157591f7f800000 0 0
1 1 1 b5e1db777f800000 0 0
1 1 1 3b4aee617fc00000 0 0
1 1 1 b261d88e7fc00000 0 0
1 1 1 4bb140727fc00000 0 0
1 1 1 37a8d082ff800000 0 0
1 1 1 ba8c81947fc00000 0 0
1 1 1 4026622b7f800000 0 0
1 1 1 3fa957837fc00000 0 0
1 1 1 b22dece47f800000 0 0
1 1 1 413187a57fc00000 0 0
1 1 1 b7e96b9fff800000 0 0
1 1 1 b687b4ab7f800000 0 0
1 1 1 c959fbd47fc00000 0 0
1 1 1 3d0f7c9bff800000 0 0
1 1 1 bb9662a9ff800000 0 0
1 1 1 c5c8c52fff800000 0 0
1 1 1 caee028f7fc00000 0 0
1 1 1 3be2fe3c7fc00000 0 0
1 1 1 b744a4cbff800000 0 0
1 1 1 39dfa1047fc00000 0 0
1 1 1 3d2762367fc00000 0 0
1 1 1 4d4da8657f800000 0 0
1 1 1 4246ba72ff800000 0 0
1 1 1 326a3c617fc00000 0 0
1 1 1 ca0ec9c97f800000 0 0
1 1 1 4b38080f7fc00000 0 0
1 1 1 3c82e06dff800000 0 0
1 1 1 4a42d3d47fc00000 0 0
1 1 1 b0ad5c6d7f800000 0 0
1 1 1 30bf52327f800000 0 0
1 1 1 453d59ef7fc00000 0 0
1 1 1 ca554f647f800000 0 0
1 1 1 421efcf17f800000 0 0
1 1 1 4403ee4eff800000 0 0
1 1 1 b4c53c9f7fc00000 0 0
1 1 1 b0cee6a0ff800000 0 0
1 1 1 4e001b757fc00000 0 0
1 1 1 b2b923447f800000 0 0
1 1 1 c0f28dab7f800000 0 0
1 1 1 c861729a7f800000 0 0
1 1 1 4d8a87207f800000 0 0
1 1 1 38ebe4ab7f800000 0 0
1 1 1 32c8d5ccff800000 0 0
1 1 1 b1ccc5307fc00000 0 0
1 1 1 4c316bceff800000 0 0
1 1 1 385115707fc00000 0 0
1 1 1 457049517f800000 0 0
1 1 1 ce0e65a97f800000 0 0
1 1 1 400e08997f800000 0 0
1 1 1 3d7288ff7f800000 0 0
1 1 1 b646e25c7fc00000 0 0
1 1 1 335b77b8ff800000 0 0
1 1 1 bab9bdc47fc00000 0 0
1 1 1 421d64b3ff800000 0 0
1 1 1 c2b29b007f800000 0 0
1 1 1 4c472fc5ff800000 0 0
1 1 1 cad367477fc00000 0 0
1 1 1 ceb05aa77fc00000 0 0
1 1 1 bd84da2fff800000 0 0
1 1 1 439c4d187f800000 0 0
1 1 1 c2a1b3b27fc00000 0 0
1 1 1 c077e2537fc00000 0 0
1 1 1 ccda59f47f800000 0 0
1 1 1 4155eb7b7f800000 0 0
1 1 1 48fe271d7f800000 0 0
1 1 1 b90815e67fc00000 0 0
1 1 1 3b69f1e87f800000 0 0
1 1 1 450c55fd7f800000 0 0
1 1 1 4251a67dff800000 0 0
1 1 1 bf613f027f800000 0 0
1 1 1 33b33d9a7fc00000 0 0
1 1 1 3577229aff800000 0 0
1 1 1 4823d6897f800000 0 0
1 1 1 4a9e56407fc00000 0 0
1 1 1 c91917d7ff800000 0 0
1 1 1 bef3144cff800000 0 0
1 1 1 454b28aa7f800000 0 0
1 1 1 3205ed1c7fc00000 0 0
1 1 1 3542ad297f800000 0 0
1 1 1 bc2433757f800000 0 0
1 1 1 4eb55417ff800000 0 0
1 1 1 4b5d58157fc00000 0 0
1 1 1 b5f01127ff800000 0 0
1 1 1 3e157f12ff800000 0 0
1 1 1 bc8a9df37fc00000 0 0
1 1 1 393d541d7fc00000 0 0
1 1 1 3194dec57f800000 0 0
1 1 1 3d44ba6a7f800000 0 0
1 1 1 3b61fe027f800000 0 0
1 1 1 b7feb4397fc00000 0 0
1 1 1 c3b0c783ff800000 0 0
1 1 1 3d092f267fc00000 0 0
1 1 1 c646a5197f800000 0 0
1 1 1 40e277727f800000 0 0
1 1 1 326ab6997f800000 0 0
1 1 1 371e7ccbff800000 0 0
1 1 1 b96d33a47fc00000 0 0
1 1 1 406a2ce37f800000 0 0
1 1 1 3e0e35ce7fc00000 0 0
1 1 1 bde04f8cff800000 0 0
1 1 1 b87fdefbff800000 0 0
1 1 1 c14ced9eff800000 0 0
1 1 1 b738160a7fc00000 0 0
1 1 1 395905637f800000 0 0
1 1 1 477e4575ff800000 0 0
1 1 1 c4b5b07a7fc00000 0 0
1 1 1 4af76227ff800000 0 0
1 1 1 b78862497fc00000 0 0
1 1 1 c9bc4be27fc00000 0 0
1 1 1 c739bc94ff800000 0 0
1 1 1 b1f5d2e9ff800000 0 0
1 1 1 4612f2f47fc00000 0 0
1 1 1 b6afe5677f800000 0 0
1 1 1 bbfa16e9ff800000 0 0
1 1 1 cab8bed6ff800000 0 0
1 1 1 bdbbb29aff800000 0 0
1 1 1 490517e7ff800000 0 0
1 1 1 4a1e0fbb7fc00000 0 0
1 1 1 4c6cd5987f800000 0 0
1 1 1 c259f5b97f800000 0 0
1 1 1 cb91902e7f800000 0 0
1 1 1 43c89c7cff800000 0 0
1 1 1 cc3586847f800000 0 0
1 1 1 336d41cc7f800000 0 0
1 1 1 cd6af5857f800000 0 0
1 1 1 b184eb977f800000 0 0
1 1 1 cbb6add07f800000 0 0
1 1 1 308654297f800000 0 0
1 1 1 397fda147fc00000 0 0
1 1 1 c53a34c47fc00000 0 0
1 1 1 bc57f8ed7f800000 0 0
1 1 1 31431ac8ff800000 0 0
1 1 1 3ec0e11a7f800000 0 0
1 1 1 b4302426ff800000 0 0
1 1 1 48c6da587fc00000 0 0
1 1 1 b1419423ff800000 0 0
1 1 1 3246bc787f800000 0 0
1 1 1 368e1007ff800000 0 0
1 1 1 4a8c24547f800000 0 0
1 1 1 ca1c78937fc00000 0 0
1 1 1 3639343e7fc00000 0 0
1 1 1 bf628098ff800000 0 0
1 1 1 cc32fcf57fc00000 0 0
1 1 1 c0f0914b7fc00000 0 0
1 1 1 ba700f6f7fc00000 0 0
1 1 1 30bf85117f800000 0 0
1 1 1 383412d97f800000 0 0
1 1 1 b6e276387fc00000 0 0
1 1 1 32feb2a67f800000 0 0
1 1 1 cece9916ff800000 0 0
1 1 1 c49320657fc00000 0 0
1 1 1 c991fd18ff800000 0 0
1 1 1 346ed1e27fc00000 0 0
1 1 1 462c78857fc00000 0 0
1 1 1 cd2fab837fc00000 0 0
1 1 1 c415a3127fc00000 0 0
1 1 1 3c48cc837f800000 0 0
1 1 1 322e04dfff800000 0 0
1 1 1 44194d007f800000 0 0
1 1 1 42afd937ff800000 0 0
1 1 1 32b526e7ff800000 0 0
1 1 1 b9d74b8aff800000 0 0
1 1 1 4e95a6a37fc00000 0 0
1 1 1 bf6bc8777f800000 0 0
1 1 1 c277cda17fc00000 0 0
1 1 1 3e3886bd7fc00000 0 0
1 1 1 bba3d6417f800000 0 0
1 1 1 b7314ad17f800000 0 0
1 1 1 4e9587c6ff800000 0 0
1 1 1 49fc1d607f800000 0 0
1 1 1 ceca73bd7fc00000 0 0
1 1 1 46e0c5cc7fc00000 0 0
1 1 1 4dd5190bff800000 0 0
1 1 1 ba3600427f800000 0 0
1 1 1 cb21cabe7f800000 0 0
1 1 1 cac13d427f800000 0 0
1 1 1 3de6cc237fc00000 0 0
1 1 1 46a22ba2ff800000 0 0
1 1 1 ba8bf41f7f800000 0 0
1 1 1 c5fdfeca7f800000 0 0
1 1 1 326315e5ff800000 0 0
1 1 1 ba2582267f800000 0 0
1 1 1 b19113ad7f800000 0 0
1 1 1 b760d50b7f800000 0 0
1 1 1 4c9332baff800000 0 0
1 1 1 baad25c8ff800000 0 0
1 1 1 c144a0537f800000 0 0
1 1 1 3b7c7f6a7f800000 0 0
1 1 1 b6b45d45ff800000 0 0
1 1 1 bacea9a67fc00000 0 0
1 1 1 c12536937fc00000 0 0
1 1 1 be0f5c647f800000 0 0
1 1 1 b5dc105e7fc00000 0 0
1 1 1 3f0d93dc7f800000 0 0
1 1 1 45c86f067f800000 0 0
1 1 1 c60b2c3a7f800000 0 0
1 1 1 c3a02a4e7f800000 0 0
1 1 1 4802599b7f800000 0 0
1 1 1 c8d123d87fc00000 0 0
1 1 1 345a83f87fc00000 0 0
1 1 1 37dd72de7fc00000 0 0
1 1 1 b309f5b57f800000 0 0
1 1 1 bd53569b7fc00000 0 0
1 1 1 4656cfbd7f800000 0 0
1 1 1 ce8df9477f800000 0 0
1 1 1 34c7b5e2ff800000 0 0
1 1 1 42bd70e5ff800000 0 0
1 1 1 37ceef9a7fc00000 0 0
1 1 1 4a0f4b4b7f800000 0 0
1 1 1 bacb59297f800000 0 0
1 1 1 bed3d0ee7f800000 0 0
1 1 1 3837cc12ff800000 0 0
1 1 1 b7417396ff800000 0 0
1 1 1 48d990d87f800000 0 0
1 1 1 ca61e16d7f800000 0 0
1 1 1 cd943b43ff800000 0 0
1 1 1 33d7c620ff800000 0 0
1 1 1 c4cb23577f800000 0 0
1 1 1 c77169d87fc00000 0 0
1 1 1 394743627fc00000 0 0
1 1 1 4ae8d58a7fc00000 0 0
1 1 1 b9d89ec37fc00000 0 0
1 1 1 4edd37367fc00000 0 0
1 1 1 32ed1c9a7fc00000 0 0
1 1 1 4df167837fc00000 0 0
1 1 1 391ab34dff800000 0 0
1 1 1 ba84ad797f800000 0 0
1 1 1 b139a6d17f800000 0 0
1 1 1 4d07ed00ff800000 0 0
1 1 1 4b3408e37f800000 0 0
1 1 1 3d22abce7fc00000 0 0
1 1 1 bdcbf4d77f800000 0 0
1 1 1 beb7b4157fc00000 0 0
1 1 1 c59581be7fc00000 0 0
1 1 1 cb7e35c6ff800000 0 0
1 1 1 4a6572c17f800000 0 0
1 1 1 ba7f7a877fc00000 0 0
1 1 1 c40e21187fc00000 0 0
1 1 1 b47945e07f800000 0 0
1 1 1 bfe811c1ff800000 0 0
1 1 1 4e6dffcdff800000 0 0
1 1 1 3934b2827fc00000 0 0
1 1 1 bc9533f77f800000 0 0
1 1 1 403cea727f800000 0 0
1 1 1 c6efe5de7fc00000 0 0
1 1 1 b700281aff800000 0 0
1 1 1 c11d6ffc7fc00000 0 0
1 1 1 b1512d527fc00000 0 0
1 1 1 35275a2c7fc00000 0 0
1 1 1 3dcfb4367fc00000 0 0
1 1 1 48ee8df67fc00000 0 0
1 1 1 4a2407927f800000 0 0
1 1 1 3340e2827fc00000 0 0
1 1 1 362df02e7fc00000 0 0
1 1 1 c06e3d96ff800000 0 0
1 1 1 b8745a8b7fc00000 0 0
1 1 1 39209b58ff800000 0 0
1 1 1 44c095a6ff800000 0 0
1 1 1 b5c873c47fc00000 0 0
1 1 1 4176c95b7f800000 0 0
1 1 1 b080f9de7fc00000 0 0
1 1 1 43fcd4467f800000 0 0
1 1 1 c42a6cf4ff800000 0 0
1 1 1 c4df7a1a7f800000 0 0
1 1 1 bb9595137f800000 0 0
1 1 1 bd73f28a7f800000 0 0
1 1 1 34d0ea117f800000 0 0
1 1 1 3e78aa4d7f800000 0 0
1 1 1 35eef9e4ff800000 0 0
1 1 1 38d128cd7fc00000 0 0
1 1 1 3e0504ec7f800000 0 0
1 1 1 32bd3271ff800000 0 0
1 1 1 4df1a2077fc00000 0 0
1 1 1 438127737fc00000 0 0
1 1 1 b0b7aa8fff800000 0 0
1 1 1 c9b0a3ed7f800000 0 0
1 1 1 c031fb8c7f800000 0 0
1 1 1 c436b8777f800000 0 0
1 1 1 3784ca2bff800000 0 0
1 1 1 35be8f1dff800000 0 0
1 1 1 3151bbfb7fc00000 0 0
1 1 1 319c130f7fc00000 0 0
1 1 1 bd677f24ff800000 0 0
1 1 1 3313730c7fc00000 0 0
1 1 1 4e90ec32ff800000 0 0
1 1 1 b9ca1b71ff800000 0 0
1 1 1 b34d185e7f800000 0 0
1 1 1 c94b56707fc00000 0 0
1 1 1 b1d145467f800000 0 0
1 1 1 498326847f800000 0 0
1 1 1 4d0f1c7b7fc00000 0 0
1 1 1 b84b08267f800000 0 0
1 1 1 c692308eff800000 0 0
1 1 1 b7f766767fc00000 0 0
1 1 1 40dc4c2cff800000 0 0
1 1 1 b1a189127fc00000 0 0
1 1 1 365ec29a7fc00000 0 0
1 1 1 b2b02a2c7fc00000 0 0
1 1 1 c76ca074ff800000 0 0
1 1 1 3847dd597fc00000 0 0
1 1 1 41fb16df7fc00000 0 0
1 1 1 cb52e2347fc00000 0 0
1 1 1 3a8cdf7a7fc00000 0 0
1 1 1 ca159b287f800000 0 0
1 1 1 43eb58517f800000 0 0
1 1 1 c79e30157fc00000 0 0
1 1 1 cd24a6937f800000 0 0
1 1 1 b7a9f236ff800000 0 0
1 1 1 b8351e107fc00000 0 0
1 1 1 b74a71db7fc00000 0 0
1 1 1 bba3f0b17fc00000 0 0
1 1 1 3885b5a6ff800000 0 0
1 1 1 41d09d867fc00000 0 0
1 1 1 49792cf57f800000 0 0
1 1 1 4a0c0b517f800000 0 0
1 1 1 315afeae7fc00000 0 0
1 1 1 cb9da5df7fc00000 0 0
1 1 1 b31a224cff800000 0 0
1 1 1 c37f99e57fc00000 0 0
1 1 1 3ea9d8c87f800000 0 0
1 1 1 3831961d7f800000 0 0
1 1 1 c38c4f95ff800000 0 0
1 1 1 34adf96aff800000 0 0
1 1 1 c6804c9c7f800000 0 0
1 1 1 3d93837fff800000 0 0
1 1 1 3c01653eff800000 0 0
1 1 1 3f05500e7fc00000 0 0
1 1 1 b278e0887f800000 0 0
1 1 1 ccf4d4987fc00000 0 0
1 1 1 b91fc9217f800000 0 0
1 1 1 ccc6d8297f800000 0 0
1 1 1 455437697f800000 0 0
1 1 1 4350e21eff800000 0 0
1 1 1 3fb4fe33ff800000 0 0
1 1 1 c3cb4c45ff800000 0 0
1 1 1 cbd460d07f800000 0 0
1 1 1 b6d365e67fc00000 0 0
1 1 1 be935e817fc00000 0 0
1 1 1 c95558c97fc00000 0 0
1 1 1 caa1f3727f800000 0 0
1 1 1 bbd9f3e17fc00000 0 0
1 1 1 beaa971e7f800000 0 0
1 1 1 c4fcbfb37f800000 0 0
1 1 1 36a505d57fc00000 0 0
1 1 1 49962c077fc00000 0 0
1 1 1 c7ae6c287fc00000 0 0
1 1 1 cafba6ffff800000 0 0
1 1 1 32c5258a7f800000 0 0
1 1 1 cc0119467f800000 0 0
1 1 1 cd49546aff800000 0 0
1 1 1 40eb43987fc00000 0 0
1 1 1 c5d195adff800000 0 0
1 1 1 43690eb07f800000 0 0
1 1 1 3c0743b67fc00000 0 0
1 1 1 c526a2bfff800000 0 0
1 1 1 30a7024b7f800000 0 0
1 1 1 c547628dff800000 0 0
1 1 1 c39ff55f7f800000 0 0
1 1 1 43e9135c7fc00000 0 0
1 1 1 bba99c17ff800000 0 0
1 1 1 c0be1c857fc00000 0 0
1 1 1 c66421a87fc00000 0 0
1 1 1 3f2f5711ff800000 0 0
1 1 1 376b65717f800000 0 0
1 1 1 c1ce35a17f800000 0 0
1 1 1 3892e9b77fc00000 0 0
1 1 1 4b8bd0a7ff800000 0 0
1 1 1 3c2cf5857f800000 0 0
1 1 1 4026e5b67fc00000 0 0
1 1 1 cd216aa8ff800000 0 0
1 1 1 3fba8fd77fc00000 0 0
1 1 1 bea00fb6ff800000 0 0
1 1 1 cb4333277fc00000 0 0
1 1 1 355b0f277fc00000 0 0
1 1 1 b56b412f7f800000 0 0
1 1 1 c0ffebc7ff800000 0 0
1 1 1 c0287e1a7f800000 0 0
1 1 1 b99087987f800000 0 0
1 1 1 cd9dbf4a7f800000 0 0
1 1 1 b40d6e357fc00000 0 0
1 1 1 3a6f6e60ff800000 0 0
1 1 1 bc27558fff800000 0 0
1 1 1 c7e3812fff800000 0 0
1 1 1 4dc9fc9c7f800000 0 0
1 1 1 b47d56637f800000 0 0
1 1 1 c9c73e337fc00000 0 0
1 1 1 ca29bbec7fc00000 0 0
1 1 1 320e24967f800000 0 0
1 1 1 c65c6b527f800000 0 0
1 1 1 bc6286067f800000 0 0
1 1 1 3a4743c1ff800000 0 0
1 1 1 38795a40ff800000 0 0
1 1 1 bdfc20e6ff800000 0 0
1 1 1 35a9de047fc00000 0 0
1 1 1 b92ecc787f800000 0 0
1 1 1 36cd80fd7f800000 0 0
1 1 1 36a6c2577f800000 0 0
1 1 1 31fb3b557fc00000 0 0
1 1 1 320d0f777fc00000 0 0
1 1 1 3acba3f57f800000 0 0
1 1 1 ccfe7b9cff800000 0 0
1 1 1 4d3ac59eff800000 0 0
1 1 1 339d7e527fc00000 0 0
1 1 1 3f3176d67f800000 0 0
1 1 1 b0b251997f800000 0 0
1 1 1 3161ea2a7fc00000 0 0
1 1 1 c5bfcf27ff800000 0 0
1 1 1 469d7dd87f800000 0 0
1 1 1 41d625ccff800000 0 0
1 1 1 4dc56980ff800000 0 0
1 1 1 48c4e27f7fc00000 0 0
1 1 1 30bd7a8aff800000 0 0
1 1 1 bf6453997fc00000 0 0
1 1 1 cea25a867fc00000 0 0
1 1 1 bf6aaac4ff800000 0 0
1 1 1 3c66a3067f800000 0 0
1 1 1 3f9b6db57fc00000 0 0
1 1 1 bb773451ff800000 0 0
1 1 1 44319ca4ff800000 0 0
1 1 1 3a362b59ff800000 0 0
1 1 1 b9174fe27f800000 0 0
1 1 1 cdadeff1ff800000 0 0
1 1 1 4c2c47547fc00000 0 0
1 1 1 c5d000497f800000 0 0
1 1 1 c50af1357fc00000 0 0
1 1 1 c11fb5757fc00000 0 0
1 1 1 c4cec9db7fc00000 0 0
1 1 1 3a960f697f800000 0 0
1 1 1 b830d0687f800000 0 0
1 1 1 c9f6b3547f800000 0 0
1 1 1 43f376507f800000 0 0
1 1 1 c7945dd3ff800000 0 0
1 1 1 3c0e97d17fc00000 0 0
1 1 1 c60b1d947f800000 0 0
1 1 1 b34772957fc00000 0 0
1 1 1 b12b84f57fc00000 0 0
1 1 1 bcec43707f800000 0 0
1 1 1 ccc56177ff800000 0 0
1 1 1 c68c9b9bff800000 0 0
1 1 1 38ca410b7f800000 0 0
1 1 1 42c4a0c7ff800000 0 0
1 1 1 3e6e7b53ff800000 0 0
1 1 1 b10db0b37fc00000 0 0
1 1 1 b89d20647fc00000 0 0
1 1 1 b8a7c153ff800000 0 0
1 1 1 34c4da747fc00000 0 0
1 1 1 cef82e6aff800000 0 0
1 1 1 cc8415937f800000 0 0
1 1 1 4774e3ed7f800000 0 0
1 1 1 c39cd8667f800000 0 0
1 1 1 c8ca6590ff800000 0 0
1 1 1 364038b07fc00000 0 0
1 1 1 bf8704dcff800000 0 0
1 1 1 464557a9ff800000 0 0
1 1 1 c08851687f800000 0 0
1 1 1 c0415e437fc00000 0 0
1 1 1 316f6ee87f800000 0 0
1 1 1 b6eb1dd77f800000 0 0
1 1 1 448c3f657fc00000 0 0
1 1 1 cbbcc0837fc00000 0 0
1 1 1 bfed4c067fc00000 0 0
1 1 1 be4cb0ea7fc00000 0 0
1 1 1 386c25e47f800000 0 0
1 1 1 c15ebfb7ff800000 0 0
1 1 1 c8f890307fc00000 0 0
1 1 1 c346c5647f800000 0 0
1 1 1 3b1a618b7f800000 0 0
1 1 1 377229db7fc00000 0 0
1 1 1 343822b57fc00000 0 0
1 1 1 ca45c6bfff800000 0 0
1 1 1 ca39fad57fc00000 0 0
1 1 1 447c8f4e7fc00000 0 0
1 1 1 c175c9cb7f800000 0 0
1 1 1 3bc591c0ff800000 0 0
1 1 1 4db46ce67fc00000 0 0
1 1 1 3d80ba057fc00000 0 0
1 1 1 4e5cb4ec7fc00000 0 0
1 1 1 c04b41357f800000 0 0
1 1 1 c5180a837fc00000 0 0
1 1 1 3e47b59c7f800000 0 0
1 1 1 cdc87d9aff800000 0 0
1 1 1 334c20367fc00000 0 0
1 1 1 41d7ab24ff800000 0 0
1 1 1 435f53497fc00000 0 0
1 1 1 bb61caa77f800000 0 0
1 1 1 b108c23eff800000 0 0
1 1 1 3cfdebec7fc00000 0 0
1 1 1 ccbe18c67fc00000 0 0
1 1 1 41ca89a17f800000 0 0
1 1 1 36020bb6ff800000 0 0
1 1 1 3adb5cab7fc00000 0 0
1 1 1 bb79c0d6ff800000 0 0
1 1 1 44dc35527fc00000 0 0
1 1 1 3dd076497f800000 0 0
1 1 1 44d49b537f800000 0 0
1 1 1 c1912725ff800000 0 0
1 1 1 31d0afcf7f800000 0 0
1 1 1 381d0003ff800000 0 0
1 1 1 3cea1a197f800000 0 0
1 1 1 c8c7e9b1ff800000 0 0
1 1 1 b876615b7fc00000 0 0
1 1 1 4127660e7f800000 0 0
1 1 1 4b0c80a1ff800000 0 0
1 1 1 c5bb0c68ff800000 0 0
1 1 1 ca2245b7ff800000 0 0
1 1 1 4a59564dff800000 0 0
1 1 1 48488567ff800000 0 0
1 1 1 c005a2b77fc00000 0 0
1 1 1 beef66b97fc00000 0 0
1 1 1 bc3875237fc00000 0 0
1 1 1 3a58b4c9ff800000 0 0
1 1 1 b2bb411f7fc00000 0 0
1 1 1 3ce83ec5ff800000 0 0
1 1 1 b8c078257fc00000 0 0
1 1 1 b872b5957fc00000 0 0
1 1 1 c39c5c397f800000 0 0
1 1 1 c9737b717f800000 0 0
1 1 1 3d92a92e7f800000 0 0
1 1 1 3ae9d0397fc00000 0 0
1 1 1 b7d06bf0ff800000 0 0
1 1 1 3c0747d57f800000 0 0
1 1 1 4749e29d7f800000 0 0
1 1 1 42c430937f800000 0 0
1 1 1 ba34a137ff800000 0 0
1 1 1 369d50adff800000 0 0
1 1 1 c94bc5e77f800000 0 0
1 1 1 332813edff800000 0 0
1 1 1 49d169e9ff800000 0 0
1 1 1 38c151b17fc00000 0 0
1 1 1 310ceaf77f800000 0 0
1 1 1 c49125c5ff800000 0 0
1 1 1 39f8e4dcff800000 0 0
1 1 1 b0df701a7f800000 0 0
1 1 1 c1905e527f800000 0 0
1 1 1 cc04169d7f800000 0 0
1 1 1 c90657287f800000 0 0
1 1 1 368436b27fc00000 0 0
1 1 1 30ea173b7f800000 0 0
1 1 1 c004315b7fc00000 0 0
1 1 1 c0d904157fc00000 0 0
1 1 1 31d5ef32ff800000 0 0
1 1 1 4905cc92ff800000 0 0
1 1 1 ba530f607fc00000 0 0
1 1 1 3c5f8a577f800000 0 0
1 1 1 3088a2dc7f800000 0 0
1 1 1 389124247f800000 0 0
1 1 1 c08fb630ff800000 0 0
1 1 1 4e73292fff800000 0 0
1 1 1 c14f1cb87fc00000 0 0
1 1 1 359309707f800000 0 0
1 1 1 4ee88202ff800000 0 0
1 1 1 48f531d27f800000 0 0
1 1 1 47f0f5e5ff800000 0 0
1 1 1 c4f1d5137fc00000 0 0
1 1 1 c4e2431cff800000 0 0
1 1 1 35305a537fc00000 0 0
1 1 1 bf9b5fce7f800000 0 0
1 1 1 c68ac464ff800000 0 0
1 1 1 3e15cbb27fc00000 0 0
1 1 1 ba48a2d47fc00000 0 0
1 1 1 3c417cef7fc00000 0 0
1 1 1 4894af09ff800000 0 0
1 1 1 c100c643ff800000 0 0
1 1 1 34784a177f800000 0 0
1 1 1 b84c946d7f800000 0 0
1 1 1 34ce6defff800000 0 0
1 1 1 c9191d817fc00000 0 0
1 1 1 c63b0524ff800000 0 0
1 1 1 3407ea677fc00000 0 0
1 1 1 490a12037f800000 0 0
1 1 1 bb5aefe7ff800000 0 0
1 1 1 c6a4a5c9ff800000 0 0
1 1 1 4e5345747fc00000 0 0
1 1 1 31d8253b7f800000 0 0
1 1 1 b988baf67f800000 0 0
1 1 1 400cf7987fc00000 0 0
1 1 1 4543e3ff7fc00000 0 0
1 1 1 b0c8bc467fc00000 0 0
1 1 1 c3ae1e167fc00000 0 0
1 1 1 3150f8f37f800000 0 0
1 1 1 bab4bf89ff800000 0 0
1 1 1 313ac6677fc00000 0 0
1 1 1 bd52ccfe7fc00000 0 0
1 1 1 c24da1767fc00000 0 0
1 1 1 b14badf17fc00000 0 0
1 1 1 cce87f3e7f800000 0 0
1 1 1 425833db7f800000 0 0
1 1 1 3e17aa7d7fc00000 0 0
1 1 1 359eeecb7fc00000 0 0
1 1 1 c3291007ff800000 0 0
1 1 1 c738e7ff7f800000 0 0
1 1 1 44b2ab077fc00000 0 0
1 1 1 371611677fc00000 0 0
1 1 1 3e6d84887f800000 0 0
1 1 1 c9b5961d7fc00000 0 0
1 1 1 3116fdd37fc00000 0 0
1 1 1 c67e62d7ff800000 0 0
1 1 1 bf5a6372ff800000 0 0
1 1 1 bac24ad8ff800000 0 0
1 1 1 4b08b2857fc00000 0 0
1 1 1 38543fd57f800000 0 0
1 1 1 c1ec6be47fc00000 0 0
1 1 1 b8f411b07f800000 0 0
1 1 1 354e66da7fc00000 0 0
1 1 1 3f292654ff800000 0 0
1 1 1 b75d4bea7fc00000 0 0
1 1 1 c710f3977f800000 0 0
1 1 1 bf33066b7fc00000 0 0
1 1 1 b57bb87a7fc00000 0 0
1 1 1 c72fbf537f800000 0 0
1 1 1 b6bb76f07f800000 0 0
1 1 1 bee135e47fc00000 0 0
1 1 1 bd8831797fc00000 0 0
1 1 1 3c2766057f800000 0 0
1 1 1 397d72e17f800000 0 0
1 1 1 4cce02b77fc00000 0 0
1 1 1 b9c49e347fc00000 0 0
1 1 1 cd63f0afff800000 0 0
1 1 1 c730fbe8ff800000 0 0
1 1 1 c6579efa7f800000 0 0
1 1 1 c008ea76ff800000 0 0
1 1 1 be1d1bb4ff800000 0 0
1 1 1 bdbfd668ff800000 0 0
1 1 1 3d6963847fc00000 0 0
1 1 1 c361c9beff800000 0 0
1 1 1 ceaa3f3e7fc00000 0 0
1 1 1 3538e3e57fc00000 0 0
1 1 1 3efe6d567f800000 0 0
1 1 1 c8cc04cd7fc00000 0 0
1 1 1 37ef7d2e7fc00000 0 0
1 1 1 3cfd4fbc7f800000 0 0
1 1 1 3f3d8a2d7fc00000 0 0
1 1 1 c06bae467f800000 0 0
1 1 1 3cbd1a6d7f800000 0 0
1 1 1 b517db327f800000 0 0
1 1 1 b7a2c186ff800000 0 0
1 1 1 b0fdc4937fc00000 0 0
1 1 1 4de78d597fc00000 0 0
1 1 1 3f7eb46d7f800000 0 0
1 1 1 bd4773537f800000 0 0
1 1 1 ccb0c3b77fc00000 0 0
1 1 1 34b585847fc00000 0 0
1 1 1 375e667f7fc00000 0 0
1 1 1 4ed9e57cff800000 0 0
1 1 1 4e2d85eb7f800000 0 0
1 1 1 42ffe78b7fc00000 0 0
1 1 1 46da54387f800000 0 0
1 1 1 c197bdf97f800000 0 0
1 1 1 c6c154baff800000 0 0
1 1 1 4567488a7f800000 0 0
1 1 1 3177464e7f800000 0 0
1 1 1 3bcf2c2a7fc00000 0 0
1 1 1 30fd71a37fc00000 0 0
1 1 1 b6ddea307fc00000 0 0
1 1 1 b9525a2e7f800000 0 0
1 1 1 31a1b1c87fc00000 0 0
1 1 1 48928bdaff800000 0 0
1 1 1 b603c907ff800000 0 0
1 1 1 318825cc7fc00000 0 0
1 1 1 c811658a7fc00000 0 0
1 1 1 37fc4e94ff800000 0 0
1 1 1 cddafe0c7fc00000 0 0
1 1 1 ce2848777fc00000 0 0
1 1 1 4c65fcdaff800000 0 0
1 1 1 316dfaacff800000 0 0
1 1 1 b24acd6aff800000 0 0
1 1 1 3a313dc27fc00000 0 0
1 1 1 3e5c8688ff800000 0 0
1 1 1 b47e98287fc00000 0 0
1 1 1 b3f76aa27fc00000 0 0
1 1 1 3db901f97f800000 0 0
1 1 1 b3de0d507fc00000 0 0
1 1 1 b4b6b254ff800000 0 0
1 1 1 c7c621c4ff800000 0 0
1 1 1 3988f16b7f800000 0 0
1 1 1 bd78c9d27f800000 0 0
1 1 1 384e23e3ff800000 0 0
1 1 1 b4745e27ff800000 0 0
1 1 1 bef7c1ee7fc00000 0 0
1 1 1 4ea058a07fc00000 0 0
1 1 1 326cf314ff800000 0 0
1 1 1 4523eb107f800000 0 0
1 1 1 be5a284eff800000 0 0
1 1 1 b62f1f0d7fc00000 0 0
1 1 1 32170ba9ff800000 0 0
1 1 1 3c5f60a47f800000 0 0
1 1 1 c4ca17c6ff800000 0 0
1 1 1 b91ce7d67fc00000 0 0
1 1 1 b8bc7b3c7fc00000 0 0
1 1 1 b69e47a17f800000 0 0
1 1 1 34eab6e6ff800000 0 0
1 1 1 3556b4f3ff800000 0 0
1 1 1 bd0259d1ff800000 0 0
1 1 1 42c9e58cff800000 0 0
1 1 1 3463b2ce7fc00000 0 0
1 1 1 3e754102ff800000 0 0
1 1 1 357d3a967fc00000 0 0
1 1 1 417aaf7c7f800000 0 0
1 1 1 488986027f800000 0 0
1 1 1 c070e6057f800000 0 0
1 1 1 4eb135657f800000 0 0
1 1 1 baa6f239ff800000 0 0
1 1 1 3d5ec8ae7fc00000 0 0
1 1 1 c7d5de0eff800000 0 0
1 1 1 3b5f9dfe7fc00000 0 0
1 1 1 befcfcc57f800000 0 0
1 1 1 c43116187f800000 0 0
1 1 1 bb69eab17f800000 0 0
1 1 1 314958137f800000 0 0
1 1 1 3a27a5027f800000 0 0
1 1 1 386225517fc00000 0 0
1 1 1 3ec4f57f7fc00000 0 0
1 1 1 b78e47887fc00000 0 0
1 1 1 3f61df0c7fc00000 0 0
1 1 1 c5c5c027ff800000 0 0
1 1 1 3524e16dff800000 0 0
1 1 1 3ddf9951ff800000 0 0
1 1 1 b703c3167f800000 0 0
1 1 1 b68372b6ff800000 0 0
1 1 1 38ef32efff800000 0 0
1 1 1 ceea8da0ff800000 0 0
1 1 1 c148ae497fc00000 0 0
1 1 1 334c52c37fc00000 0 0
1 1 1 c401aa797fc00000 0 0
1 1 1 cd337ae1ff800000 0 0
1 1 1 3f3d39257f800000 0 0
1 1 1 c11116b77fc00000 0 0
1 1 1 4a3d402fff800000 0 0
1 1 1 337fd7ae7f800000 0 0
1 1 1 3b9760a1ff800000 0 0
1 1 1 40451ffd7fc00000 0 0
1 1 1 3a65f3fa7fc00000 0 0
1 1 1 c222dae37fc00000 0 0
1 1 1 c973f4e57fc00000 0 0
1 1 1 c5b2fedb7f800000 0 0
1 1 1 c257634eff800000 0 0
1 1 1 459cd8c37f800000 0 0
1 1 1 c6d535727f800000 0 0
1 1 1 cd1ece317fc00000 0 0
1 1 1 c2d33919ff800000 0 0
1 1 1 bd31dee67fc00000 0 0
1 1 1 371c58e87f800000 0 0
1 1 1 b547ad3eff800000 0 0
1 1 1 cbccad7f7f800000 0 0
1 1 1 4513e75f7f800000 0 0
1 1 1 b7270edc7fc00000 0 0
1 1 1 44a97735ff800000 0 0
1 1 1 c1f46462ff800000 0 0
1 1 1 444559027f800000 0 0
1 1 1 4421f779ff800000 0 0
1 1 1 bea06edc7fc00000 0 0
1 1 1 bb719dc87fc00000 0 0
1 1 1 4215d8277fc00000 0 0
1 1 1 bc7a231a7fc00000 0 0
1 1 1 34b76ec17f800000 0 0
1 1 1 46c07a2fff800000 0 0
1 1 1 477499347fc00000 0 0
1 1 1 b3713f107fc00000 0 0
1 1 1 4e1419ae7fc00000 0 0
1 1 1 40562b827fc00000 0 0
1 1 1 be5a4a4cff800000 0 0
1 1 1 3e1a096c7fc00000 0 0
1 1 1 391137bdff800000 0 0
1 1 1 c5fd44a57fc00000 0 0
1 1 1 c753c6aa7fc00000 0 0
1 1 1 3acdadc57fc00000 0 0
1 1 1 b62cdb7d7f800000 0 0
1 1 1 c26fb2247f800000 0 0
1 1 1 c3b4445a7f800000 0 0
1 1 1 38f6ac707fc00000 0 0
1 1 1 31a69dd0ff800000 0 0
1 1 1 4469e6797fc00000 0 0
1 1 1 cc7670597f800000 0 0
1 1 1 419a8954ff800000 0 0
1 1 1 49145e1dff800000 0 0
1 1 1 34fb5949ff800000 0 0
1 1 1 34400d607fc00000 0 0
1 1 1 b98760687fc00000 0 0
1 1 1 b8db1caf7fc00000 0 0
1 1 1 bc6268967fc00000 0 0
1 1 1 bb4de6be7f800000 0 0
1 1 1 4b1c8617ff800000 0 0
1 1 1 b1ae12607fc00000 0 0
1 1 1 48d465ce7f800000 0 0
1 1 1 ba22edc27f800000 0 0
1 1 1 41918f457f800000 0 0
1 1 1 40b196487fc00000 0 0
1 1 1 ca13e7d4ff800000 0 0
1 1 1 4d96f9d87fc00000 0 0
1 1 1 bf6685f57fc00000 0 0
1 1 1 c3f280307f800000 0 0
1 1 1 c94f89257f800000 0 0
1 1 1 c1b5005d7fc00000 0 0
1 1 1 b73afac67fc00000 0 0
1 1 1 3cb2bde0ff800000 0 0
1 1 1 bc4da58cff800000 0 0
1 1 1 bfcad1cd7fc00000 0 0
1 1 1 b1eebf52ff800000 0 0
1 1 1 c75841cb7f800000 0 0
1 1 1 347f25377fc00000 0 0
1 1 1 b235da8b7fc00000 0 0
1 1 1 457681507fc00000 0 0
1 1 1 bfb88ee57fc00000 0 0
1 1 1 3cf122757f800000 0 0
1 1 1 ca12354e7f800000 0 0
1 1 1 34c2e5e07f800000 0 0
1 1 1 b0c753947f800000 0 0
1 1 1 c93f99347fc00000 0 0
1 1 1 4b1c028fff800000 0 0
1 1 1 471d2b0a7f800000 0 0
1 1 1 bd41f67b7fc00000 0 0
1 1 1 c5de381e7fc00000 0 0
1 1 1 b3f7b75e7fc00000 0 0
1 1 1 b979737e7f800000 0 0
1 1 1 b54198df7f800000 0 0
1 1 1 c6ec2ac8ff800000 0 0
1 1 1 39af24acff800000 0 0
1 1 1 c156bdd57f800000 0 0
1 1 1 c1911c12ff800000 0 0
1 1 1 ce25d6647f800000 0 0
1 1 1 b854eb48ff800000 0 0
1 1 1 cb20f0e97fc00000 0 0
1 1 1 ca6722077fc00000 0 0
1 1 1 b50a75517f800000 0 0
1 1 1 3fc389167fc00000 0 0
1 1 1 33adef7aff800000 0 0
1 1 1 be9bff747f800000 0 0
1 1 1 bc182f4fff800000 0 0
1 1 1 429d255e7f800000 0 0
1 1 1 47d96ed87fc00000 0 0
1 1 1 b3b6ead07fc00000 0 0
1 1 1 c0b13658ff800000 0 0
1 1 1 427b6711ff800000 0 0
1 1 1 c3056bf27fc00000 0 0
1 1 1 c77992b87fc00000 0 0
1 1 1 3d75693a7f800000 0 0
1 1 1 bb0c7db87fc00000 0 0
1 1 1 4d0908a27fc00000 0 0
1 1 1 3340b303ff800000 0 0
1 1 1 b08993c57f800000 0 0
1 1 1 434c1c39ff800000 0 0
1 1 1 c513380d7fc00000 0 0
1 1 1 b1a195347fc00000 0 0
1 1 1 315b461f7f800000 0 0
1 1 1 4dee19377fc00000 0 0
1 1 1 3575a7557fc00000 0 0
1 1 1 cbcce5f47f800000 0 0
1 1 1 bdb6e1577f800000 0 0
1 1 1 be9ea8b27f800000 0 0
1 1 1 48b4fdc97fc00000 0 0
1 1 1 b2839168ff800000 0 0
1 1 1 3ab579f9ff800000 0 0
1 1 1 b595c4a67fc00000 0 0
1 1 1 ba7d75327fc00000 0 0
1 1 1 bdc5c6bd7fc00000 0 0
1 1 1 4a5098b87f800000 0 0
1 1 1 308879147fc00000 0 0
1 1 1 c9c310617f800000 0 0
1 1 1 32656d16ff800000 0 0
1 1 1 346b97987fc00000 0 0
1 1 1 c89867817f800000 0 0
1 1 1 caa0bbf7ff800000 0 0
1 1 1 b2e4cc877fc00000 0 0
1 1 1 41e94c0c7fc00000 0 0
1 1 1 3bae59197f800000 0 0
1 1 1 4ea186a57f800000 0 0
1 1 1 4411d1fcff800000 0 0
1 1 1 3a6826147f800000 0 0
1 1 1 41e7488a7fc00000 0 0
1 1 1 b8c855ca7f800000 0 0
1 1 1 3ac309587fc00000 0 0
1 1 1 b4ac59317f800000 0 0
1 1 1 c9d085e87f800000 0 0
1 1 1 382b96fbff800000 0 0
1 1 1 ba142f807f800000 0 0
1 1 1 b54810d87f800000 0 0
1 1 1 32f6413eff800000 0 0
1 1 1 41cfbae9ff800000 0 0
1 1 1 c77e97487fc00000 0 0
1 1 1 c429fb7a7fc00000 0 0
1 1 1 bfda7a8f7fc00000 0 0
1 1 1 44f9587b7fc00000 0 0
1 1 1 350a01a27f800000 0 0
1 1 1 b13408c37f800000 0 0
1 1 1 4483b054ff800000 0 0
1 1 1 bd01bfc87f800000 0 0
1 1 1 be8d1a667f800000 0 0
1 1 1 374fd2df7fc00000 0 0
1 1 1 c57b542dff800000 0 0
1 1 1 c9332f087f800000 0 0
1 1 1 48dc0db77f800000 0 0
1 1 1 43caf6e87f800000 0 0
1 1 1 c32128d67fc00000 0 0
1 1 1 bb6de43c7fc00000 0 0
1 1 1 4951c02c7f800000 0 0
1 1 1 4b6d0cc77f800000 0 0
1 1 1 b58397b37f800000 0 0
1 1 1 3164710f7fc00000 0 0
1 1 1 4b8477607fc00000 0 0
1 1 1 b28f2f15ff800000 0 0
1 1 1 363b4685ff800000 0 0
1 1 1 cde060e57fc00000 0 0
1 1 1 45afdf3cff800000 0 0
1 1 1 b6cc53047fc00000 0 0
1 1 1 3681bd50ff800000 0 0
1 1 1 371a3bf17f800000 0 0
1 1 1 cb96118bff800000 0 0
1 1 1 ce2ba2027fc00000 0 0
1 1 1 bf0925c1ff800000 0 0
1 1 1 cc79ce767fc00000 0 0
1 1 1 42114e7e7f800000 0 0
1 1 1 496eff027f800000 0 0
1 1 1 42aafaa57f800000 0 0
1 1 1 4b2eec547fc00000 0 0
1 1 1 c7d2febbff800000 0 0
1 1 1 40d1cdf0ff800000 0 0
1 1 1 30d44d2a7f800000 0 0
1 1 1 b17b53c87f800000 0 0
1 1 1 4bb88efdff800000 0 0
1 1 1 3e6b210fff800000 0 0
1 1 1 c4e238b57f800000 0 0
1 1 1 34ab52c57f800000 0 0
1 1 1 383b65c2ff800000 0 0
1 1 1 c08415607fc00000 0 0
1 1 1 49cfbf467f800000 0 0
1 1 1 c084208d7f800000 0 0
1 1 1 b2989b7f7f800000 0 0
1 1 1 bf52ac2a7f800000 0 0
1 1 1 42df7e4dff800000 0 0
1 1 1 3ba544f57f800000 0 0
1 1 1 c888264dff800000 0 0
1 1 1 c5ac76077f800000 0 0
1 1 1 45a764957fc00000 0 0
1 1 1 40d9f90b7fc00000 0 0
1 1 1 4189b5f87f800000 0 0
1 1 1 3c05aac0ff800000 0 0
1 1 1 4917c32e7f800000 0 0
1 1 1 b910cd747fc00000 0 0
1 1 1 3f10aee87fc00000 0 0
1 1 1 41b7d4b2ff800000 0 0
1 1 1 3086c5c9ff800000 0 0
1 1 1 499c93f47f800000 0 0
1 1 1 b4b358497f800000 0 0
1 1 1 3b9b4730ff800000 0 0
1 1 1 35df0431ff800000 0 0
1 1 1 37f011de7fc00000 0 0
1 1 1 bd8f530d7f800000 0 0
1 1 1 476744507fc00000 0 0
1 1 1 b35679e67fc00000 0 0
1 1 1 b754bfd17f800000 0 0
1 1 1 c8c35ac4ff800000 0 0
1 1 1 486de838ff800000 0 0
1 1 1 3fef7624ff800000 0 0
1 1 1 4655b40c7fc00000 0 0
1 1 1 3711c1d97f800000 0 0
1 1 1 b21781dbff800000 0 0
1 1 1 b62b88fcff800000 0 0
1 1 1 c25ad9b8ff800000 0 0
1 1 1 4a8aed0aff800000 0 0
1 1 1 b67535c57f800000 0 0
1 1 1 b18ff5837fc00000 0 0
1 1 1 c962ec39ff800000 0 0
1 1 1 4886dd8f7fc00000 0 0
1 1 1 baeaec88ff800000 0 0
1 1 1 4c9ae1597fc00000 0 0
1 1 1 37e58472ff800000 0 0
1 1 1 449260dd7f800000 0 0
1 1 1 b6005a727fc00000 0 0
1 1 1 ca1c8cd57f800000 0 0
1 1 1 3821f77bff800000 0 0
1 1 1 c57899447fc00000 0 0
1 1 1 35a820557fc00000 0 0
1 1 1 b6d320ee7f800000 0 0
1 1 1 cbcf0b777fc00000 0 0
1 1 1 3f0f3105ff800000 0 0
1 1 1 3835eb437f800000 0 0
1 1 1 335fb0c7ff800000 0 0
1 1 1 4ac328677f800000 0 0
1 1 1 bbed1d887fc00000 0 0
1 1 1 47469d0d7fc00000 0 0
1 1 1 4231e5287f800000 0 0
1 1 1 bcb3a66f7f800000 0 0
1 1 1 33635f387fc00000 0 0
1 1 1 bcd83c717fc00000 0 0
1 1 1 3fb62284ff800000 0 0
1 1 1 b2ed29677fc00000 0 0
1 1 1 bc8e70597f800000 0 0
1 1 1 cc9a0f037fc00000 0 0
1 1 1 3a8bb64aff800000 0 0
1 1 1 cdb454767fc00000 0 0
1 1 1 38558fdb7f800000 0 0
1 1 1 b5d2f4557fc00000 0 0
1 1 1 c26a0b5c7f800000 0 0
1 1 1 cb6c09d57f800000 0 0
1 1 1 38bde8aa7f800000 0 0
1 1 1 b1a08148ff800000 0 0
1 1 1 c556106e7fc00000 0 0
1 1 1 ca14a2ce7f800000 0 0
1 1 1 c83cd99cff800000 0 0
1 1 1 c956dcb07fc00000 0 0
1 1 1 4dae662fff800000 0 0
1 1 1 466f87ba7fc00000 0 0
1 1 1 c72196637f800000 0 0
1 1 1 3ebae8c07f800000 0 0
1 1 1 3cdca483ff800000 0 0
1 1 1 4157ef96ff800000 0 0
1 1 1 3b0251ceff800000 0 0
1 1 1 ce90e55d7f800000 0 0
1 1 1 3bc61aa37fc00000 0 0
1 1 1 b9e0f7c3ff800000 0 0
1 1 1 b5f91949ff800000 0 0
1 1 1 b7e0c62eff800000 0 0
1 1 1 b531cc417fc00000 0 0
1 1 1 b688ebd57f800000 0 0
1 1 1 b3730e01ff800000 0 0
1 1 1 37c5bc787f800000 0 0
1 1 1 c0ef62cfff800000 0 0
1 1 1 c497299b7f800000 0 0
1 1 1 cc26047c7f800000 0 0
1 1 1 c2c357feff800000 0 0
1 1 1 30d08f247fc00000 0 0
1 1 1 c96fb8177fc00000 0 0
1 1 1 4b801ff2ff800000 0 0
1 1 1 cc4982257fc00000 0 0
1 1 1 c5cdd48b7f800000 0 0
1 1 1 3b1c44bbff800000 0 0
1 1 1 3d55da7e7fc00000 0 0
1 1 1 b52af61b7f800000 0 0
1 1 1 37e496d97f800000 0 0
1 1 1 3ebcbb677f800000 0 0
1 1 1 3b7988f87f800000 0 0
1 1 1 363944cbff800000 0 0
1 1 1 49a51cfb7f800000 0 0
1 1 1 c3a08d617fc00000 0 0
1 1 1 c6f2f5427f800000 0 0
1 1 1 36e09dffff800000 0 0
1 1 1 c36234abff800000 0 0
1 1 1 32e10e877fc00000 0 0
1 1 1 406203877fc00000 0 0
1 1 1 40bf53877f800000 0 0
1 1 1 cd16154d7f800000 0 0
1 1 1 bc997ac5ff800000 0 0
1 1 1 4a0ee34aff800000 0 0
1 1 1 3c98d4597f800000 0 0
1 1 1 44dca84b7f800000 0 0
1 1 1 4dcc239eff800000 0 0
1 1 1 bed75a12ff800000 0 0
1 1 1 bb0b63cdff800000 0 0
1 1 1 c15cb4b47fc00000 0 0
1 1 1 bdb60dd3ff800000 0 0
1 1 1 321f3786ff800000 0 0
1 1 1 4c3f71abff800000 0 0
1 1 1 3ad5bd56ff800000 0 0
1 1 1 b2ecbd987fc00000 0 0
1 1 1 34dfb4007fc00000 0 0
1 1 1 4108eeb27f800000 0 0
1 1 1 3162d22d7f800000 0 0
1 1 1 3f2339c47f800000 0 0
1 1 1 4276e3ba7fc00000 0 0
1 1 1 33a63c31ff800000 0 0
1 1 1 44d8f1e3ff800000 0 0
1 1 1 c4f9914f7f800000 0 0
1 1 1 cc0a2aeb7fc00000 0 0
1 1 1 c7034779ff800000 0 0
1 1 1 ca48cbd6ff800000 0 0
1 1 1 ccdead957f800000 0 0
1 1 1 4eef3b71ff800000 0 0
1 1 1 4b164968ff800000 0 0
1 1 1 b2f674ddff800000 0 0
1 1 1 b97ffea77fc00000 0 0
1 1 1 c9190c6dff800000 0 0
1 1 1 c87ae8b47f800000 0 0
1 1 1 332de276ff800000 0 0
1 1 1 c43626507fc00000 0 0
1 1 1 c482355e7fc00000 0 0
1 1 1 3313b8d3ff800000 0 0
1 1 1 cbaaef43ff800000 0 0
1 1 1 be445afa7fc00000 0 0
1 1 1 40b7c37e7fc00000 0 0
1 1 1 4b1bf4737f800000 0 0
1 1 1 33d0cef47f800000 0 0
1 1 1 c7ea985d7fc00000 0 0
1 1 1 449cb1527f800000 0 0
1 1 1 4ca7cbcb7fc00000 0 0
1 1 1 bfe0d75aff800000 0 0
1 1 1 ba403e57ff800000 0 0
1 1 1 bbc76e7d7fc00000 0 0
1 1 1 b88f633a7fc00000 0 0
1 1 1 beb2167cff800000 0 0
1 1 1 4b522471ff800000 0 0
1 1 1 c1639adc7fc00000 0 0
1 1 1 bb79fbaa7f800000 0 0
1 1 1 bcd448f97f800000 0 0
1 1 1 bb90eb227f800000 0 0
1 1 1 be57e8827f800000 0 0
1 1 1 b5b97456ff800000 0 0
1 1 1 42d0e9feff800000 0 0
1 1 1 39dd1c777f800000 0 0
1 1 1 44ec1316ff800000 0 0
1 1 1 440f173d7fc00000 0 0
1 1 1 32083215ff800000 0 0
1 1 1 c6aa50327fc00000 0 0
1 1 1 c4d45dba7f800000 0 0
1 1 1 3f0aa6b47f800000 0 0
1 1 1 3f0030acff800000 0 0
1 1 1 486e1172ff800000 0 0
1 1 1 40587601ff800000 0 0
1 1 1 b9dcdf1e7fc00000 0 0
1 1 1 481a2e667fc00000 0 0
1 1 1 bc6579c17f800000 0 0
1 1 1 c3cd0dde7fc00000 0 0
1 1 1 c16ae133ff800000 0 0
1 1 1 4401f325ff800000 0 0
1 1 1 35fcc9477fc00000 0 0
1 1 1 bf0e68ebff800000 0 0
1 1 1 c63ccaef7f800000 0 0
1 1 1 414f0c4d7f800000 0 0
1 1 1 37b1b97fff800000 0 0
1 1 1 bf1a00ee7f800000 0 0
1 1 1 b4a4efe17fc00000 0 0
1 1 1 bd431b967fc00000 0 0
1 1 1 c0fe16a6ff800000 0 0
1 1 1 b159a033ff800000 0 0
1 1 1 3cfcb7ea7f800000 0 0
1 1 1 b2dd426e7fc00000 0 0
1 1 1 3541cc93ff800000 0 0
1 1 1 40715caf7fc00000 0 0
1 1 1 bcc2c5ba7f800000 0 0
1 1 1 c3d5f12a7f800000 0 0
1 1 1 45cc594e7f800000 0 0
1 1 1 44055965ff800000 0 0
1 1 1 3ec195987fc00000 0 0
1 1 1 3b428b5f7fc00000 0 0
1 1 1 3f0fb78a7fc00000 0 0
1 1 1 352573f0ff800000 0 0
1 1 1 b8755788ff800000 0 0
1 1 1 bd2387cfff800000 0 0
1 1 1 cbbe8ba87f800000 0 0
1 1 1 3942bb457f800000 0 0
1 1 1 44bd2fdc7fc00000 0 0
1 1 1 b6ee593b7fc00000 0 0
1 1 1 330492e87f800000 0 0
1 1 1 b84d52d27fc00000 0 0
1 1 1 3c8585f07fc00000 0 0
1 1 1 cb68d9ec7fc00000 0 0
1 1 1 bca785a0ff800000 0 0
1 1 1 3ab4fea87fc00000 0 0
1 1 1 c5273fb1ff800000 0 0
1 1 1 4aa1572e7f800000 0 0
1 1 1 c8aec45b7f800000 0 0
1 1 1 3497dcd9ff800000 0 0
1 1 1 4c5b14377f800000 0 0
1 1 1 b6f6db47ff800000 0 0
1 1 1 40d1a0d2ff800000 0 0
1 1 1 4233f0977fc00000 0 0
1 1 1 415c88557f800000 0 0
1 1 1 bcf3f9337f800000 0 0
1 1 1 3b7397037fc00000 0 0
1 1 1 46f70935ff800000 0 0
1 1 1 4ce743767f800000 0 0
1 1 1 32a278717fc00000 0 0
1 1 1 c710e720ff800000 0 0
1 1 1 374e9b19ff800000 0 0
1 1 1 c89753ec7f800000 0 0
1 1 1 413b847cff800000 0 0
1 1 1 433928847fc00000 0 0
1 1 1 4b293340ff800000 0 0
1 1 1 3a030c96ff800000 0 0
1 1 1 375879d77f800000 0 0
1 1 1 b23ee82a7f800000 0 0
1 1 1 c76f0edc7f800000 0 0
1 1 1 c4369ee4ff800000 0 0
1 1 1 4e1b326d7fc00000 0 0
1 1 1 bf166839ff800000 0 0
1 1 1 3e37c2e77f800000 0 0
1 1 1 349fc1257f800000 0 0
1 1 1 c860f6ac7f800000 0 0
1 1 1 435061de7f800000 0 0
1 1 1 bfc494327fc00000 0 0
1 1 1 4c55cba37fc00000 0 0
1 1 1 4ed8fdfa7fc00000 0 0
1 1 1 bf05237cff800000 0 0
1 1 1 b808f0d5ff800000 0 0
1 1 1 b8c2ebe97fc00000 0 0
1 1 1 bcd799f37f800000 0 0
1 1 1 491a3b74ff800000 0 0
1 1 1 b95e54097fc00000 0 0
1 1 1 341468b5ff800000 0 0
1 1 1 bbcb365fff800000 0 0
1 1 1 3159a7d3ff800000 0 0
1 1 1 409c69107f800000 0 0
1 1 1 b9f589d17f800000 0 0
1 1 1 cbb47d54ff800000 0 0
1 1 1 3dfa39d8ff800000 0 0
1 1 1 41d41b6f7f800000 0 0
1 1 1 41f70df97f800000 0 0
1 1 1 cb8de3267f800000 0 0
1 1 1 b61ea9657fc00000 0 0
1 1 1 b96c582c7f800000 0 0
1 1 1 46becc98ff800000 0 0
1 1 1 ce231b10ff800000 0 0
1 1 1 3fadd8eaff800000 0 0
1 1 1 ba4a50357fc00000 0 0
1 1 1 399ad4e97f800000 0 0
1 1 1 30ccd2ca7f800000 0 0
1 1 1 b3a6947a7fc00000 0 0
1 1 1 37943b3b7fc00000 0 0
1 1 1 c8498264ff800000 0 0
1 1 1 3a5f79e3ff800000 0 0
1 1 1 b3bdcd047fc00000 0 0
1 1 1 cb87fb15ff800000 0 0
1 1 1 342ad5bcff800000 0 0
1 1 1 b11bb3097f800000 0 0
1 1 1 4ef358c17fc00000 0 0
1 1 1 31a6b8457fc00000 0 0
1 1 1 cc48eb4bff800000 0 0
1 1 1 479c91b27fc00000 0 0
1 1 1 c94e6399ff800000 0 0
1 1 1 be0c2b797f800000 0 0
1 1 1 3cdd059eff800000 0 0
1 1 1 c4a5a46d7fc00000 0 0
1 1 1 43643930ff800000 0 0
1 1 1 c8e8c6f47fc00000 0 0
1 1 1 31ac220c7f800000 0 0
1 1 1 45f53daf7f800000 0 0
1 1 1 31e032807f800000 0 0
1 1 1 b0a47c447fc00000 0 0
1 1 1 344b1823ff800000 0 0
1 1 1 4ebf84d57f800000 0 0
1 1 1 c71a023f7f800000 0 0
1 1 1 b0ccbb9d7fc00000 0 0
1 1 1 4a5deaaf7f800000 0 0
1 1 1 b6fa862aff800000 0 0
1 1 1 bc2062897f800000 0 0
1 1 1 b1a6c8e0ff800000 0 0
1 1 1 460ceb347fc00000 0 0
1 1 1 360289fd7fc00000 0 0
1 1 1 4e603fe67f800000 0 0
1 1 1 37f9d4e77f800000 0 0
1 1 1 c5d3a1617fc00000 0 0
1 1 1 3a02a2317fc00000 0 0
1 1 1 37a33e7f7fc00000 0 0
1 1 1 be034d267fc00000 0 0
1 1 1 3a82776f7f800000 0 0
1 1 1 3aad61ba7f800000 0 0
1 1 1 4286ca2c7fc00000 0 0
1 1 1 b7b4056eff800000 0 0
1 1 1 ceabe05dff800000 0 0
1 1 1 34e21fe87fc00000 0 0
1 1 1 43fc43a1ff800000 0 0
1 1 1 40447d67ff800000 0 0
1 1 1 4ebe89367f800000 0 0
1 1 1 4c3b8dc77fc00000 0 0
1 1 1 b0f67faa7fc00000 0 0
1 1 1 c8f3d9007f800000 0 0
1 1 1 4304914e7f800000 0 0
1 1 1 b26af6257fc00000 0 0
1 1 1 4720c1457f800000 0 0
1 1 1 4a09dc687f800000 0 0
1 1 1 c44103ba7f800000 0 0
1 1 1 378991a57fc00000 0 0
1 1 1 37a60de0ff800000 0 0
1 1 1 c8267e2b7f800000 0 0
1 1 1 cd08e16a7fc00000 0 0
1 1 1 3eea67e9ff800000 0 0
1 1 1 4c9472427fc00000 0 0
1 1 1 c2fdaacf7f800000 0 0
1 1 1 bb670d277f800000 0 0
1 1 1 453467117fc00000 0 0
1 1 1 ce1749eeff800000 0 0
1 1 1 37229ecdff800000 0 0
1 1 1 367a58a27f800000 0 0
1 1 1 38126d297fc00000 0 0
1 1 1 3b96abcb7f800000 0 0
1 1 1 be8329ae7f800000 0 0
1 1 1 cb3a1585ff800000 0 0
1 1 1 31d0751a7f800000 0 0
1 1 1 3ca157767fc00000 0 0
1 1 1 4c139ed27fc00000 0 0
1 1 1 c26bcff97fc00000 0 0
1 1 1 33be7e41ff800000 0 0
1 1 1 cba5e7b67f800000 0 0
1 1 1 c0fd35167f800000 0 0
1 1 1 bbe97bc67f800000 0 0
1 1 1 cd7ed2b17f800000 0 0
1 1 1 3926dcc9ff800000 0 0
1 1 1 4581ceb07fc00000 0 0
1 1 1 411016d07f800000 0 0
1 1 1 c95c1f217fc00000 0 0
1 1 1 c64e481bff800000 0 0
1 1 1 3332c2777fc00000 0 0
1 1 1 bd884c31ff800000 0 0
1 1 1 c8effc817fc00000 0 0
1 1 1 4ad27b427f800000 0 0
1 1 1 46b6ab54ff800000 0 0
1 1 1 3f46060e7fc00000 0 0
1 1 1 c920aca6ff800000 0 0
1 1 1 ceb05ede7f800000 0 0
1 1 1 c4d796597fc00000 0 0
1 1 1 4831b2ddff800000 0 0
1 1 1 cde78a667fc00000 0 0
1 1 1 bc89495c7f800000 0 0
1 1 1 4ae07c947fc00000 0 0
1 1 1 b97cc1bb7fc00000 0 0
1 1 1 435defd57fc00000 0 0
1 1 1 314a1b857f800000 0 0
1 1 1 31e3cfd67f800000 0 0
1 1 1 b9c97fb47f800000 0 0
1 1 1 ce966f09ff800000 0 0
1 1 1 c05db29b7fc00000 0 0
1 1 1 33d826747fc00000 0 0
1 1 1 bb8717dc7f800000 0 0
1 1 1 b7dd33797fc00000 0 0
1 1 1 b608f053ff800000 0 0
1 1 1 be15f024ff800000 0 0
1 1 1 38dd9fce7f800000 0 0
1 1 1 4dcb6733ff800000 0 0
1 1 1 3480db997f800000 0 0
1 1 1 4dc0795b7fc00000 0 0
1 1 1 b94beebd7fc00000 0 0
1 1 1 c27dc2527fc00000 0 0
1 1 1 3292b4a8ff800000 0 0
1 1 1 bc4bb4dd7f800000 0 0
1 1 1 36ca8104ff800000 0 0
1 1 1 cccbfbefff800000 0 0
1 1 1 bd1dc8f17f800000 0 0
1 1 1 bb86ce5a7fc00000 0 0
1 1 1 4635b7d5ff800000 0 0
1 1 1 b1248efa7f800000 0 0
1 1 1 be860e00ff800000 0 0
1 1 1 cead5654ff800000 0 0
1 1 1 bd27e55c7f800000 0 0
1 1 1 46de5b2eff800000 0 0
1 1 1 c860458f7fc00000 0 0
1 1 1 4d0f788e7f800000 0 0
1 1 1 b096da56ff800000 0 0
1 1 1 48e500d17f800000 0 0
1 1 1 bf454b777fc00000 0 0
1 1 1 44d175057f800000 0 0
1 1 1 45da0a69ff800000 0 0
1 1 1 cd12ef5a7f800000 0 0
1 1 1 b4f864eb7fc00000 0 0
1 1 1 4b99efb7ff800000 0 0
1 1 1 b6c3b2d27f800000 0 0
1 1 1 bab1f66f7f800000 0 0
1 1 1 4dffc7517fc00000 0 0
1 1 1 3d73b40a7f800000 0 0
1 1 1 40e42f1bff800000 0 0
1 1 1 39f647d37f800000 0 0
1 1 1 3e381f497f800000 0 0
1 1 1 413b8bbc7f800000 0 0
1 1 1 3bbaefb3ff800000 0 0
1 1 1 ca386a4aff800000 0 0
1 1 1 42bf8418ff800000 0 0
1 1 1 44d2a2cf7fc00000 0 0
1 1 1 bb946bc27f800000 0 0
1 1 1 cb2775117f800000 0 0
1 1 1 b726f6ddff800000 0 0
1 1 1 ca07fde2ff800000 0 0
1 1 1 4d3a55c67fc00000 0 0
1 1 1 c578cee6ff800000 0 0
1 1 1 33212b88ff800000 0 0
1 1 1 b7bd58ed7fc00000 0 0
1 1 1 cbb129837f800000 0 0
1 1 1 368d589c7fc00000 0 0
1 1 1 cb7c36ffff800000 0 0
1 1 1 b1f96a3f7f800000 0 0
1 1 1 b1820eb8ff800000 0 0
1 1 1 cdb1cdd2ff800000 0 0
1 1 1 c4fbc9c5ff800000 0 0
1 1 1 cd1ee52d7fc00000 0 0
1 1 1 4bfebf92ff800000 0 0
1 1 1 38ba1aa07f800000 0 0
1 1 1 c5468c08ff800000 0 0
1 1 1 445b80947f800000 0 0
1 1 1 bd7f6fde7fc00000 0 0
1 1 1 3fc7bbf2ff800000 0 0
1 1 1 ca5a834b7f800000 0 0
1 1 1 ce4b58e87fc00000 0 0
1 1 1 c0446721ff800000 0 0
1 1 1 4ec908a97fc00000 0 0
1 1 1 3ba5676e7fc00000 0 0
1 1 1 b7a1657eff800000 0 0
1 1 1 3e9cbabaff800000 0 0
1 1 1 b5d7dcafff800000 0 0
1 1 1 43180e767fc00000 0 0
1 1 1 b3a882ef7fc00000 0 0
1 1 1 336574a97f800000 0 0
1 1 1 43e94eb07fc00000 0 0
1 1 1 38c8f2cfff800000 0 0
1 1 1 b22895e8ff800000 0 0
1 1 1 4072fe337fc00000 0 0
1 1 1 bf85ff3c7fc00000 0 0
1 1 1 4031e2837fc00000 0 0
1 1 1 bcdb666a7fc00000 0 0
1 1 1 39e6eeb8ff800000 0 0
1 1 1 34146d8f7f800000 0 0
1 1 1 4d17ed177f800000 0 0
1 1 1 48bea1b67fc00000 0 0
1 1 1 b7bfc8faff800000 0 0
1 1 1 4776f113ff800000 0 0
1 1 1 c350dc827fc00000 0 0
1 1 1 31055b73ff800000 0 0
1 1 1 434b54e7ff800000 0 0
1 1 1 4009289eff800000 0 0
1 1 1 ca9547daff800000 0 0
1 1 1 4225e05bff800000 0 0
1 1 1 baeea9017f800000 0 0
1 1 1 c66ceccd7f800000 0 0
1 1 1 bfae148dff800000 0 0
1 1 1 42aebd9cff800000 0 0
1 1 1 42ebc6767f800000 0 0
1 1 1 b0829a6e7fc00000 0 0
1 1 1 48bd6e8b7f800000 0 0
1 1 1 b5150ebdff800000 0 0
1 1 1 4a79251d7f800000 0 0
1 1 1 bdfa54a27f800000 0 0
1 1 1 b3e214e3ff800000 0 0
1 1 1 4837269d7f800000 0 0
1 1 1 46ed6b09ff800000 0 0
1 1 1 b78eb543ff800000 0 0
1 1 1 438de3f1ff800000 0 0
1 1 1 3ec538c5ff800000 0 0
1 1 1 b47298ba7f800000 0 0
1 1 1 b7c752827fc00000 0 0
1 1 1 3fecda787fc00000 0 0
1 1 1 36509309ff800000 0 0
1 1 1 318d23f67f800000 0 0
1 1 1 b29ebc917fc00000 0 0
1 1 1 4eb513117fc00000 0 0
1 1 1 bddacbe47f800000 0 0
1 1 1 c42a286f7fc00000 0 0
1 1 1 4b4dffe0ff800000 0 0
1 1 1 b964a0707fc00000 0 0
1 1 1 3d63f40f7f800000 0 0
1 1 1 c2d03877ff800000 0 0
1 1 1 b48575cf7f800000 0 0
1 1 1 3c696e3d7fc00000 0 0
1 1 1 3f455b057f800000 0 0
1 1 1 c02b6f337f800000 0 0
1 1 1 3f64ccfa7f800000 0 0
1 1 1 471648417f800000 0 0
1 1 1 3f7fa1567fc00000 0 0
1 1 1 40b52152ff800000 0 0
1 1 1 c36b3cb57fc00000 0 0
1 1 1 b4ec07587f800000 0 0
1 1 1 4c16f3107f800000 0 0
1 1 1 3cf125d37f800000 0 0
1 1 1 b59f395c7f800000 0 0
1 1 1 404a2d0c7f800000 0 0
1 1 1 c54f60f67f800000 0 0
1 1 1 b29035ec7fc00000 0 0
1 1 1 c0610666ff800000 0 0
1 1 1 4abd34397f800000 0 0
1 1 1 30bb9daeff800000 0 0
1 1 1 4b33456e7f800000 0 0
1 1 1 31c4ab18ff800000 0 0
1 1 1 41022be6ff800000 0 0
1 1 1 b4457a81ff800000 0 0
1 1 1 4b7bbc84ff800000 0 0
1 1 1 c9ff5cee7f800000 0 0
1 1 1 324f17c2ff800000 0 0
1 1 1 355967287fc00000 0 0
1 1 1 c483e7827f800000 0 0
1 1 1 34cf42767f800000 0 0
1 1 1 ceb1e0f2ff800000 0 0
1 1 1 43a133feff800000 0 0
1 1 1 39ca8a6cff800000 0 0
1 1 1 30b292277f800000 0 0
1 1 1 c68d414f7f800000 0 0
1 1 1 cc0d2119ff800000 0 0
1 1 1 cd21ec067fc00000 0 0
1 1 1 c8a0c6167fc00000 0 0
1 1 1 360bcad2ff800000 0 0
1 1 1 be3640ee7fc00000 0 0
1 1 1 3ca7d84d7f800000 0 0
1 1 1 b424960fff800000 0 0
1 1 1 3d37a8dc7f800000 0 0
1 1 1 369aa54f7f800000 0 0
1 1 1 3f42c28cff800000 0 0
1 1 1 c80e5b70ff800000 0 0
1 1 1 4b2ae1d17f800000 0 0
1 1 1 be2ae1847f800000 0 0
1 1 1 b9735642ff800000 0 0
1 1 1 49747b947fc00000 0 0
1 1 1 3e678486ff800000 0 0
1 1 1 cd374da5ff800000 0 0
1 1 1 c4e6e64aff800000 0 0
1 1 1 b78ed8587f800000 0 0
1 1 1 407c594a7fc00000 0 0
1 1 1 4c63764eff800000 0 0
1 1 1 b5ffe29b7f800000 0 0
1 1 1 33b7d0d8ff800000 0 0
1 1 1 c89d06f4ff800000 0 0
1 1 1 c73257c77f800000 0 0
1 1 1 ba1fe3b8ff800000 0 0
1 1 1 c9a9fe8bff800000 0 0
1 1 1 c8b1419dff800000 0 0
1 1 1 45247532ff800000 0 0
1 1 1 362169b07fc00000 0 0
1 1 1 c6df55117fc00000 0 0
1 1 1 37f7aa597fc00000 0 0
1 1 1 3abf08db7fc00000 0 0
1 1 1 c112e96d7f800000 0 0
1 1 1 c1ee295e7fc00000 0 0
1 1 1 3ff1c7207fc00000 0 0
1 1 1 cd664f23ff800000 0 0
1 1 1 b8c6e0ccff800000 0 0
1 1 1 4ace2de77f800000 0 0
1 1 1 39e6839eff800000 0 0
1 1 1 363b0c9bff800000 0 0
1 1 1 3b7c3fa77fc00000 0 0
1 1 1 42fb04fe7fc00000 0 0
1 1 1 318122e17f800000 0 0
1 1 1 b11562107fc00000 0 0
1 1 1 38e0fd4e7fc00000 0 0
1 1 1 c5292e88ff800000 0 0
1 1 1 394b26b0ff800000 0 0
1 1 1 b4a61ebcff800000 0 0
1 1 1 3c9fef557f800000 0 0
1 1 1 321df3cb7fc00000 0 0
1 1 1 36ea9ecb7fc00000 0 0
1 1 1 4376f0747f800000 0 0
1 1 1 bb8c6b787fc00000 0 0
1 1 1 4d2354297f800000 0 0
1 1 1 4b64a2acff800000 0 0
1 1 1 bd9b05457f800000 0 0
1 1 1 3898d6907f800000 0 0
1 1 1 be2a5b947fc00000 0 0
1 1 1 c423a6167fc00000 0 0
1 1 1 c51c0a91ff800000 0 0
1 1 1 4a3043d2ff800000 0 0
1 1 1 b8ed55f2ff800000 0 0
1 1 1 3ec521307f800000 0 0
1 1 1 b42f29eb7f800000 0 0
1 1 1 399af5d37fc00000 0 0
1 1 1 3292d935ff800000 0 0
1 1 1 48c880e97fc00000 0 0
1 1 1 b0b4227c7f800000 0 0
1 1 1 35d31ecd7fc00000 0 0
1 1 1 b0d49e907f800000 0 0
1 1 1 ccfbc5c77fc00000 0 0
1 1 1 c21342fd7fc00000 0 0
1 1 1 c0738cb37fc00000 0 0
1 1 1 43aa71f67fc00000 0 0
1 1 1 4e9660547f800000 0 0
1 1 1 c7ba56d47f800000 0 0
1 1 1 4cd78f6d7f800000 0 0
1 1 1 45ab6fe5ff800000 0 0
1 1 1 c3dd5555ff800000 0 0
1 1 1 b4fd50a07fc00000 0 0
1 1 1 ce4a6f247fc00000 0 0
1 1 1 c96fe5047f800000 0 0
1 1 1 c41dab087f800000 0 0
1 1 1 3c2d88707fc00000 0 0
1 1 1 316969337fc00000 0 0
1 1 1 c8c2b20fff800000 0 0
1 1 1 b51b66757f800000 0 0
1 1 1 b2582194ff800000 0 0
1 1 1 3631b9647f800000 0 0
1 1 1 c5c665fc7fc00000 0 0
1 1 1 b15c41f0ff800000 0 0
1 1 1 c53d48a27fc00000 0 0
1 1 1 beed1ca77f800000 0 0
1 1 1 c37885edff800000 0 0
1 1 1 c95a5889ff800000 0 0
1 1 1 38077d607f800000 0 0
1 1 1 3f74417fff800000 0 0
1 1 1 3754bccc7fc00000 0 0
1 1 1 33bb19ffff800000 0 0
1 1 1 4ba79948ff800000 0 0
1 1 1 bd483bf7ff800000 0 0
1 1 1 c171f11b7f800000 0 0
1 1 1 31e7dac0ff800000 0 0
1 1 1 4354f3377fc00000 0 0
1 1 1 c3fdc832ff800000 0 0
1 1 1 ce2f7e797fc00000 0 0
1 1 1 cd421c847fc00000 0 0
1 1 1 4269fe7f7fc00000 0 0
1 1 1 cbbc2f817fc00000 0 0
1 1 1 43bc78217f800000 0 0
1 1 1 c0267133ff800000 0 0
1 1 1 387832457f800000 0 0
1 1 1 bbbf5903ff800000 0 0
1 1 1 bf5cb7387fc00000 0 0
1 1 1 4c85526b7f800000 0 0
1 1 1 b8df4bb77f800000 0 0
1 1 1 ce03a6df7fc00000 0 0
1 1 1 cc06c9b97f800000 0 0
1 1 1 37ab483a7f800000 0 0
1 1 1 b25016327f800000 0 0
1 1 1 42679d6bff800000 0 0
1 1 1 43bcaad07fc00000 0 0
1 1 1 4ac26fa67f800000 0 0
1 1 1 3bffe0487f800000 0 0
1 1 1 4041611eff800000 0 0
1 1 1 c04a49ca7f800000 0 0
1 1 1 bf7f4e927f800000 0 0
1 1 1 b4c99de3ff800000 0 0
1 1 1 3a46f14a7fc00000 0 0
1 1 1 3232ec57ff800000 0 0
1 1 1 c00adb167fc00000 0 0
1 1 1 446c8cbf7f800000 0 0
1 1 1 c4fbc0107fc00000 0 0
1 1 1 355b10727fc00000 0 0
1 1 1 34d8d5e4ff800000 0 0
1 1 1 bea1b164ff800000 0 0
1 1 1 338717e97f800000 0 0
1 1 1 b974ef5e7fc00000 0 0
1 1 1 c0869181ff800000 0 0
1 1 1 4e07ea717f800000 0 0
1 1 1 ba16b0bfff800000 0 0
1 1 1 bac95d407fc00000 0 0
1 1 1 35b871ccff800000 0 0
1 1 1 cd4454b3ff800000 0 0
1 1 1 c0c5e4f2ff800000 0 0
1 1 1 4002deb37f800000 0 0
1 1 1 36f39911ff800000 0 0
1 1 1 31adf031ff800000 0 0
1 1 1 b986d80eff800000 0 0
1 1 1 3f14d916ff800000 0 0
1 1 1 371682c07f800000 0 0
1 1 1 b3cad533ff800000 0 0
1 1 1 ce87702c7f800000 0 0
1 1 1 43c448a1ff800000 0 0
1 1 1 bf69e1ea7f800000 0 0
1 1 1 b8ec048bff800000 0 0
1 1 1 c765b18a7f800000 0 0
1 1 1 41fe887f7f800000 0 0
1 1 1 3882f98e7fc00000 0 0
1 1 1 bf2de2a87f800000 0 0
1 1 1 cc2c5638ff800000 0 0
1 1 1 b22cdd89ff800000 0 0
1 1 1 48179cbb7f800000 0 0
1 1 1 cb0c23e97fc00000 0 0
1 1 1 b7f3e0127f800000 0 0
1 1 1 b290e0eb7fc00000 0 0
1 1 1 4ace954f7f800000 0 0
1 1 1 b6b8e390ff800000 0 0
1 1 1 489e7ba8ff800000 0 0
1 1 1 c30e58ac7fc00000 0 0
1 1 1 b8f0e4dcff800000 0 0
1 1 1 ce2cafb6ff800000 0 0
1 1 1 3e079054ff800000 0 0
1 1 1 ba0e6dcd7fc00000 0 0
1 1 1 46a69f51ff800000 0 0
1 1 1 b3a7b6887fc00000 0 0
1 1 1 318f23b87f800000 0 0
1 1 1 45111bc97fc00000 0 0
1 1 1 bf6b12d8ff800000 0 0
1 1 1 36c0e571ff800000 0 0
1 1 1 329f71a47fc00000 0 0
1 1 1 35d578717f800000 0 0
1 1 1 b08a39707fc00000 0 0
1 1 1 4040c69b7f800000 0 0
1 1 1 3e7a0bc67fc00000 0 0
1 1 1 42759d06ff800000 0 0
1 1 1 bf6459917fc00000 0 0
1 1 1 309e3243ff800000 0 0
1 1 1 4c09fd7e7fc00000 0 0
1 1 1 ce4f82267f800000 0 0
1 1 1 c3c13bd77fc00000 0 0
1 1 1 35d6a6ed7fc00000 0 0
1 1 1 3d3a2ee1ff800000 0 0
1 1 1 c573e80e7fc00000 0 0
1 1 1 4b03d42cff800000 0 0
1 1 1 b73f66107f800000 0 0
1 1 1 caab478dff800000 0 0
1 1 1 3dd421ca7f800000 0 0
1 1 1 3a83baf87f800000 0 0
1 1 1 4d0dfb18ff800000 0 0
1 1 1 3caa620eff800000 0 0
1 1 1 c5d64d787fc00000 0 0
1 1 1 47805da07fc00000 0 0
1 1 1 395c86efff800000 0 0
1 1 1 3d9c86077f800000 0 0
1 1 1 3882ccd67f800000 0 0
1 1 1 45571d0f7f800000 0 0
1 1 1 c868207c7f800000 0 0
1 1 1 b0d8b9b27f800000 0 0
1 1 1 b236aaecff800000 0 0
1 1 1 cc02a2937f800000 0 0
1 1 1 37c5f4007f800000 0 0
1 1 1 bf1373a0ff800000 0 0
1 1 1 b6e5c3bc7fc00000 0 0
1 1 1 3d13e0d9ff800000 0 0
1 1 1 c8b891217fc00000 0 0
1 1 1 cddd8d907f800000 0 0
1 1 1 334d8e667fc00000 0 0
1 1 1 32736e4e7f800000 0 0
1 1 1 b555d5f3ff800000 0 0
1 1 1 cd491ba17fc00000 0 0
1 1 1 3250070cff800000 0 0
1 1 1 ca8d3b3fff800000 0 0
1 1 1 3ae4682b7fc00000 0 0
1 1 1 381df124ff800000 0 0
1 1 1 4354ac717fc00000 0 0
1 1 1 ce6ae0627fc00000 0 0
1 1 1 c0511f70ff800000 0 0
1 1 1 4962ec99ff800000 0 0
1 1 1 4a71b0deff800000 0 0
1 1 1 b2a365e77f800000 0 0
1 1 1 47e056357f800000 0 0
1 1 1 b1632f6a7fc00000 0 0
1 1 1 c370c8dd7fc00000 0 0
1 1 1 ba3e6fb87fc00000 0 0
1 1 1 bc743a147fc00000 0 0
1 1 1 456d6eccff800000 0 0
1 1 1 c03981f07fc00000 0 0
1 1 1 3fdcffd47fc00000 0 0
1 1 1 40d1ddea7fc00000 0 0
1 1 1 47fe87f37fc00000 0 0
1 1 1 c0cdd44aff800000 0 0
1 1 1 4a242ac7ff800000 0 0
1 1 1 ba10ee977fc00000 0 0
1 1 1 4a6e7251ff800000 0 0
1 1 1 c1ae5b8f7f800000 0 0
1 1 1 36bd1dcaff800000 0 0
1 1 1 ce1d3106ff800000 0 0
1 1 1 c92c9a507f800000 0 0
1 1 1 3e23036a7f800000 0 0
1 1 1 c954cc527f800000 0 0
1 1 1 c638ca517f800000 0 0
1 1 1 3319f5847fc00000 0 0
1 1 1 b6ae1bd77fc00000 0 0
1 1 1 ccaf3bf2ff800000 0 0
1 1 1 32771bf8ff800000 0 0
1 1 1 35f47cc37fc00000 0 0
1 1 1 c7d6bad97f800000 0 0
1 1 1 329651cf7fc00000 0 0
1 1 1 3ab2d91a7fc00000 0 0
1 1 1 cd7de8e27fc00000 0 0
1 1 1 c9f1dd537fc00000 0 0
1 1 1 4dc13851ff800000 0 0
1 1 1 c2f2af51ff800000 0 0
1 1 1 4abd4f057f800000 0 0
1 1 1 c4875f26ff800000 0 0
1 1 1 b1ff515aff800000 0 0
1 1 1 3e4252c17f800000 0 0
1 1 1 4be02c2e7f800000 0 0
1 1 1 bb1362607f800000 0 0
1 1 1 bd2144a5ff800000 0 0
1 1 1 c8712bc77f800000 0 0
1 1 1 4b7e44e27f800000 0 0
1 1 1 4a32e42b7f800000 0 0
1 1 1 bc1fb9c77fc00000 0 0
1 1 1 44e4b0fe7f800000 0 0
1 1 1 bee843f27fc00000 0 0
1 1 1 4ba441c7ff800000 0 0
1 1 1 49d173317f800000 0 0
1 1 1 c821d5fa7fc00000 0 0
1 1 1 3103ace2ff800000 0 0
1 1 1 c5c38fa57f800000 0 0
1 1 1 4d8d4ece7f800000 0 0
1 1 1 b4764c217f800000 0 0
1 1 1 43d6b48a7f800000 0 0
1 1 1 b733d9017f800000 0 0
1 1 1 bc41c3527f800000 0 0
1 1 1 4482b9537f800000 0 0
1 1 1 38c1aa41ff800000 0 0
1 1 1 b96585187f800000 0 0
1 1 1 312cc2c27f800000 0 0
1 1 1 3e3407dd7f800000 0 0
1 1 1 4486f7e17fc00000 0 0
1 1 1 49ad7344ff800000 0 0
1 1 1 ca7713137f800000 0 0
1 1 1 31f421007f800000 0 0
1 1 1 445b07e87fc00000 0 0
1 1 1 ca55b8097f800000 0 0
1 1 1 b4a08f967f800000 0 0
1 1 1 372c75637fc00000 0 0
1 1 1 c1485ad37fc00000 0 0
1 1 1 c70d9f317f800000 0 0
1 1 1 33159da37f800000 0 0
1 1 1 b47486ac7f800000 0 0
1 1 1 c62592057fc00000 0 0
1 1 1 cb8a757e7fc00000 0 0
1 1 1 beb3b96c7f800000 0 0
1 1 1 c60d56217fc00000 0 0
1 1 1 3486951f7fc00000 0 0
1 1 1 b1284b1e7fc00000 0 0
1 1 1 3bdb7f2aff800000 0 0
1 1 1 3b7d4b47ff800000 0 0
1 1 1 32fae1977f800000 0 0
1 1 1 410ea7227f800000 0 0
1 1 1 4c7edd91ff800000 0 0
1 1 1 b659cce77fc00000 0 0
1 1 1 ba70f86e7f800000 0 0
1 1 1 38f49b1c7fc00000 0 0
1 1 1 3a7edcdb7fc00000 0 0
1 1 1 b82a248cff800000 0 0
1 1 1 4b2db1b5ff800000 0 0
1 1 1 3aa520677f800000 0 0
1 1 1 b3aa543d7f800000 0 0
1 1 1 3b2781d8ff800000 0 0
1 1 1 415b3bbf7f800000 0 0
1 1 1 be08a45a7fc00000 0 0
1 1 1 4e6275b67fc00000 0 0
1 1 1 cc1055837fc00000 0 0
1 1 1 b95659a2ff800000 0 0
1 1 1 4525572aff800000 0 0
1 1 1 439c578a7fc00000 0 0
1 1 1 329b15ab7f800000 0 0
1 1 1 352f74d27f800000 0 0
1 1 1 4aa9c6c67fc00000 0 0
1 1 1 b31300bcff800000 0 0
1 1 1 43c87dd27fc00000 0 0
1 1 1 cceccfe37f800000 0 0
1 1 1 c182c4687fc00000 0 0
1 1 1 3dd85d047fc00000 0 0
1 1 1 c76bbb317f800000 0 0
1 1 1 45fbb6ecff800000 0 0
1 1 1 3fc5f42fff800000 0 0
1 1 1 3b8c0833ff800000 0 0
1 1 1 46d819727f800000 0 0
1 1 1 4bace08b7f800000 0 0
1 1 1 bf6496947fc00000 0 0
1 1 1 343da9697fc00000 0 0
1 1 1 b4ca7ed8ff800000 0 0
1 1 1 37191ec77f800000 0 0
1 1 1 bb515fe87f800000 0 0
1 1 1 37aaf17e7f800000 0 0
1 1 1 4817982cff800000 0 0
1 1 1 c3cfd362ff800000 0 0
1 1 1 41df52cfff800000 0 0
1 1 1 cc815c667f800000 0 0
1 1 1 b4332af2ff800000 0 0
1 1 1 c04e88537f800000 0 0
1 1 1 b99ed656ff800000 0 0
1 1 1 3637bd367f800000 0 0
1 1 1 3d503cdb7fc00000 0 0
1 1 1 b28b4e737fc00000 0 0
1 1 1 41e1157a7f800000 0 0
1 1 1 4bd447a07f800000 0 0
1 1 1 317a6439ff800000 0 0
1 1 1 cef2acb77f800000 0 0
1 1 1 308e170f7f800000 0 0
1 1 1 476a68f17f800000 0 0
1 1 1 4d2fbf967f800000 0 0
1 1 1 3ddc9c8c7fc00000 0 0
1 1 1 cc369158ff800000 0 0
1 1 1 4aa975997fc00000 0 0
1 1 1 43af97aa7f800000 0 0
1 1 1 c652a6357f800000 0 0
1 1 1 bbf4b0e17fc00000 0 0
1 1 1 cbdc9b7b7f800000 0 0
1 1 1 b5e416e67f800000 0 0
1 1 1 c85b6d057fc00000 0 0
1 1 1 b14058bbff800000 0 0
1 1 1 3159fdd1ff800000 0 0
1 1 1 b7c782b6ff800000 0 0
1 1 1 cee43bfdff800000 0 0
1 1 1 4d757f187fc00000 0 0
1 1 1 c23bad327f800000 0 0
1 1 1 491941047fc00000 0 0
1 1 1 bd7a3dc4ff800000 0 0
1 1 1 34ae094a7fc00000 0 0
1 1 1 4bb148207fc00000 0 0
1 1 1 3f7f52087f800000 0 0
1 1 1 40c036df7fc00000 0 0
1 1 1 cc66dfd7ff800000 0 0
1 1 1 46791ddd7f800000 0 0
1 1 1 b367e1597fc00000 0 0
1 1 1 bc7a45977f800000 0 0
1 1 1 49cbe7e37f800000 0 0
1 1 1 c016e80d7f800000 0 0
1 1 1 33f336bb7f800000 0 0
1 1 1 c455f2627fc00000 0 0
1 1 1 cec925c97f800000 0 0
1 1 1 beb75615ff800000 0 0
1 1 1 b84f59fb7fc00000 0 0
1 1 1 409a1a21ff800000 0 0
1 1 1 3a2b1c9eff800000 0 0
1 1 1 cac00d437f800000 0 0
1 1 1 bab5201c7fc00000 0 0
1 1 1 4a19e1937fc00000 0 0
1 1 1 3a6840ccff800000 0 0
1 1 1 bc831fcb7fc00000 0 0
1 1 1 3b56ca7e7f800000 0 0
1 1 1 cdf915d27fc00000 0 0
1 1 1 c99362d97f800000 0 0
1 1 1 c7fb0db17fc00000 0 0
1 1 1 38c622b87fc00000 0 0
1 1 1 3cc9c1bc7fc00000 0 0
1 1 1 b7531afc7f800000 0 0
1 1 1 3dae85a8ff800000 0 0
1 1 1 bfd0ef457f800000 0 0
1 1 1 c4187eb77f800000 0 0
1 1 1 bf3018b1ff800000 0 0
1 1 1 44dd17a1ff800000 0 0
1 1 1 44e5e2d07fc00000 0 0
1 1 1 3f7e6f937f800000 0 0
1 1 1 c0ffdf897f800000 0 0
1 1 1 ca5305dc7fc00000 0 0
1 1 1 c518d630ff800000 0 0
1 1 1 b7bd98ba7f800000 0 0
1 1 1 487ef9357f800000 0 0
1 1 1 bcae9fff7fc00000 0 0
1 1 1 44b124137fc00000 0 0
1 1 1 3a0a7cddff800000 0 0
1 1 1 496e43aa7fc00000 0 0
1 1 1 3cb609dfff800000 0 0
1 1 1 3ed3460dff800000 0 0
1 1 1 c52b95beff800000 0 0
1 1 1 42c19b987f800000 0 0
1 1 1 3f34d4da7fc00000 0 0
1 1 1 32a86b12ff800000 0 0
1 1 1 4e7467797f800000 0 0
1 1 1 c029105e7f800000 0 0
1 1 1 bf1efeb9ff800000 0 0
1 1 1 b93a63fdff800000 0 0
1 1 1 34343a2fff800000 0 0
1 1 1 36317af1ff800000 0 0
1 1 1 373c123d7fc00000 0 0
1 1 1 c86d47fe7f800000 0 0
1 1 1 b3cdccb77fc00000 0 0
1 1 1 c1cafdbbff800000 0 0
1 1 1 b3a13176ff800000 0 0
1 1 1 48751e81ff800000 0 0
1 1 1 3989fc947f800000 0 0
1 1 1 b25c103c7f800000 0 0
1 1 1 4d66fbc57f800000 0 0
1 1 1 48c16e2d7f800000 0 0
1 1 1 c2070bc67fc00000 0 0
1 1 1 c440f92e7f800000 0 0
1 1 1 c351fdb97f800000 0 0
1 1 1 4cee50d07f800000 0 0
1 1 1 c100bec57fc00000 0 0
1 1 1 3670bdac7fc00000 0 0
1 1 1 c7a3b51f7f800000 0 0
1 1 1 bb18c7997fc00000 0 0
1 1 1 c6041c847fc00000 0 0
1 1 1 392401fb7f800000 0 0
1 1 1 39ca65977f800000 0 0
1 1 1 4ee777367f800000 0 0
1 1 1 3e7f8b2c7f800000 0 0
1 1 1 b77a160a7f800000 0 0
1 1 1 326ba7bbff800000 0 0
1 1 1 31c8f1877f800000 0 0
1 1 1 b9b57dea7fc00000 0 0
1 1 1 b281fcdc7fc00000 0 0
1 1 1 b799c92c7fc00000 0 0
1 1 1 4083d2e67f800000 0 0
1 1 1 bd9f24557fc00000 0 0
1 1 1 48840b247fc00000 0 0
1 1 1 c2896037ff800000 0 0
1 1 1 bd57a5237f800000 0 0
1 1 1 3cf318afff800000 0 0
1 1 1 b1bc18ceff800000 0 0
1 1 1 3714a1b9ff800000 0 0
1 1 1 47a782e77f800000 0 0
1 1 1 482c9cd87fc00000 0 0
1 1 1 4975ca7aff800000 0 0
1 1 1 4b18d7dcff800000 0 0
1 1 1 4aaea8a97f800000 0 0
1 1 1 4e2d5f78ff800000 0 0
1 1 1 4658a31cff800000 0 0
1 1 1 43fd78927fc00000 0 0
1 1 1 3a29cb617fc00000 0 0
1 1 1 cd1ca899ff800000 0 0
1 1 1 35b3b110ff800000 0 0
1 1 1 ce0461267f800000 0 0
1 1 1 4cc82d2f7f800000 0 0
1 1 1 cc1a0ae77f800000 0 0
1 1 1 bba7c69b7f800000 0 0
1 1 1 4b4082c07fc00000 0 0
1 1 1 340cc1957fc00000 0 0
1 1 1 cd468c657fc00000 0 0
1 1 1 c15a7b847f800000 0 0
1 1 1 b86f3d327fc00000 0 0
1 1 1 49d1d3687f800000 0 0
1 1 1 c3af0fd07fc00000 0 0
1 1 1 46561c757fc00000 0 0
1 1 1 4091974fff800000 0 0
1 1 1 bfcb7a25ff800000 0 0
1 1 1 3e84fb967fc00000 0 0
1 1 1 420482577fc00000 0 0
1 1 1 c08bd8607f800000 0 0
1 1 1 c603ea887f800000 0 0
1 1 1 c0bcc8b1ff800000 0 0
1 1 1 4a9e7b827f800000 0 0
1 1 1 3fc75c087fc00000 0 0
1 1 1 4674ebbd7f800000 0 0
1 1 1 3e0b5d6e7fc00000 0 0
1 1 1 38ac99d57f800000 0 0
1 1 1 3c869a227f800000 0 0
1 1 1 43c377eeff800000 0 0
1 1 1 be020963ff800000 0 0
1 1 1 359ce4cc7f800000 0 0
1 1 1 bcbeb4dc7f800000 0 0
1 1 1 43d29ade7fc00000 0 0
1 1 1 bcfc94237f800000 0 0
1 1 1 c02eb5f17fc00000 0 0
1 1 1 420389edff800000 0 0
1 1 1 be5161657f800000 0 0
1 1 1 3751d931ff800000 0 0
1 1 1 b98ddd93ff800000 0 0
1 1 1 ca77b246ff800000 0 0
1 1 1 46fa73137f800000 0 0
1 1 1 434f0ce8ff800000 0 0
1 1 1 b54e334a7f800000 0 0
1 1 1 45ba6a2bff800000 0 0
1 1 1 4cfc7be4ff800000 0 0
1 1 1 c5f908b4ff800000 0 0
1 1 1 35a69d087fc00000 0 0
1 1 1 b204e4ba7fc00000 0 0
1 1 1 3dee8a6fff800000 0 0
1 1 1 38506f0aff800000 0 0
1 1 1 3bb309c77fc00000 0 0
1 1 1 cdbfe0697f800000 0 0
1 1 1 4082de0c7fc00000 0 0
1 1 1 3a60f9d67fc00000 0 0
1 1 1 3d2c2b647f800000 0 0
1 1 1 cab34e90ff800000 0 0
1 1 1 3401885b7f800000 0 0
1 1 1 b83659efff800000 0 0
1 1 1 b5785c6dff800000 0 0
1 1 1 31d5e34c7fc00000 0 0
1 1 1 ca80ac49ff800000 0 0
1 1 1 4e6017bd7fc00000 0 0
1 1 1 433d3c75ff800000 0 0
1 1 1 bea518047f800000 0 0
1 1 1 cd771606ff800000 0 0
1 1 1 bf030e3a7f800000 0 0
1 1 1 ba2073467f800000 0 0
1 1 1 401b39fa7fc00000 0 0
1 1 1 41cc900e7fc00000 0 0
1 1 1 b554a9cf7f800000 0 0
1 1 1 4d72c47a7fc00000 0 0
1 1 1 4631b8017f800000 0 0
1 1 1 cd233c307fc00000 0 0
1 1 1 c5591e6e7fc00000 0 0
1 1 1 3c54134c7fc00000 0 0
1 1 1 3ff8d516ff800000 0 0
1 1 1 495bcab27fc00000 0 0
1 1 1 38de16bfff800000 0 0
1 1 1 3679e71cff800000 0 0
1 1 1 b13e03f27fc00000 0 0
1 1 1 37972a48ff800000 0 0
1 1 1 c322b5867f800000 0 0
1 1 1 b1a2edf27fc00000 0 0
1 1 1 b9648e467fc00000 0 0
1 1 1 c32fa535ff800000 0 0
1 1 1 c49ee4c9ff800000 0 0
1 1 1 351e1e13ff800000 0 0
1 1 1 3ea7fe717fc00000 0 0
1 1 1 cc560a3e7fc00000 0 0
1 1 1 3db317897fc00000 0 0
1 1 1 b571bd087fc00000 0 0
1 1 1 cb601c6e7fc00000 0 0
1 1 1 b31e2a6fff800000 0 0
1 1 1 b9991a13ff800000 0 0
1 1 1 b50a34c1ff800000 0 0
1 1 1 4c5d82aeff800000 0 0
1 1 1 b37366747f800000 0 0
1 1 1 b55f2ce27f800000 0 0
1 1 1 47e029337f800000 0 0
1 1 1 498a0cb8ff800000 0 0
1 1 1 c5fa3b57ff800000 0 0
1 1 1 4d68f0c77fc00000 0 0
1 1 1 bdb3ed017f800000 0 0
1 1 1 b910510cff800000 0 0
1 1 1 4cea40ef7fc00000 0 0
1 1 1 c7bde34fff800000 0 0
1 1 1 c86eda067f800000 0 0
1 1 1 35bc2384ff800000 0 0
1 1 1 c59336637f800000 0 0
1 1 1 ba6579abff800000 0 0
1 1 1 b2b101b1ff800000 0 0
1 1 1 3a17920dff800000 0 0
1 1 1 c6cbee4dff800000 0 0
1 1 1 4b1ba49f7fc00000 0 0
1 1 1 3c6c98f37fc00000 0 0
1 1 1 b66144757f800000 0 0
1 1 1 b6f745e57fc00000 0 0
1 1 1 36699a25ff800000 0 0
1 1 1 46c694ee7fc00000 0 0
1 1 1 b2576aa1ff800000 0 0
1 1 1 39d3a9957f800000 0 0
1 1 1 c39d83cd7fc00000 0 0
1 1 1 46f69e7c7f800000 0 0
1 1 1 496aec0b7fc00000 0 0
1 1 1 cde95b8eff800000 0 0
1 1 1 b10b1b807f800000 0 0
1 1 1 49edb68f7f800000 0 0
1 1 1 b2eaeb53ff800000 0 0
1 1 1 4394be387fc00000 0 0
1 1 1 49cab8e3ff800000 0 0
1 1 1 4e6a73627fc00000 0 0
1 1 1 baf1c9d57f800000 0 0
1 1 1 4c8e6b0aff800000 0 0
1 1 1 4d1aa9207f800000 0 0
1 1 1 b9a10d487f800000 0 0
1 1 1 ba352fd87fc00000 0 0
1 1 1 3d46c7157f800000 0 0
1 1 1 335d6c6c7f800000 0 0
1 1 1 b336394c7fc00000 0 0
1 1 1 40a5e4497f800000 0 0
1 1 1 3c7f49aeff800000 0 0
1 1 1 30b827c5ff800000 0 0
1 1 1 c94a5546ff800000 0 0
1 1 1 cc468f287fc00000 0 0
1 1 1 3f8a252c7f800000 0 0
1 1 1 44e8314d7f800000 0 0
1 1 1 ccc1ea2f7f800000 0 0
1 1 1 3850f924ff800000 0 0
1 1 1 b8135e9d7f800000 0 0
1 1 1 3f3de4787fc00000 0 0
1 1 1 c57695cfff800000 0 0
1 1 1 4c02b1d17fc00000 0 0
1 1 1 bff9d0a77f800000 0 0
1 1 1 cc5d21a97f800000 0 0
1 1 1 c4d94dadff800000 0 0
1 1 1 c769e5b47f800000 0 0
1 1 1 3276d8d47f800000 0 0
1 1 1 44b355ddff800000 0 0
1 1 1 459af34fff800000 0 0
1 1 1 b77381d9ff800000 0 0
1 1 1 3c12ad3a7fc00000 0 0
1 1 1 325e81eaff800000 0 0
1 1 1 3fc5d235ff800000 0 0
1 1 1 3a4dacbeff800000 0 0
1 1 1 bcaffade7f800000 0 0
1 1 1 c6403713ff800000 0 0
1 1 1 4bebca17ff800000 0 0
1 1 1 4ea11f117fc00000 0 0
1 1 1 3972bcc47f800000 0 0
1 1 1 3a7720767fc00000 0 0
1 1 1 3e3bfcebff800000 0 0
1 1 1 c091c5f77f800000 0 0
1 1 1 ce50552c7fc00000 0 0
1 1 1 ba8b13127fc00000 0 0
1 1 1 396b6a937fc00000 0 0
1 1 1 439cb6fd7fc00000 0 0
1 1 1 3380461f7f800000 0 0
1 1 1 c9d0e5c27fc00000 0 0
1 1 1 b55a98d27fc00000 0 0
1 1 1 33e0a1c17f800000 0 0
1 1 1 363ae4f4ff800000 0 0
1 1 1 b72c6e83ff800000 0 0
1 1 1 c5ef4241ff800000 0 0
1 1 1 47f5c0107fc00000 0 0
1 1 1 36b584257f800000 0 0
1 1 1 359e09de7f800000 0 0
1 1 1 bb8f30d67fc00000 0 0
1 1 1 3126a6617f800000 0 0
1 1 1 33a2e5327f800000 0 0
1 1 1 b5c615d37fc00000 0 0
1 1 1 bc790807ff800000 0 0
1 1 1 468e9d267f800000 0 0
1 1 1 ce9562e0ff800000 0 0
1 1 1 3b0bb6157f800000 0 0
1 1 1 be5450c97f800000 0 0
1 1 1 c1d854c8ff800000 0 0
1 1 1 448aef437f800000 0 0
1 1 1 c7574ba0ff800000 0 0
1 1 1 bbce04da7fc00000 0 0
1 1 1 4c618134ff800000 0 0
1 1 1 b7cbcc727f800000 0 0
1 1 1 376990fdff800000 0 0
1 1 1 bfea3e907fc00000 0 0
1 1 1 431493737fc00000 0 0
1 1 1 b53d12ad7f800000 0 0
1 1 1 3ff7b723ff800000 0 0
1 1 1 b7e69905ff800000 0 0
1 1 1 3a8054f57f800000 0 0
1 1 1 b6c2fa1bff800000 0 0
1 1 1 3c25d12eff800000 0 0
1 1 1 b826cafb7f800000 0 0
1 1 1 b4ede6ecff800000 0 0
1 1 1 3708d5297f800000 0 0
1 1 1 325110c9ff800000 0 0
1 1 1 c8416ca57fc00000 0 0
1 1 1 cb09982f7f800000 0 0
1 1 1 b91659ec7fc00000 0 0
1 1 1 3ae06ea47f800000 0 0
1 1 1 43b7bd65ff800000 0 0
1 1 1 ccc42e9bff800000 0 0
1 1 1 318dea8c7f800000 0 0
1 1 1 3e6cdd7a7fc00000 0 0
1 1 1 c4327c197fc00000 0 0
1 1 1 c121cbd7ff800000 0 0
1 1 1 b92aa36aff800000 0 0
1 1 1 bd0f1850ff800000 0 0
1 1 1 4e9722e4ff800000 0 0
1 1 1 c0f5e6627f800000 0 0
1 1 1 ce1fd990ff800000 0 0
1 1 1 3c87eb2b7fc00000 0 0
1 1 1 bea4d533ff800000 0 0
1 1 1 3b77cc1e7fc00000 0 0
1 1 1 c2a6d430ff800000 0 0
1 1 1 b9c14b887fc00000 0 0
1 1 1 c59d5ca17f800000 0 0
1 1 1 bf91dc68ff800000 0 0
1 1 1 bbd4588f7fc00000 0 0
1 1 1 c15be8787fc00000 0 0
1 1 1 bbf5249d7fc00000 0 0
1 1 1 3942479bff800000 0 0
1 1 1 411c3de9ff800000 0 0
1 1 1 3ead2cc3ff800000 0 0
1 1 1 bc56ced67fc00000 0 0
1 1 1 bb2eed017f800000 0 0
1 1 1 c6543403ff800000 0 0
1 1 1 c83b92b77fc00000 0 0
1 1 1 4a094db9ff800000 0 0
1 1 1 38524b8e7fc00000 0 0
1 1 1 4e8a69327fc00000 0 0
1 1 1 b3b826977f800000 0 0
1 1 1 b756e9ffff800000 0 0
1 1 1 c926031c7f800000 0 0
1 1 1 443ab2097f800000 0 0
1 1 1 363f26b47f800000 0 0
1 1 1 475edd307fc00000 0 0
1 1 1 3227b6fe7f800000 0 0
1 1 1 3da8d93d7fc00000 0 0
1 1 1 c8a3b5057fc00000 0 0
1 1 1 3291e3ea7fc00000 0 0
1 1 1 335556df7fc00000 0 0
1 1 1 c0f5d6877fc00000 0 0
1 1 1 cd99ffc77fc00000 0 0
1 1 1 4bf8e4ba7f800000 0 0
1 1 1 319f27c87fc00000 0 0
1 1 1 c8db599cff800000 0 0
1 1 1 b8d0446dff800000 0 0
1 1 1 b3bb4fa9ff800000 0 0
1 1 1 ce24523fff800000 0 0
1 1 1 43e8df08ff800000 0 0
1 1 1 c63c92237f800000 0 0
1 1 1 cd7787b07f800000 0 0
1 1 1 b4f665e07f800000 0 0
1 1 1 40fe7bcdff800000 0 0
1 1 1 bb8c1716ff800000 0 0
1 1 1 4ec3ad847fc00000 0 0
1 1 1 c8ccc01e7fc00000 0 0
1 1 1 c8a7f062ff800000 0 0
1 1 1 b2c563617f800000 0 0
1 1 1 ccea60007fc00000 0 0
1 1 1 4122e2cf7f800000 0 0
1 1 1 cab6f135ff800000 0 0
1 1 1 352953117fc00000 0 0
1 1 1 40b1dbf0ff800000 0 0
1 1 1 c550727b7fc00000 0 0
1 1 1 b09771127fc00000 0 0
1 1 1 4e802bd3ff800000 0 0
1 1 1 4a6f97e07f800000 0 0
1 1 1 cbf6925e7f800000 0 0
1 1 1 4272b0f2ff800000 0 0
1 1 1 479da06c7f800000 0 0
1 1 1 3cf04c067fc00000 0 0
1 1 1 3895c6127fc00000 0 0
1 1 1 46ded77a7fc00000 0 0
1 1 1 bb49adcc7f800000 0 0
1 1 1 c110d8a67fc00000 0 0
1 1 1 3b1d3dd97f800000 0 0
1 1 1 b223a6557f800000 0 0
1 1 1 c39f8d0d7fc00000 0 0
1 1 1 b7c1cde67fc00000 0 0
1 1 1 324716a17fc00000 0 0
1 1 1 cdee8742ff800000 0 0
1 1 1 4c7ada947f800000 0 0
1 1 1 33c95c1f7f800000 0 0
1 1 1 31a2ff927f800000 0 0
1 1 1 c0250cd0ff800000 0 0
1 1 1 34b2e167ff800000 0 0
1 1 1 bdf80a657f800000 0 0
1 1 1 350ad1ebff800000 0 0
1 1 1 b8bce563ff800000 0 0
1 1 1 335b727b7f800000 0 0
1 1 1 470c8f5a7fc00000 0 0
1 1 1 b919372e7f800000 0 0
1 1 1 4c86babdff800000 0 0
1 1 1 b4f261ce7fc00000 0 0
1 1 1 3e827ad3ff800000 0 0
1 1 1 bb3722e37f800000 0 0
1 1 1 bc1a61e7ff800000 0 0
1 1 1 326064ab7fc00000 0 0
1 1 1 c7692a977f800000 0 0
1 1 1 33b81d1fff800000 0 0
1 1 1 42389aae7fc00000 0 0
1 1 1 310772bc7f800000 0 0
1 1 1 b4951287ff800000 0 0
1 1 1 c46bd2707f800000 0 0
1 1 1 bd41ec6aff800000 0 0
1 1 1 488c69d97fc00000 0 0
1 1 1 367ce5a67fc00000 0 0
1 1 1 c7b25fb57f800000 0 0
1 1 1 44bc999cff800000 0 0
1 1 1 357c4b0a7fc00000 0 0
1 1 1 4eb9ef627fc00000 0 0
1 1 1 c5abc2a27f800000 0 0
1 1 1 396214e5ff800000 0 0
1 1 1 be01a7a37fc00000 0 0
1 1 1 cecf0c497f800000 0 0
1 1 1 3f99b51dff800000 0 0
1 1 1 c5922e3cff800000 0 0
1 1 1 c6325378ff800000 0 0
1 1 1 37622aa67fc00000 0 0
1 1 1 470416887f800000 0 0
1 1 1 32189ca17f800000 0 0
1 1 1 bb8bc1617f800000 0 0
1 1 1 36b814327fc00000 0 0
1 1 1 b97641157f800000 0 0
1 1 1 3d6386edff800000 0 0
1 1 1 ba0afb657f800000 0 0
1 1 1 c69ba65f7fc00000 0 0
1 1 1 be0e5c0a7fc00000 0 0
1 1 1 3c879e4d7fc00000 0 0
1 1 1 b56c8a827f800000 0 0
1 1 1 381323b8ff800000 0 0
1 1 1 41451dafff800000 0 0
1 1 1 357537147f800000 0 0
1 1 1 b990d8a57f800000 0 0
1 1 1 cabe40e97fc00000 0 0
1 1 1 c5ff41f57fc00000 0 0
1 1 1 46414c677f800000 0 0
1 1 1 b7360e487fc00000 0 0
1 1 1 450929527fc00000 0 0
1 1 1 bb752eef7f800000 0 0
1 1 1 4645ce8f7f800000 0 0
1 1 1 3f0fa5d77fc00000 0 0
1 1 1 32b5fdeb7f800000 0 0
1 1 1 cc148c737f800000 0 0
1 1 1 be06b42c7f800000 0 0
1 1 1 30fab33c7f800000 0 0
1 1 1 401ac5e17f800000 0 0
1 1 1 baf489df7fc00000 0 0
1 1 1 caba49247fc00000 0 0
1 1 1 4117de0aff800000 0 0
1 1 1 3ccff5207f800000 0 0
1 1 1 ce37d30a7f800000 0 0
1 1 1 31daca147f800000 0 0
1 1 1 bd32f7ddff800000 0 0
1 1 1 40fdc93a7f800000 0 0
1 1 1 c095c4307fc00000 0 0
1 1 1 caafe5627f800000 0 0
1 1 1 b87aaedcff800000 0 0
1 1 1 c8012b587fc00000 0 0
1 1 1 c2d15f7d7fc00000 0 0
1 1 1 b54eb9d0ff800000 0 0
1 1 1 ccd53e05ff800000 0 0
1 1 1 cd39e51c7f800000 0 0
1 1 1 36b8a642ff800000 0 0
1 1 1 4d0a23647fc00000 0 0
1 1 1 cd038db47fc00000 0 0
1 1 1 43f249e07fc00000 0 0
1 1 1 c64e449a7fc00000 0 0
1 1 1 3ca7a23fff800000 0 0
1 1 1 b2379cfa7f800000 0 0
1 1 1 3356d9a4ff800000 0 0
1 1 1 b8d15d8c7f800000 0 0
1 1 1 35a0e69cff800000 0 0
1 1 1 bdee0c4c7f800000 0 0
1 1 1 4ee06b147f800000 0 0
1 1 1 486747867f800000 0 0
1 1 1 ccb18162ff800000 0 0
1 1 1 4bb9d83f7fc00000 0 0
1 1 1 38f4bce77f800000 0 0
1 1 1 b3f5a29bff800000 0 0
1 1 1 4d46abb47fc00000 0 0
1 1 1 b74e665e7f800000 0 0
1 1 1 b785e827ff800000 0 0
1 1 1 ba61b4a57fc00000 0 0
1 1 1 b706025f7fc00000 0 0
1 1 1 3c04c2a67f800000 0 0
1 1 1 c2589471ff800000 0 0
1 1 1 47abfbd37fc00000 0 0
1 1 1 c0344af5ff800000 0 0
1 1 1 b1a307ce7f800000 0 0
1 1 1 4b0cf36f7fc00000 0 0
1 1 1 cbff87b47f800000 0 0
1 1 1 4823b874ff800000 0 0
1 1 1 375c452f7f800000 0 0
1 1 1 c176a5fb7f800000 0 0
1 1 1 3a74faf5ff800000 0 0
1 1 1 bc3b0c8d7fc00000 0 0
1 1 1 34aa654eff800000 0 0
1 1 1 c993fc16ff800000 0 0
1 1 1 bd350e977fc00000 0 0
1 1 1 34b1bc3c7fc00000 0 0
1 1 1 3da7483d7fc00000 0 0
1 1 1 33fba69e7fc00000 0 0
1 1 1 b7ac6bfbff800000 0 0
1 1 1 c3cf6c05ff800000 0 0
1 1 1 425605dcff800000 0 0
1 1 1 cad7e17a7f800000 0 0
1 1 1 431553c77f800000 0 0
1 1 1 353a74037f800000 0 0
1 1 1 4df0730a7fc00000 0 0
1 1 1 cab509997f800000 0 0
1 1 1 be0008467fc00000 0 0
1 1 1 ccd4e89eff800000 0 0
1 1 1 3fdca2697fc00000 0 0
1 1 1 c747e9b77fc00000 0 0
1 1 1 33e8ae627fc00000 0 0
1 1 1 bed70c0eff800000 0 0
1 1 1 413c9a9fff800000 0 0
1 1 1 c328fe477f800000 0 0
1 1 1 b0ffc1c2ff800000 0 0
1 1 1 310f1d067fc00000 0 0
1 1 1 46a0e728ff800000 0 0
1 1 1 42175b607f800000 0 0
1 1 1 c95dec50ff800000 0 0
1 1 1 cde6bf1bff800000 0 0
1 1 1 bd46ab95ff800000 0 0
1 1 1 b95e52687f800000 0 0
1 1 1 44495f5b7fc00000 0 0
1 1 1 ce9bfdf3ff800000 0 0
1 1 1 b0a71f5a7f800000 0 0
1 1 1 cd3198c77fc00000 0 0
1 1 1 499b508cff800000 0 0
1 1 1 406a2ded7fc00000 0 0
1 1 1 b4859f6f7f800000 0 0
1 1 1 b96871917f800000 0 0
1 1 1 bc54b2a07fc00000 0 0
1 1 1 c25301487fc00000 0 0
1 1 1 4d37d45c7fc00000 0 0
1 1 1 4dc095367fc00000 0 0
1 1 1 497728ea7fc00000 0 0
1 1 1 4208047b7fc00000 0 0
1 1 1 430c56e6ff800000 0 0
1 1 1 3a6072c2ff800000 0 0
1 1 1 c07af0927f800000 0 0
1 1 1 4a12fe67ff800000 0 0
1 1 1 3dc72f737fc00000 0 0
1 1 1 cd4ba5a97fc00000 0 0
1 1 1 420f8ec47f800000 0 0
1 1 1 cdf412047f800000 0 0
1 1 1 431864a37f800000 0 0
1 1 1 4cdd109fff800000 0 0
1 1 1 c28f0e037fc00000 0 0
1 1 1 32d5458b7fc00000 0 0
1 1 1 4d183515ff800000 0 0
1 1 1 b502f5027f800000 0 0
1 1 1 c4f74ba47fc00000 0 0
1 1 1 c34e21d1ff800000 0 0
1 1 1 46a47a657f800000 0 0
1 1 1 3e9ff9837fc00000 0 0
1 1 1 40360c437f800000 0 0
1 1 1 4871da1a7fc00000 0 0
1 1 1 bccb60f37f800000 0 0
1 1 1 3300cd697f800000 0 0
1 1 1 cba20812ff800000 0 0
1 1 1 345f3d547f800000 0 0
1 1 1 3b382ce77fc00000 0 0
1 1 1 47366ccf7fc00000 0 0
1 1 1 b4e998997f800000 0 0
1 1 1 ba30ddaa7fc00000 0 0
1 1 1 bdb26a5c7fc00000 0 0
1 1 1 49340ba2ff800000 0 0
1 1 1 b8e350a77fc00000 0 0
1 1 1 b16503bfff800000 0 0
1 1 1 34ef3936ff800000 0 0
1 1 1 ccbe6c567f800000 0 0
1 1 1 31d49aaa7fc00000 0 0
1 1 1 414659ebff800000 0 0
1 1 1 bd34b0437f800000 0 0
1 1 1 b30a18c7ff800000 0 0
1 1 1 c9125374ff800000 0 0
1 1 1 cbec681c7fc00000 0 0
1 1 1 3a384f97ff800000 0 0
1 1 1 46e5940b7f800000 0 0
1 1 1 4e0ea4207f800000 0 0
1 1 1 47bcef7e7f800000 0 0
1 1 1 cdae4e9e7f800000 0 0
1 1 1 350ad2b27fc00000 0 0
1 1 1 3cfa04167fc00000 0 0
1 1 1 b8a4466f7f800000 0 0
1 1 1 48fa6fb6ff800000 0 0
1 1 1 4e5396267fc00000 0 0
1 1 1 b65bded97f800000 0 0
1 1 1 ce3ed4217f800000 0 0
1 1 1 ba47a98eff800000 0 0
1 1 1 bddb689dff800000 0 0
1 1 1 43bc2dddff800000 0 0
1 1 1 33d17705ff800000 0 0
1 1 1 4d1eeb197f800000 0 0
1 1 1 4a9e6b3f7f800000 0 0
1 1 1 bdc58cc07f800000 0 0
1 1 1 45fa80d77f800000 0 0
1 1 1 49ae8c2eff800000 0 0
1 1 1 470231007fc00000 0 0
1 1 1 c815e5657f800000 0 0
1 1 1 ca2842187fc00000 0 0
1 1 1 3439eb7b7f800000 0 0
1 1 1 cccbe8e27f800000 0 0
1 1 1 4c45a2bc7f800000 0 0
1 1 1 33aac8357fc00000 0 0
1 1 1 bb73addfff800000 0 0
1 1 1 cbca44ac7f800000 0 0
1 1 1 c8449d117f800000 0 0
1 1 1 34c44dd07fc00000 0 0
1 1 1 c763a272ff800000 0 0
1 1 1 b23cad48ff800000 0 0
1 1 1 3d62332b7f800000 0 0
1 1 1 39b06fd87fc00000 0 0
1 1 1 b0d347df7fc00000 0 0
1 1 1 366ed20bff800000 0 0
1 1 1 3baf4de6ff800000 0 0
1 1 1 4a881bad7f800000 0 0
1 1 1 c6806c9aff800000 0 0
1 1 1 b9967a737f800000 0 0
1 1 1 3a5cf8d8ff800000 0 0
1 1 1 bc6ae9a67f800000 0 0
1 1 1 4962616e7f800000 0 0
1 1 1 4c4af0557f800000 0 0
1 1 1 49b7ebd77f800000 0 0
1 1 1 35961b367f800000 0 0
1 1 1 3f2eac387fc00000 0 0
1 1 1 395dbc837f800000 0 0
1 1 1 3582df80ff800000 0 0
1 1 1 c55f02367fc00000 0 0
1 1 1 b19e44f27fc00000 0 0
1 1 1 b917e21dff800000 0 0
1 1 1 44cf518dff800000 0 0
1 1 1 3f98dd477f800000 0 0
1 1 1 350e3f0c7f800000 0 0
1 1 1 cba036e97fc00000 0 0
1 1 1 b7ff12fd7f800000 0 0
1 1 1 c3917a1b7fc00000 0 0
1 1 1 3d80958fff800000 0 0
1 1 1 397777357f800000 0 0
1 1 1 b15ff9007fc00000 0 0
1 1 1 421f852dff800000 0 0
1 1 1 30969821ff800000 0 0
1 1 1 bc848b40ff800000 0 0
1 1 1 3283abeb7fc00000 0 0
1 1 1 bc008b1cff800000 0 0
1 1 1 c4a144137fc00000 0 0
1 1 1 bd6ea4737fc00000 0 0
1 1 1 4e8789b3ff800000 0 0
1 1 1 454f9a15ff800000 0 0
1 1 1 cdd4c84f7fc00000 0 0
1 1 1 4185e9ff7fc00000 0 0
1 1 1 4befa7517f800000 0 0
1 1 1 ba834c257f800000 0 0
1 1 1 c7f8b7c6ff800000 0 0
1 1 1 c57e6a06ff800000 0 0
1 1 1 bfdba6c37f800000 0 0
1 1 1 c31e3dfeff800000 0 0
1 1 1 b2bfb2f87fc00000 0 0
1 1 1 c2d7752a7f800000 0 0
1 1 1 b23f87e47f800000 0 0
1 1 1 459c44187fc00000 0 0
1 1 1 b7e8903b7f800000 0 0
1 1 1 37e7078e7f800000 0 0
1 1 1 bea652227f800000 0 0
1 1 1 c8d6fc997f800000 0 0
1 1 1 cc0807c5ff800000 0 0
1 1 1 316051887fc00000 0 0
1 1 1 4435841a7f800000 0 0
1 1 1 4a86b410ff800000 0 0
1 1 1 4c304c9aff800000 0 0
1 1 1 be68773a7f800000 0 0
1 1 1 c754ef6c7f800000 0 0
1 1 1 3534754b7fc00000 0 0
1 1 1 c673e29c7fc00000 0 0
1 1 1 c3d0b8df7f800000 0 0
1 1 1 be27cbc9ff800000 0 0
1 1 1 4d635b3bff800000 0 0
1 1 1 c1bf9f517fc00000 0 0
1 1 1 cbc0d8187f800000 0 0
1 1 1 464b83c27fc00000 0 0
1 1 1 b286f2517fc00000 0 0
1 1 1 48206df07fc00000 0 0
1 1 1 3dc6c4d67f800000 0 0
1 1 1 b0d7f8bc7f800000 0 0
1 1 1 3111708f7f800000 0 0
1 1 1 c63bed59ff800000 0 0
1 1 1 35156f54ff800000 0 0
1 1 1 35d29dda7f800000 0 0
1 1 1 4657fe547f800000 0 0
1 1 1 b7e35cec7fc00000 0 0
1 1 1 ccb36c02ff800000 0 0
1 1 1 401014807fc00000 0 0
1 1 1 4031c79dff800000 0 0
1 1 1 b9046a6e7f800000 0 0
1 1 1 c7525e637f800000 0 0
1 1 1 3cf905d3ff800000 0 0
1 1 1 454d8d907f800000 0 0
1 1 1 cd6e90fb7fc00000 0 0
1 1 1 bd8d84beff800000 0 0
1 1 1 b10c38e1ff800000 0 0
1 1 1 3608c3a0ff800000 0 0
1 1 1 3c50245dff800000 0 0
1 1 1 c8e0a8517f800000 0 0
1 1 1 4e72f734ff800000 0 0
1 1 1 c93be8d37f800000 0 0
1 1 1 c0749ba47fc00000 0 0
1 1 1 c7f004b0ff800000 0 0
1 1 1 4d9a25dcff800000 0 0
1 1 1 485979a2ff800000 0 0
1 1 1 4c3496ac7f800000 0 0
1 1 1 375997d37f800000 0 0
1 1 1 34508b26ff800000 0 0
1 1 1 c5d3b79aff800000 0 0
1 1 1 422655e97fc00000 0 0
1 1 1 c2576e717fc00000 0 0
1 1 1 b701f5a2ff800000 0 0
1 1 1 b17d97ac7f800000 0 0
1 1 1 3d7d10dbff800000 0 0
1 1 1 c700e78fff800000 0 0
1 1 1 403bdcad7f800000 0 0
1 1 1 c164ce8fff800000 0 0
1 1 1 3940e6007fc00000 0 0
1 1 1 c68c1ae17fc00000 0 0
1 1 1 339ee744ff800000 0 0
1 1 1 44c2d0eeff800000 0 0
1 1 1 44a25caeff800000 0 0
1 1 1 4d1566aa7fc00000 0 0
1 1 1 b91542b87fc00000 0 0
1 1 1 b09487f37f800000 0 0
1 1 1 3a67eb11ff800000 0 0
1 1 1 b7bbe3767fc00000 0 0
1 1 1 33053fff7fc00000 0 0
1 1 1 4aeb35f57f800000 0 0
1 1 1 3522432e7fc00000 0 0
1 1 1 342db6fd7fc00000 0 0
1 1 1 4a335c88ff800000 0 0
1 1 1 cbe3ec057fc00000 0 0
1 1 1 32edea64ff800000 0 0
1 1 1 340321e8ff800000 0 0
1 1 1 44aeaeb97fc00000 0 0
1 1 1 b8dc2dc57f800000 0 0
1 1 1 cb4e6b387f800000 0 0
1 1 1 3dfd9aa77f800000 0 0
1 1 1 33cba72a7fc00000 0 0
1 1 1 ce15acef7f800000 0 0
1 1 1 bc22dcc2ff800000 0 0
1 1 1 401c20e5ff800000 0 0
1 1 1 4c998ad6ff800000 0 0
1 1 1 b492c0367f800000 0 0
1 1 1 cd02e41a7f800000 0 0
1 1 1 3e77d27dff800000 0 0
1 1 1 b2219f227fc00000 0 0
1 1 1 bb5168c17f800000 0 0
1 1 1 37f44873ff800000 0 0
1 1 1 3254d89fff800000 0 0
1 1 1 32c1171bff800000 0 0
1 1 1 bbcc7a51ff800000 0 0
1 1 1 3a1a92cf7fc00000 0 0
1 1 1 bd500d67ff800000 0 0
1 1 1 3c26c145ff800000 0 0
1 1 1 b1ad13537f800000 0 0
1 1 1 cabeea817fc00000 0 0
1 1 1 c3058e6d7fc00000 0 0
1 1 1 4c3940207f800000 0 0
1 1 1 c01722bc7fc00000 0 0
1 1 1 3d873e2bff800000 0 0
1 1 1 4e67666f7fc00000 0 0
1 1 1 41ea56d8ff800000 0 0
1 1 1 b52e6dd77fc00000 0 0
1 1 1 386d2160ff800000 0 0
1 1 1 4bef8d657fc00000 0 0
1 1 1 4b40d7d57f800000 0 0
1 1 1 bd563a2bff800000 0 0
1 1 1 b4a9d56cff800000 0 0
1 1 1 3e96f0707f800000 0 0
1 1 1 3da501757f800000 0 0
1 1 1 429dbcb7ff800000 0 0
1 1 1 39ca3eb67f800000 0 0
1 1 1 3372a53a7fc00000 0 0
1 1 1 b873d83e7f800000 0 0
1 1 1 444e71dd7f800000 0 0
1 1 1 b0edadb97f800000 0 0
1 1 1 cb6225457fc00000 0 0
1 1 1 c5c0a8ee7fc00000 0 0
1 1 1 341015da7f800000 0 0
1 1 1 336a1f1aff800000 0 0
1 1 1 bb75df7e7fc00000 0 0
1 1 1 ccfbed947fc00000 0 0
1 1 1 37d133ae7f800000 0 0
1 1 1 3e4e3bcf7f800000 0 0
1 1 1 48b675487f800000 0 0
1 1 1 382c8b8e7f800000 0 0
1 1 1 b5fc66587f800000 0 0
1 1 1 b2e53c34ff800000 0 0
1 1 1 c358560f7fc00000 0 0
1 1 1 4eb10af97fc00000 0 0
1 1 1 bde788af7f800000 0 0
1 1 1 c15e0e527fc00000 0 0
1 1 1 480a4ca77fc00000 0 0
1 1 1 467032c4ff800000 0 0
1 1 1 499ab4687fc00000 0 0
1 1 1 3de26e497f800000 0 0
1 1 1 b777b9a07f800000 0 0
1 1 1 c113bfcd7f800000 0 0
1 1 1 b22d7b057f800000 0 0
1 1 1 3a75af137f800000 0 0
1 1 1 386dc4677f800000 0 0
1 1 1 bc4230a67f800000 0 0
1 1 1 3dca4fda7fc00000 0 0
1 1 1 4694982b7fc00000 0 0
1 1 1 426dfc45ff800000 0 0
1 1 1 46aeb6547fc00000 0 0
1 1 1 3f75e25eff800000 0 0
1 1 1 4c084e1aff800000 0 0
1 1 1 bb471e927f800000 0 0
1 1 1 c0a9866d7f800000 0 0
1 1 1 b4b418a0ff800000 0 0
1 1 1 bf166e577f800000 0 0
1 1 1 ca9df69c7fc00000 0 0
1 1 1 b50574497fc00000 0 0
1 1 1 cd4aa5447fc00000 0 0
1 1 1 3a9bb5267fc00000 0 0
1 1 1 4eac7e6e7f800000 0 0
1 1 1 cbdba36e7f800000 0 0
1 1 1 49551a277fc00000 0 0
1 1 1 c467601dff800000 0 0
1 1 1 30b289e2ff800000 0 0
1 1 1 31d9a038ff800000 0 0
1 1 1 3de30a0a7f800000 0 0
1 1 1 4a42be6dff800000 0 0
1 1 1 3332f2077f800000 0 0
1 1 1 388d5ddd7f800000 0 0
1 1 1 c23279c37f800000 0 0
1 1 1 c81b60a6ff800000 0 0
1 1 1 b36c922e7f800000 0 0
1 1 1 4d7942707fc00000 0 0
1 1 1 cda7be6c7fc00000 0 0
1 1 1 3af80a44ff800000 0 0
1 1 1 464d5f857f800000 0 0
1 1 1 bb00cf4b7fc00000 0 0
1 1 1 4b0e3b417fc00000 0 0
1 1 1 bc12c0ad7fc00000 0 0
1 1 1 38eb240cff800000 0 0
1 1 1 c1f4ee417fc00000 0 0
1 1 1 ccceafd67fc00000 0 0
1 1 1 ba461eefff800000 0 0
1 1 1 ba2d55ba7fc00000 0 0
1 1 1 3e9a0b747fc00000 0 0
1 1 1 4e59eeb27f800000 0 0
1 1 1 c420ef4bff800000 0 0
1 1 1 b0bc3f137fc00000 0 0
1 1 1 3afc0aa77f800000 0 0
1 1 1 470224fe7fc00000 0 0
1 1 1 48a6db5aff800000 0 0
1 1 1 caa6688a7fc00000 0 0
1 1 1 b99b08dfff800000 0 0
1 1 1 c0dae0047f800000 0 0
1 1 1 ce5172eb7f800000 0 0
1 1 1 b340e02b7fc00000 0 0
1 1 1 484f365b7fc00000 0 0
1 1 1 cba17d42ff800000 0 0
1 1 1 36905ad17f800000 0 0
1 1 1 ca29072b7fc00000 0 0
1 1 1 ba3a2db4ff800000 0 0
1 1 1 39fda6f67f800000 0 0
1 1 1 b89469017fc00000 0 0
1 1 1 3fca8a387fc00000 0 0
1 1 1 b2256f767f800000 0 0
1 1 1 483798f4ff800000 0 0
1 1 1 3e1cf31d7fc00000 0 0
1 1 1 c8ebce35ff800000 0 0
1 1 1 35b435197fc00000 0 0
1 1 1 bacf05177fc00000 0 0
1 1 1 b677aeb17fc00000 0 0
1 1 1 cb1e21137fc00000 0 0
1 1 1 4b8134aa7fc00000 0 0
1 1 1 c80c964bff800000 0 0
1 1 1 41e5db037f800000 0 0
1 1 1 c30904b97fc00000 0 0
1 1 1 4b2bdd687fc00000 0 0
1 1 1 c6119cb87f800000 0 0
1 1 1 3f29afb07fc00000 0 0
1 1 1 bacddc007fc00000 0 0
1 1 1 c6a20738ff800000 0 0
1 1 1 320dc040ff800000 0 0
1 1 1 c236b3faff800000 0 0
1 1 1 42d6d9f47fc00000 0 0
1 1 1 42f340a47fc00000 0 0
1 1 1 c9c345c17fc00000 0 0
1 1 1 bb3b7a187f800000 0 0
1 1 1 b38d1f0d7fc00000 0 0
1 1 1 3cff8b77ff800000 0 0
1 1 1 b49123fd7f800000 0 0
1 1 1 424298297fc00000 0 0
1 1 1 cb6ace75ff800000 0 0
1 1 1 b96b6fa1ff800000 0 0
1 1 1 cccf930c7fc00000 0 0
1 1 1 c7ed3e3f7f800000 0 0
1 1 1 370a9a94ff800000 0 0
1 1 1 348a3276ff800000 0 0
1 1 1 b1e3ff597fc00000 0 0
1 1 1 ce5f3790ff800000 0 0
1 1 1 404c2cee7f800000 0 0
1 1 1 4bdcdc6d7fc00000 0 0
1 1 1 c494a1737f800000 0 0
1 1 1 35826e9b7fc00000 0 0
1 1 1 3e0d3ea77f800000 0 0
1 1 1 34339ac07fc00000 0 0
1 1 1 4e634d5eff800000 0 0
1 1 1 b173e7c2ff800000 0 0
1 1 1 3d8eefbcff800000 0 0
1 1 1 43b052307f800000 0 0
1 1 1 459507197fc00000 0 0
1 1 1 cb62eda97fc00000 0 0
1 1 1 398e101a7fc00000 0 0
1 1 1 4d377f2c7fc00000 0 0
1 1 1 b1ef16027f800000 0 0
1 1 1 3b102b597f800000 0 0
1 1 1 42f660717f800000 0 0
1 1 1 35f365d67fc00000 0 0
1 1 1 c28fd4ebff800000 0 0
1 1 1 436611567fc00000 0 0
1 1 1 3da188ed7f800000 0 0
1 1 1 4b852e257f800000 0 0
1 1 1 c82a6b307fc00000 0 0
1 1 1 4c93ee0eff800000 0 0
1 1 1 c26e82b87f800000 0 0
1 1 1 38f33b2d7f800000 0 0
1 1 1 43998b107f800000 0 0
1 1 1 3fb58a177f800000 0 0
1 1 1 3be030c57fc00000 0 0
1 1 1 43d12c277fc00000 0 0
1 1 1 be08d6c27fc00000 0 0
1 1 1 4b4de3067fc00000 0 0
1 1 1 4c2a24b27fc00000 0 0
1 1 1 4df2c44aff800000 0 0
1 1 1 3af226137f800000 0 0
1 1 1 be5352aaff800000 0 0
1 1 1 bd74b89eff800000 0 0
1 1 1 4cdaeadf7fc00000 0 0
1 1 1 3804602fff800000 0 0
1 1 1 37b6cd8e7f800000 0 0
1 1 1 418b05437f800000 0 0
1 1 1 c328ab277fc00000 0 0
1 1 1 bdd5f3b3ff800000 0 0
1 1 1 b96ee6d3ff800000 0 0
1 1 1 45ec8d11ff800000 0 0
1 1 1 46a52f1f7f800000 0 0
1 1 1 b722b4b77f800000 0 0
1 1 1 354293efff800000 0 0
1 1 1 c98e59af7f800000 0 0
1 1 1 b56119d4ff800000 0 0
1 1 1 c32b92a87fc00000 0 0
1 1 1 4e82c29fff800000 0 0
1 1 1 3d623e037f800000 0 0
1 1 1 c8b1a98f7fc00000 0 0
1 1 1 4c7987107fc00000 0 0
1 1 1 3ce172067f800000 0 0
1 1 1 3faa8fdc7fc00000 0 0
1 1 1 3088acd17f800000 0 0
1 1 1 4e43eff4ff800000 0 0
1 1 1 cac1e988ff800000 0 0
1 1 1 46cdf0f2ff800000 0 0
1 1 1 c2b0bc9fff800000 0 0
1 1 1 37aacd32ff800000 0 0
1 1 1 362ceb6cff800000 0 0
1 1 1 3f19944e7f800000 0 0
1 1 1 b8a0e7ce7fc00000 0 0
1 1 1 43c537e8ff800000 0 0
1 1 1 b6d7aacfff800000 0 0
1 1 1 4ce315bf7fc00000 0 0
1 1 1 b09db6ed7f800000 0 0
1 1 1 497e002d7fc00000 0 0
1 1 1 b5de7eb87f800000 0 0
1 1 1 bf53365a7f800000 0 0
1 1 1 c9d0e3f5ff800000 0 0
1 1 1 b1216f1b7f800000 0 0
1 1 1 38120a59ff800000 0 0
1 1 1 c7c0d828ff800000 0 0
1 1 1 4054d6f0ff800000 0 0
1 1 1 33189d1cff800000 0 0
1 1 1 345a3ce3ff800000 0 0
1 1 1 beafd86c7fc00000 0 0
1 1 1 3353fe3b7f800000 0 0
1 1 1 4b3ce35d7fc00000 0 0
1 1 1 3f222a24ff800000 0 0
1 1 1 bac14cb27fc00000 0 0
1 1 1 b554a5ee7fc00000 0 0
1 1 1 3df8facc7fc00000 0 0
1 1 1 4068eb687fc00000 0 0
1 1 1 bad58ce3ff800000 0 0
1 1 1 c7e1a623ff800000 0 0
1 1 1 bbe1d2407fc00000 0 0
1 1 1 476776b97fc00000 0 0
1 1 1 3378782cff800000 0 0
1 1 1 3ffe72aaff800000 0 0
1 1 1 b2daa6817f800000 0 0
1 1 1 3e7b5a8e7fc00000 0 0
1 1 1 3ea6f8437fc00000 0 0
1 1 1 3cd3d7267fc00000 0 0
1 1 1 3bf373af7f800000 0 0
1 1 1 43dcf6297fc00000 0 0
1 1 1 b36c63427f800000 0 0
1 1 1 375cee367f800000 0 0
1 1 1 4d3a1afcff800000 0 0
1 1 1 bc66a7577f800000 0 0
1 1 1 4c4d94b77fc00000 0 0
1 1 1 35cc4bf67fc00000 0 0
1 1 1 4aa384997f800000 0 0
1 1 1 b2cff16fff800000 0 0
1 1 1 be5f1a6f7fc00000 0 0
1 1 1 3c3bb6ca7fc00000 0 0
1 1 1 b0c6e39fff800000 0 0
1 1 1 bcd40615ff800000 0 0
1 1 1 b76d4411ff800000 0 0
1 1 1 46724dc37fc00000 0 0
1 1 1 3c7a05f27fc00000 0 0
1 1 1 4e6ed5d37fc00000 0 0
1 1 1 c0f93cb3ff800000 0 0
1 1 1 36ddf5727f800000 0 0
1 1 1 380be2b9ff800000 0 0
1 1 1 41b439b7ff800000 0 0
1 1 1 47de03e07f800000 0 0
1 1 1 c49d0221ff800000 0 0
1 1 1 4bfe1c337fc00000 0 0
1 1 1 3c3e0c617fc00000 0 0
1 1 1 c5a5f3baff800000 0 0
1 1 1 c9d723a47fc00000 0 0
1 1 1 31f8a1237f800000 0 0
1 1 1 340d37837fc00000 0 0
1 1 1 3565a6517fc00000 0 0
1 1 1 42e83bab7f800000 0 0
1 1 1 bfaafaf97fc00000 0 0
1 1 1 4dd59b6b7f800000 0 0
1 1 1 b46fe94dff800000 0 0
1 1 1 4a98b39e7f800000 0 0
1 1 1 cbcf67dd7fc00000 0 0
1 1 1 b492c6ba7f800000 0 0
1 1 1 45507b087fc00000 0 0
1 1 1 32ad63e0ff800000 0 0
1 1 1 4397e8ccff800000 0 0
1 1 1 c8732fc47fc00000 0 0
1 1 1 335dfb1f7fc00000 0 0
1 1 1 bf1c4bae7fc00000 0 0
1 1 1 4da341977f800000 0 0
1 1 1 c76e4fa17f800000 0 0
1 1 1 4a5065e17f800000 0 0
1 1 1 bfdafcb1ff800000 0 0
1 1 1 4357e7dd7fc00000 0 0
1 1 1 46303b0e7fc00000 0 0
1 1 1 4c7b1b01ff800000 0 0
1 1 1 4082e4fa7f800000 0 0
1 1 1 41ac39237f800000 0 0
1 1 1 30e7c2c77fc00000 0 0
1 1 1 4ec295077fc00000 0 0
1 1 1 c63b34547f800000 0 0
1 1 1 3e90b0bd7fc00000 0 0
1 1 1 c473a90fff800000 0 0
1 1 1 bda96fba7fc00000 0 0
1 1 1 400166b97fc00000 0 0
1 1 1 4b88961eff800000 0 0
1 1 1 c2f00103ff800000 0 0
1 1 1 c6264e227f800000 0 0
1 1 1 44a8ddd9ff800000 0 0
1 1 1 cecb7c8a7fc00000 0 0
1 1 1 310f7dbe7f800000 0 0
1 1 1 bf2d2b777fc00000 0 0
1 1 1 30ec51467f800000 0 0
1 1 1 c6683da37fc00000 0 0
1 1 1 c9ee71fb7f800000 0 0
1 1 1 34a7076e7fc00000 0 0
1 1 1 441ef4b87fc00000 0 0
1 1 1 c0632c75ff800000 0 0
1 1 1 cc0b01897f800000 0 0
1 1 1 ccbaf22d7f800000 0 0
1 1 1 4a063b2a7fc00000 0 0
1 1 1 ca6db841ff800000 0 0
1 1 1 c11e7fbd7fc00000 0 0
1 1 1 ce2ba2237f800000 0 0
1 1 1 ce3ba3377fc00000 0 0
1 1 1 bfa64b027fc00000 0 0
1 1 1 392d5a317fc00000 0 0
1 1 1 4dc5f5fdff800000 0 0
1 1 1 435a590cff800000 0 0
1 1 1 314c45377f800000 0 0
1 1 1 427b81e27f800000 0 0
1 1 1 317ba614ff800000 0 0
1 1 1 c045d4d67fc00000 0 0
1 1 1 c7b5d5127fc00000 0 0
1 1 1 b3cb02337fc00000 0 0
1 1 1 41b71a687fc00000 0 0
1 1 1 c1c660117fc00000 0 0
1 1 1 47b4471b7f800000 0 0
1 1 1 436d73437fc00000 0 0
1 1 1 44ea9d67ff800000 0 0
1 1 1 b45f00607fc00000 0 0
1 1 1 34112ccfff800000 0 0
1 1 1 4df4340c7f800000 0 0
1 1 1 ccbe29897f800000 0 0
1 1 1 413f72817fc00000 0 0
1 1 1 b6f08e0d7fc00000 0 0
1 1 1 bef0c6e07fc00000 0 0
1 1 1 bd0d214cff800000 0 0
1 1 1 4bfb6b237f800000 0 0
1 1 1 34b59de0ff800000 0 0
1 1 1 456fb1c77f800000 0 0
1 1 1 49d9cf6dff800000 0 0
1 1 1 3cb0a3c87f800000 0 0
1 1 1 4179d580ff800000 0 0
1 1 1 be7133907f800000 0 0
1 1 1 46a073977f800000 0 0
1 1 1 3f67cd1c7fc00000 0 0
1 1 1 3ad8a8317f800000 0 0
1 1 1 c63ee21d7fc00000 0 0
1 1 1 31a10cc37fc00000 0 0
1 1 1 3ca817ceff800000 0 0
1 1 1 b3c62c5aff800000 0 0
1 1 1 3a94b5487fc00000 0 0
1 1 1 c955ed537f800000 0 0
1 1 1 3ad3b7ceff800000 0 0
1 1 1 3b8482c87f800000 0 0
1 1 1 b2191f1c7fc00000 0 0
1 1 1 b5b77919ff800000 0 0
1 1 1 3cea5f09ff800000 0 0
1 1 1 46c6e2c57f800000 0 0
1 1 1 48ed8bf57fc00000 0 0
1 1 1 3fb3cb54ff800000 0 0
1 1 1 3d7e9e19ff800000 0 0
1 1 1 bc0a927cff800000 0 0
1 1 1 c1f9b0a07f800000 0 0
1 1 1 38848d0f7fc00000 0 0
1 1 1 b6aa2a947f800000 0 0
1 1 1 be7a719a7fc00000 0 0
1 1 1 36ce66b37fc00000 0 0
1 1 1 38f60d3d7fc00000 0 0
1 1 1 c76bde8dff800000 0 0
1 1 1 ce925d89ff800000 0 0
1 1 1 3b6cb5807fc00000 0 0
1 1 1 4cb126787fc00000 0 0
1 1 1 32663be27f800000 0 0
1 1 1 34c4089e7f800000 0 0
1 1 1 370ece65ff800000 0 0
1 1 1 b9ae16c5ff800000 0 0
1 1 1 b944d164ff800000 0 0
1 1 1 337e902c7f800000 0 0
1 1 1 b177bff87f800000 0 0
1 1 1 3d583427ff800000 0 0
1 1 1 4afcf93e7f800000 0 0
1 1 1 c6576e2e7fc00000 0 0
1 1 1 be5f43fbff800000 0 0
1 1 1 b1c38df77f800000 0 0
1 1 1 ba0d2cc17f800000 0 0
1 1 1 475eadfe7f800000 0 0
1 1 1 4b64d1b2ff800000 0 0
1 1 1 4ac17095ff800000 0 0
1 1 1 bb261b307f800000 0 0
1 1 1 c0305dcd7f800000 0 0
1 1 1 ca856722ff800000 0 0
1 1 1 c3a54b377f800000 0 0
1 1 1 cbb4a4567fc00000 0 0
1 1 1 3cb7fae17fc00000 0 0
1 1 1 c12353087f800000 0 0
1 1 1 36df33097fc00000 0 0
1 1 1 cc7f617a7f800000 0 0
1 1 1 bc31ad537f800000 0 0
1 1 1 bc41c14b7fc00000 0 0
1 1 1 bd2a628a7f800000 0 0
1 1 1 31f98b577fc00000 0 0
1 1 1 cead9ea37f800000 0 0
1 1 1 c13ec36c7f800000 0 0
1 1 1 c4a7fe7fff800000 0 0
1 1 1 42519f26ff800000 0 0
1 1 1 b08f185f7fc00000 0 0
1 1 1 c8bbd393ff800000 0 0
1 1 1 3bfecf197f800000 0 0
1 1 1 479841247f800000 0 0
1 1 1 bc8f6699ff800000 0 0
1 1 1 4b2f6067ff800000 0 0
1 1 1 cdfcbf5e7fc00000 0 0
1 1 1 b7135481ff800000 0 0
1 1 1 36f6303fff800000 0 0
1 1 1 c1ec0e5fff800000 0 0
1 1 1 b13d84637f800000 0 0
1 1 1 b48e40a0ff800000 0 0
1 1 1 bdeef8747fc00000 0 0
1 1 1 4785defa7f800000 0 0
1 1 1 30c5148b7f800000 0 0
1 1 1 3a65903c7fc00000 0 0
1 1 1 358a1fcc7fc00000 0 0
1 1 1 3e96355f7fc00000 0 0
1 1 1 b9d0397f7fc00000 0 0
1 1 1 38c3036e7fc00000 0 0
1 1 1 b84afc6b7f800000 0 0
1 1 1 b15df4edff800000 0 0
1 1 1 338d510dff800000 0 0
1 1 1 c91e61fe7f800000 0 0
1 1 1 bb3e40a27f800000 0 0
1 1 1 bd2ffcf9ff800000 0 0
1 1 1 4e22e8e07fc00000 0 0
1 1 1 3a9fd45e7fc00000 0 0
1 1 1 c8659b30ff800000 0 0
1 1 1 b79a5291ff800000 0 0
1 1 1 4e23206d7fc00000 0 0
1 1 1 468a6eb97f800000 0 0
1 1 1 cb5ceb25ff800000 0 0
1 1 1 33cd8f3dff800000 0 0
1 1 1 483d98927fc00000 0 0
1 1 1 cd1052c0ff800000 0 0
1 1 1 ba8a8e487f800000 0 0
1 1 1 c2027ed07f800000 0 0
1 1 1 cc3c5bd57f800000 0 0
1 1 1 400612bcff800000 0 0
1 1 1 bdfa56f2ff800000 0 0
1 1 1 b11e5edcff800000 0 0
1 1 1 c207223bff800000 0 0
1 1 1 3fca57a07fc00000 0 0
1 1 1 466e08127fc00000 0 0
1 1 1 bac22ae27fc00000 0 0
1 1 1 31e8463dff800000 0 0
1 1 1 49ad35ccff800000 0 0
1 1 1 cdb83f177f800000 0 0
1 1 1 b7d355017fc00000 0 0
1 1 1 41459a12ff800000 0 0
1 1 1 b0b05d947f800000 0 0
1 1 1 b6b13c3c7fc00000 0 0
1 1 1 bbcfc55f7fc00000 0 0
1 1 1 3299e2e5ff800000 0 0
1 1 1 4070d64fff800000 0 0
1 1 1 43a613447fc00000 0 0
1 1 1 b12cb2b37f800000 0 0
1 1 1 cecdad5a7fc00000 0 0
1 1 1 beefcc4bff800000 0 0
1 1 1 3be3e85dff800000 0 0
1 1 1 31a12933ff800000 0 0
1 1 1 3c2332f77fc00000 0 0
1 1 1 4d7ca0ff7fc00000 0 0
1 1 1 36b6a143ff800000 0 0
1 1 1 3761856fff800000 0 0
1 1 1 33a1f947ff800000 0 0
1 1 1 c7d2151cff800000 0 0
1 1 1 4e3f1374ff800000 0 0
1 1 1 c34f24f37f800000 0 0
1 1 1 34baed7bff800000 0 0
1 1 1 3c4e053eff800000 0 0
1 1 1 3e6dcb387fc00000 0 0
1 1 1 c2e3d9ae7f800000 0 0
1 1 1 cdd96918ff800000 0 0
1 1 1 c6dc97a17fc00000 0 0
1 1 1 4ce7aba57f800000 0 0
1 1 1 3ceffdde7fc00000 0 0
1 1 1 32e352e27fc00000 0 0
1 1 1 3865c5d8ff800000 0 0
1 1 1 cc9e3b8fff800000 0 0
1 1 1 464171b17f800000 0 0
1 1 1 c5597dddff800000 0 0
1 1 1 bc2af5137f800000 0 0
1 1 1 c21dd741ff800000 0 0
1 1 1 baa4ade6ff800000 0 0
1 1 1 b842f4207fc00000 0 0
1 1 1 4b6401b0ff800000 0 0
1 1 1 3f8be9ddff800000 0 0
1 1 1 4bb4b8b57fc00000 0 0
1 1 1 c2a27a6f7fc00000 0 0
1 1 1 b3f2feb47f800000 0 0
1 1 1 c40632c9ff800000 0 0
1 1 1 b0e505e1ff800000 0 0
1 1 1 c89620f97f800000 0 0
1 1 1 4b9a1c5e7f800000 0 0
1 1 1 407e99a87f800000 0 0
1 1 1 cad6a8f9ff800000 0 0
1 1 1 bdd9bb9b7f800000 0 0
1 1 1 b4d4d409ff800000 0 0
1 1 1 37b88a417fc00000 0 0
1 1 1 394803217f800000 0 0
1 1 1 3eb5cdb17fc00000 0 0
1 1 1 479830da7fc00000 0 0
1 1 1 3c6d9f1b7f800000 0 0
1 1 1 c93f77c67fc00000 0 0
1 1 1 bc7d1d427f800000 0 0
1 1 1 c99373cbff800000 0 0
1 1 1 c571aa907f800000 0 0
1 1 1 34b2dbccff800000 0 0
1 1 1 b45bc9b97f800000 0 0
1 1 1 bb92d5fc7fc00000 0 0
1 1 1 c66a50cbff800000 0 0
1 1 1 45ed58127f800000 0 0
1 1 1 b8f4393e7fc00000 0 0
1 1 1 cd09ccee7fc00000 0 0
1 1 1 4c0fbcb27fc00000 0 0
1 1 1 4e8376c37f800000 0 0
1 1 1 421c805c7fc00000 0 0
1 1 1 3896832d7fc00000 0 0
1 1 1 cadbeae2ff800000 0 0
1 1 1 3d6a4056ff800000 0 0
1 1 1 c35505827fc00000 0 0
1 1 1 4436ff727f800000 0 0
1 1 1 b9a870f9ff800000 0 0
1 1 1 b55384d8ff800000 0 0
1 1 1 c6341953ff800000 0 0
1 1 1 b097c9c7ff800000 0 0
1 1 1 36395a877fc00000 0 0
1 1 1 3ef858f27f800000 0 0
1 1 1 b980a1797fc00000 0 0
1 1 1 329eb9ce7fc00000 0 0
1 1 1 c06b059f7fc00000 0 0
1 1 1 3ede83e77fc00000 0 0
1 1 1 c813d37dff800000 0 0
1 1 1 34afda717f800000 0 0
1 1 1 be111fdfff800000 0 0
1 1 1 402ab323ff800000 0 0
1 1 1 4bafc7dc7f800000 0 0
1 1 1 3d8c0b35ff800000 0 0
1 1 1 4144bc44ff800000 0 0
1 1 1 3a9505687f800000 0 0
1 1 1 b9c2ca667fc00000 0 0
1 1 1 35694441ff800000 0 0
1 1 1 371af4847f800000 0 0
1 1 1 425a90c1ff800000 0 0
1 1 1 b30eb2537f800000 0 0
1 1 1 c30bf7327f800000 0 0
1 1 1 bfea50ff7f800000 0 0
1 1 1 4370d61c7fc00000 0 0
1 1 1 c47f27f97f800000 0 0
1 1 1 342cbb677f800000 0 0
1 1 1 421ec3cb7f800000 0 0
1 1 1 b41fe097ff800000 0 0
1 1 1 b4002c247f800000 0 0
1 1 1 4e95f820ff800000 0 0
1 1 1 b4699a78ff800000 0 0
1 1 1 496289feff800000 0 0
1 1 1 cce27aa5ff800000 0 0
1 1 1 3bbee91d7fc00000 0 0
1 1 1 c6b6781eff800000 0 0
1 1 1 3839b4537fc00000 0 0
1 1 1 c93cbadfff800000 0 0
1 1 1 3f83da737f800000 0 0
1 1 1 c3b74b457fc00000 0 0
1 1 1 b2a22b707f800000 0 0
1 1 1 3a56da5b7fc00000 0 0
1 1 1 3c94936d7fc00000 0 0
1 1 1 bfc921ae7f800000 0 0
1 1 1 be71f4ccff800000 0 0
1 1 1 b8b8e9d57fc00000 0 0
1 1 1 3ff82f437fc00000 0 0
1 1 1 4b60af1b7f800000 0 0
1 1 1 4c7efe3d7f800000 0 0
1 1 1 3be7e7db7f800000 0 0
1 1 1 422ff7237f800000 0 0
1 1 1 bf11f0547f800000 0 0
1 1 1 bb2a2fd77fc00000 0 0
1 1 1 c0dbd68b7fc00000 0 0
1 1 1 355044607fc00000 0 0
1 1 1 b2b8307d7f800000 0 0
1 1 1 b13c899a7fc00000 0 0
1 1 1 402a672fff800000 0 0
1 1 1 3e2d8cccff800000 0 0
1 1 1 4256fc417fc00000 0 0
1 1 1 bd6a52edff800000 0 0
1 1 1 c35a59cf7f800000 0 0
1 1 1 b66262777fc00000 0 0
1 1 1 4c4cedd57f800000 0 0
1 1 1 347c3f717fc00000 0 0
1 1 1 ba6117747fc00000 0 0
1 1 1 bbef7365ff800000 0 0
1 1 1 3993de64ff800000 0 0
1 1 1 33e58b707f800000 0 0
1 1 1 3a6c63d97fc00000 0 0
1 1 1 cbbc95b37f800000 0 0
1 1 1 bf033a8a7f800000 0 0
1 1 1 38c46c057fc00000 0 0
1 1 1 b6d8859a7f800000 0 0
1 1 1 484a3a587fc00000 0 0
1 1 1 b6108a34ff800000 0 0
1 1 1 ba4213127fc00000 0 0
1 1 1 cefcfdbfff800000 0 0
1 1 1 c2dd60e37fc00000 0 0
1 1 1 c5f2e4707fc00000 0 0
1 1 1 b9c77210ff800000 0 0
1 1 1 36a24c117f800000 0 0
1 1 1 b2dc0943ff800000 0 0
1 1 1 448b3631ff800000 0 0
1 1 1 4748f0fc7fc00000 0 0
1 1 1 bdb45ac87fc00000 0 0
1 1 1 4dfa290a7fc00000 0 0
1 1 1 b1497f577fc00000 0 0
1 1 1 b8ef5e1eff800000 0 0
1 1 1 b4c5cef67fc00000 0 0
1 1 1 3124e0e8ff800000 0 0
1 1 1 c836085e7f800000 0 0
1 1 1 4ca84dd67f800000 0 0
1 1 1 493524e9ff800000 0 0
1 1 1 49191a6f7f800000 0 0
1 1 1 bcf717f77fc00000 0 0
1 1 1 c52cc93b7fc00000 0 0
1 1 1 3d9cc5d3ff800000 0 0
1 1 1 be35f64c7f800000 0 0
1 1 1 3fcded4d7f800000 0 0
1 1 1 c53b887c7fc00000 0 0
1 1 1 381beb23ff800000 0 0
1 1 1 c54923a1ff800000 0 0
1 1 1 b2d587f97fc00000 0 0
1 1 1 48565d077f800000 0 0
1 1 1 34f3900f7fc00000 0 0
1 1 1 34bf1c97ff800000 0 0
1 1 1 be0696147fc00000 0 0
1 1 1 46f970e0ff800000 0 0
1 1 1 c61171feff800000 0 0
1 1 1 49145093ff800000 0 0
1 1 1 b1c6badeff800000 0 0
1 1 1 c9c3727fff800000 0 0
1 1 1 3de1a11eff800000 0 0
1 1 1 381b0aea7fc00000 0 0
1 1 1 380ea9ccff800000 0 0
1 1 1 c3283eb87f800000 0 0
1 1 1 bf72caca7f800000 0 0
1 1 1 b4363ab57f800000 0 0
1 1 1 ccdffe0c7f800000 0 0
1 1 1 475785eb7f800000 0 0
1 1 1 cee599e5ff800000 0 0
1 1 1 bccacf197f800000 0 0
1 1 1 ceb306087fc00000 0 0
1 1 1 c2c9fec97fc00000 0 0
1 1 1 468799587f800000 0 0
1 1 1 36add8beff800000 0 0
1 1 1 3e3600ae7fc00000 0 0
1 1 1 bd562cbe7f800000 0 0
1 1 1 451796d17fc00000 0 0
1 1 1 cba1a6f87fc00000 0 0
1 1 1 3d34a2587f800000 0 0
1 1 1 be16c38f7fc00000 0 0
1 1 1 3983db1eff800000 0 0
1 1 1 40d0d21e7f800000 0 0
1 1 1 45fee58b7f800000 0 0
1 1 1 bcd8a12f7fc00000 0 0
1 1 1 b88ace657fc00000 0 0
1 1 1 bc1fb3efff800000 0 0
1 1 1 cd203e3bff800000 0 0
1 1 1 b157badf7f800000 0 0
1 1 1 4b22b5577f800000 0 0
1 1 1 356ad4adff800000 0 0
1 1 1 46583a247f800000 0 0
1 1 1 c3e8ff097fc00000 0 0
1 1 1 c3ead6b67fc00000 0 0
1 1 1 b5ad44397f800000 0 0
1 1 1 404ea0477f800000 0 0
1 1 1 3af180847fc00000 0 0
1 1 1 496396de7f800000 0 0
1 1 1 4333d5a8ff800000 0 0
1 1 1 c1dc07d67fc00000 0 0
1 1 1 bd30be197fc00000 0 0
1 1 1 cd971a6d7f800000 0 0
1 1 1 b41a168cff800000 0 0
1 1 1 3f05cc657f800000 0 0
1 1 1 4031aecf7f800000 0 0
1 1 1 47de7a2fff800000 0 0
1 1 1 b580e79dff800000 0 0
1 1 1 b790c8367fc00000 0 0
1 1 1 44df6f28ff800000 0 0
1 1 1 464a581d7f800000 0 0
1 1 1 458251687f800000 0 0
1 1 1 375062907f800000 0 0
1 1 1 c60561c07f800000 0 0
1 1 1 3f72f0c07f800000 0 0
1 1 1 3774a905ff800000 0 0
1 1 1 44b55cff7fc00000 0 0
1 1 1 c7f01a62ff800000 0 0
1 1 1 c2ec11e77f800000 0 0
1 1 1 b4b0edd27f800000 0 0
1 1 1 3d6dd62b7fc00000 0 0
1 1 1 436603237f800000 0 0
1 1 1 b118ab7d7f800000 0 0
1 1 1 b52e1fd87f800000 0 0
1 1 1 3a1ca66fff800000 0 0
1 1 1 32c4ae3eff800000 0 0
1 1 1 bfeb19bd7fc00000 0 0
1 1 1 b195b5787fc00000 0 0
1 1 1 379033f0ff800000 0 0
1 1 1 b4f453a97f800000 0 0
1 1 1 bce38dea7f800000 0 0
1 1 1 c22c1d2b7f800000 0 0
1 1 1 413727e37f800000 0 0
1 1 1 453bc7c37f800000 0 0
1 1 1 beaf29c17f800000 0 0
1 1 1 4eb6c071ff800000 0 0
1 1 1 473fe2327fc00000 0 0
1 1 1 cb19b9897f800000 0 0
1 1 1 c9890e68ff800000 0 0
1 1 1 b17a532b7f800000 0 0
1 1 1 bb8918aaff800000 0 0
1 1 1 c878523b7f800000 0 0
1 1 1 b812c1ccff800000 0 0
1 1 1 30af45ab7fc00000 0 0
1 1 1 ce50a38c7fc00000 0 0
1 1 1 3aa03f0b7f800000 0 0
1 1 1 4976fc11ff800000 0 0
1 1 1 c370dff97f800000 0 0
1 1 1 3952133e7f800000 0 0
1 1 1 b830c2cf7fc00000 0 0
1 1 1 36a236fd7f800000 0 0
1 1 1 be4d81c2ff800000 0 0
1 1 1 bd2ba4757fc00000 0 0
1 1 1 3158db947f800000 0 0
1 1 1 46ef0e73ff800000 0 0
1 1 1 3100a78fff800000 0 0
1 1 1 3328faf2ff800000 0 0
1 1 1 367695f27fc00000 0 0
1 1 1 4d1224527f800000 0 0
1 1 1 bac72abb7fc00000 0 0
1 1 1 44347db9ff800000 0 0
1 1 1 3bbb7b167f800000 0 0
1 1 1 3f846ca97fc00000 0 0
1 1 1 be5af0b57fc00000 0 0
1 1 1 45e97aea7f800000 0 0
1 1 1 b3fb03c57f800000 0 0
1 1 1 c4fd9bf1ff800000 0 0
1 1 1 37471423ff800000 0 0
1 1 1 3b3c9ae87fc00000 0 0
1 1 1 ba2de9fcff800000 0 0
1 1 1 3a9d930d7f800000 0 0
1 1 1 bea21d447fc00000 0 0
1 1 1 431a82b27fc00000 0 0
1 1 1 bb6efd6eff800000 0 0
1 1 1 358fe1bf7fc00000 0 0
1 1 1 392837b27fc00000 0 0
1 1 1 4c459a2e7fc00000 0 0
1 1 1 ba7d59f3ff800000 0 0
1 1 1 4cfd54a87fc00000 0 0
1 1 1 412386f2ff800000 0 0
1 1 1 3423bc26ff800000 0 0
1 1 1 4d7ec1777f800000 0 0
1 1 1 319032007fc00000 0 0
1 1 1 48d924d9ff800000 0 0
1 1 1 32ab3c317fc00000 0 0
1 1 1 4313ab217f800000 0 0
1 1 1 3a0370377fc00000 0 0
1 1 1 33d7f63d7f800000 0 0
1 1 1 3196ee157fc00000 0 0
1 1 1 4d9f54e67f800000 0 0
1 1 1 bb09444aff800000 0 0
1 1 1 392243c77fc00000 0 0
1 1 1 45e84414ff800000 0 0
1 1 1 4794e74dff800000 0 0
1 1 1 37f2a7bcff800000 0 0
1 1 1 c558eae47fc00000 0 0
1 1 1 c7ceb3ff7fc00000 0 0
1 1 1 388a392b7f800000 0 0
1 1 1 bcd2a85c7f800000 0 0
1 1 1 cbf100bb7f800000 0 0
1 1 1 343d9855ff800000 0 0
1 1 1 c77aa57bff800000 0 0
1 1 1 b8f9ac077f800000 0 0
1 1 1 b1ee84757f800000 0 0
1 1 1 3105edc57f800000 0 0
1 1 1 b4077566ff800000 0 0
1 1 1 cc2e28f57fc00000 0 0
1 1 1 caae9664ff800000 0 0
1 1 1 b51ac61c7fc00000 0 0
1 1 1 46d377757f800000 0 0
1 1 1 48d4ffd0ff800000 0 0
1 1 1 b150d79dff800000 0 0
1 1 1 309a59607f800000 0 0
1 1 1 c04a2ca47f800000 0 0
1 1 1 bc1697c57fc00000 0 0
1 1 1 47100e62ff800000 0 0
1 1 1 4454f4c87f800000 0 0
1 1 1 4ae7adfe7f800000 0 0
1 1 1 b8db79337f800000 0 0
1 1 1 b94b92277f800000 0 0
1 1 1 3995bc8d7f800000 0 0
1 1 1 c2f03f73ff800000 0 0
1 1 1 c60b3a2f7f800000 0 0
1 1 1 4554f8e57f800000 0 0
1 1 1 36df9fe67f800000 0 0
1 1 1 472ceb7b7fc00000 0 0
1 1 1 4de74be3ff800000 0 0
1 1 1 bfd490847f800000 0 0
1 1 1 b6cf23a77f800000 0 0
1 1 1 4d29f3a1ff800000 0 0
1 1 1 35bb8b5d7f800000 0 0
1 1 1 46c40b8c7f800000 0 0
1 1 1 396613477fc00000 0 0
1 1 1 b96cbe057fc00000 0 0
1 1 1 4474d667ff800000 0 0
1 1 1 b7ef54597fc00000 0 0
1 1 1 4d47893b7fc00000 0 0
1 1 1 b9754678ff800000 0 0
1 1 1 c8fb90017fc00000 0 0
1 1 1 bbcdd296ff800000 0 0
1 1 1 cb447839ff800000 0 0
1 1 1 c47a229dff800000 0 0
1 1 1 b5f3a5637f800000 0 0
1 1 1 c471ea7b7fc00000 0 0
1 1 1 c8d6ebec7fc00000 0 0
1 1 1 33d3714e7fc00000 0 0
1 1 1 320703d6ff800000 0 0
1 1 1 b4fd55da7f800000 0 0
1 1 1 4944acf9ff800000 0 0
1 1 1 3bc766b8ff800000 0 0
1 1 1 318f03e87f800000 0 0
1 1 1 3e4a3edaff800000 0 0
1 1 1 47150496ff800000 0 0
1 1 1 b98598d47fc00000 0 0
1 1 1 cc263fae7f800000 0 0
1 1 1 3be9201e7fc00000 0 0
1 1 1 30d859797fc00000 0 0
1 1 1 370d1e777f800000 0 0
1 1 1 ce8729dd7f800000 0 0
1 1 1 46c222217fc00000 0 0
1 1 1 b388250c7f800000 0 0
1 1 1 395f016d7fc00000 0 0
1 1 1 4671e4687fc00000 0 0
1 1 1 3ae3270b7f800000 0 0
1 1 1 49f9a5ee7f800000 0 0
1 1 1 449bcb277fc00000 0 0
1 1 1 c60fae0a7fc00000 0 0
1 1 1 4ddb2cdc7f800000 0 0
1 1 1 4cb32205ff800000 0 0
1 1 1 b69016f4ff800000 0 0
1 1 1 39c4cafeff800000 0 0
1 1 1 384330587f800000 0 0
1 1 1 38cdb06c7f800000 0 0
1 1 1 41e57e177f800000 0 0
1 1 1 b9cec53d7f800000 0 0
1 1 1 3f3a75cb7fc00000 0 0
1 1 1 3a229bcf7f800000 0 0
1 1 1 b981d5ffff800000 0 0
1 1 1 c68e39167f800000 0 0
1 1 1 c14545ddff800000 0 0
1 1 1 3e8c1099ff800000 0 0
1 1 1 b7ccaf997f800000 0 0
1 1 1 3cd9447a7f800000 0 0
1 1 1 bb4ae7797fc00000 0 0
1 1 1 c45387807f800000 0 0
1 1 1 3cf5a33b7f800000 0 0
1 1 1 3c668399ff800000 0 0
1 1 1 3fab88a67f800000 0 0
1 1 1 3e1f8129ff800000 0 0
1 1 1 48e6ab67ff800000 0 0
1 1 1 3f8135b5ff800000 0 0
1 1 1 ce1e7375ff800000 0 0
1 1 1 b6c781a67f800000 0 0
1 1 1 4000ba9b7f800000 0 0
1 1 1 45ebb5cdff800000 0 0
1 1 1 be1a4f327fc00000 0 0
1 1 1 b3caabe8ff800000 0 0
1 1 1 bb60e2c67f800000 0 0
1 1 1 be2a93f17fc00000 0 0
1 1 1 cc4c26c97fc00000 0 0
1 1 1 b30bcda0ff800000 0 0
1 1 1 bb6f284f7fc00000 0 0
1 1 1 4be4ad72ff800000 0 0
1 1 1 3cb206a0ff800000 0 0
1 1 1 b899d2a77fc00000 0 0
1 1 1 bc75c9837fc00000 0 0
1 1 1 c4d0e36e7fc00000 0 0
1 1 1 3806f6e47fc00000 0 0
1 1 1 ba7293e8ff800000 0 0
1 1 1 4be5b50d7f800000 0 0
1 1 1 c9942d197fc00000 0 0
1 1 1 b0ecf06f7f800000 0 0
1 1 1 47f7dc3bff800000 0 0
1 1 1 42bc80a6ff800000 0 0
1 1 1 33caabf17f800000 0 0
1 1 1 c290999eff800000 0 0
1 1 1 bd97f9bbff800000 0 0
1 1 1 cb6e780dff800000 0 0
1 1 1 b322b8697f800000 0 0
1 1 1 bb1b9b70ff800000 0 0
1 1 1 b0f3cb82ff800000 0 0
1 1 1 c11fba927fc00000 0 0
1 1 1 3f6379657f800000 0 0
1 1 1 4b6777e1ff800000 0 0
1 1 1 47d282177fc00000 0 0
1 1 1 ccef9f257f800000 0 0
1 1 1 cb756591ff800000 0 0
1 1 1 34efde897fc00000 0 0
1 1 1 3ee36045ff800000 0 0
1 1 1 391e87e27fc00000 0 0
1 1 1 cac7a8ebff800000 0 0
1 1 1 bfebfe8d7f800000 0 0
1 1 1 4c828933ff800000 0 0
1 1 1 b98c2c7c7f800000 0 0
1 1 1 3cd0235f7fc00000 0 0
1 1 1 c028d1407f800000 0 0
1 1 1 338d2c5f7f800000 0 0
1 1 1 b22ea7abff800000 0 0
1 1 1 4e43410bff800000 0 0
1 1 1 bf442f027f800000 0 0
1 1 1 b195e5d07f800000 0 0
1 1 1 3421461d7fc00000 0 0
1 1 1 37f15e96ff800000 0 0
1 1 1 42109c907fc00000 0 0
1 1 1 4975ec067f800000 0 0
1 1 1 c57ee9ba7f800000 0 0
1 1 1 b394592e7f800000 0 0
1 1 1 44a960a77fc00000 0 0
1 1 1 c0e7dcebff800000 0 0
1 1 1 cdb8f41d7fc00000 0 0
1 1 1 cc090f867f800000 0 0
1 1 1 4db060d27fc00000 0 0
1 1 1 3cc6aa347f800000 0 0
1 1 1 3d7fb789ff800000 0 0
1 1 1 4e83bd6a7f800000 0 0
1 1 1 cecdcf7e7fc00000 0 0
1 1 1 4b4d0aad7fc00000 0 0
1 1 1 3edbe02aff800000 0 0
1 1 1 3851fd637f800000 0 0
1 1 1 c22603977f800000 0 0
1 1 1 c420497b7fc00000 0 0
1 1 1 c9a135107f800000 0 0
1 1 1 bb684ca6ff800000 0 0
1 1 1 c71935a3ff800000 0 0
1 1 1 45a76b6e7fc00000 0 0
1 1 1 c7a85c78ff800000 0 0
1 1 1 31184deaff800000 0 0
1 1 1 ba9ccc587f800000 0 0
1 1 1 bf77189bff800000 0 0
1 1 1 325c218aff800000 0 0
1 1 1 b0e902bd7fc00000 0 0
1 1 1 4b28017b7fc00000 0 0
1 1 1 b353513a7f800000 0 0
1 1 1 b866bcc77f800000 0 0
1 1 1 c202099b7f800000 0 0
1 1 1 4c06ac717fc00000 0 0
1 1 1 b49eaeb87fc00000 0 0
1 1 1 ce587cfb7fc00000 0 0
1 1 1 4ba4f45dff800000 0 0
1 1 1 c0c406537f800000 0 0
1 1 1 b5b00419ff800000 0 0
1 1 1 4a328e59ff800000 0 0
1 1 1 423aa3767fc00000 0 0
1 1 1 bd1c05e37fc00000 0 0
1 1 1 4c3ae940ff800000 0 0
1 1 1 c5cbf6907fc00000 0 0
1 1 1 4080d9c27f800000 0 0
1 1 1 3d90b2f07fc00000 0 0
1 1 1 4290aa107f800000 0 0
1 1 1 4229dd187f800000 0 0
1 1 1 b3c581ea7f800000 0 0
1 1 1 b65e68c77fc00000 0 0
1 1 1 baa5f8d37fc00000 0 0
1 1 1 b9a6bcb57f800000 0 0
1 1 1 b86c24ebff800000 0 0
1 1 1 c66353b8ff800000 0 0
1 1 1 c1f4d61c7fc00000 0 0
1 1 1 c90092ceff800000 0 0
1 1 1 4ba94ed57fc00000 0 0
1 1 1 4ee20d9c7f800000 0 0
1 1 1 4d6131677f800000 0 0
1 1 1 b2e761b77fc00000 0 0
1 1 1 36dfc8d57fc00000 0 0
1 1 1 4a46eff27f800000 0 0
1 1 1 4a7e70927f800000 0 0
1 1 1 c283e8cf7f800000 0 0
1 1 1 cd9552637f800000 0 0
1 1 1 3e78ed197f800000 0 0
1 1 1 36df9f6c7f800000 0 0
1 1 1 3457a10e7f800000 0 0
1 1 1 32c6aae0ff800000 0 0
1 1 1 b5625d9c7fc00000 0 0
1 1 1 b9d3c5ad7fc00000 0 0
1 1 1 c632da957f800000 0 0
1 1 1 b2c93101ff800000 0 0
1 1 1 4634cf91ff800000 0 0
1 1 1 cb0802bb7f800000 0 0
1 1 1 3dc20fc57f800000 0 0
1 1 1 45c8277c7fc00000 0 0
1 1 1 32193a057fc00000 0 0
1 1 1 49b242e8ff800000 0 0
1 1 1 ba0eb8c47f800000 0 0
1 1 1 40a2bf957f800000 0 0
1 1 1 33e31a4e7fc00000 0 0
1 1 1 4066dd317f800000 0 0
1 1 1 4d9efd15ff800000 0 0
1 1 1 cac6cd1c7fc00000 0 0
1 1 1 bd749a2d7fc00000 0 0
1 1 1 cc8318377fc00000 0 0
1 1 1 c5835c83ff800000 0 0
1 1 1 b7be82c2ff800000 0 0
1 1 1 cb8a02047fc00000 0 0
1 1 1 4e4ecda6ff800000 0 0
1 1 1 33fae2247fc00000 0 0
1 1 1 3e9540b87f800000 0 0
1 1 1 c76199d87f800000 0 0
1 1 1 bce9b1377fc00000 0 0
1 1 1 bbff17eaff800000 0 0
1 1 1 b089d5da7fc00000 0 0
1 1 1 4ba4b5d37f800000 0 0
1 1 1 b9e395a97f800000 0 0
1 1 1 3cd0b5337fc00000 0 0
1 1 1 b31d2a217fc00000 0 0
1 1 1 3cac2342ff800000 0 0
1 1 1 3f505cc0ff800000 0 0
1 1 1 b7a970877f800000 0 0
1 1 1 b3ddb306ff800000 0 0
1 1 1 bff5fd997fc00000 0 0
1 1 1 b3feb54d7fc00000 0 0
1 1 1 358db754ff800000 0 0
1 1 1 47d9431bff800000 0 0
1 1 1 b8cc8579ff800000 0 0
1 1 1 bddae9fbff800000 0 0
1 1 1 b0a535437f800000 0 0
1 1 1 38c31fd67fc00000 0 0
1 1 1 c751202eff800000 0 0
1 1 1 cd0f2a64ff800000 0 0
1 1 1 c6e4ef537f800000 0 0
1 1 1 c1ab66667f800000 0 0
1 1 1 c7bda6497f800000 0 0
1 1 1 ccf903987f800000 0 0
1 1 1 3b31da167fc00000 0 0
1 1 1 477677997f800000 0 0
1 1 1 cced6c60ff800000 0 0
1 1 1 b5bc696d7fc00000 0 0
1 1 1 c7673713ff800000 0 0
1 1 1 c675d719ff800000 0 0
1 1 1 32f37f277fc00000 0 0
1 1 1 397e1e287fc00000 0 0
1 1 1 cd3f6b5cff800000 0 0
1 1 1 c6a50f857f800000 0 0
1 1 1 b6f589747fc00000 0 0
1 1 1 32491e017fc00000 0 0
1 1 1 476fec6aff800000 0 0
1 1 1 cef676e67fc00000 0 0
1 1 1 3e19ebb1ff800000 0 0
1 1 1 b6633fed7fc00000 0 0
1 1 1 4df313057f800000 0 0
1 1 1 445e3f837f800000 0 0
1 1 1 b118692aff800000 0 0
1 1 1 49c7f1b2ff800000 0 0
1 1 1 b3e88a7b7f800000 0 0
1 1 1 4037bb4d7fc00000 0 0
1 1 1 3989ebe1ff800000 0 0
1 1 1 bf81311f7f800000 0 0
1 1 1 4659cdbbff800000 0 0
1 1 1 3fbfe6587fc00000 0 0
1 1 1 49d65060ff800000 0 0
1 1 1 406f3fb6ff800000 0 0
1 1 1 cdbecdc57f800000 0 0
1 1 1 35d4f9587fc00000 0 0
1 1 1 4c431de1ff800000 0 0
1 1 1 30b4a6ffff800000 0 0
1 1 1 35abfaadff800000 0 0
1 1 1 bc4fcc377f800000 0 0
1 1 1 4a66c9c37fc00000 0 0
1 1 1 456486837fc00000 0 0
1 1 1 4dc3588f7fc00000 0 0
1 1 1 b82b6794ff800000 0 0
1 1 1 338abb9e7fc00000 0 0
1 1 1 38dceeb07fc00000 0 0
1 1 1 bcc56f7eff800000 0 0
1 1 1 4a2265577f800000 0 0
1 1 1 cb130b417f800000 0 0
1 1 1 c75523827fc00000 0 0
1 1 1 ca0bc662ff800000 0 0
1 1 1 4170cc3a7fc00000 0 0
1 1 1 4c22da437f800000 0 0
1 1 1 cb3b9d2b7fc00000 0 0
1 1 1 c7f020beff800000 0 0
1 1 1 407ea74b7fc00000 0 0
1 1 1 4cae6008ff800000 0 0
1 1 1 c03c80c37f800000 0 0
1 1 1 b8e6d2477f800000 0 0
1 1 1 4644de517f800000 0 0
1 1 1 b2d1b30d7f800000 0 0
1 1 1 31a42e4fff800000 0 0
1 1 1 b7e090adff800000 0 0
1 1 1 c6b1abba7fc00000 0 0
1 1 1 35caf57e7f800000 0 0
1 1 1 4659ca837f800000 0 0
1 1 1 35bb5d727f800000 0 0
1 1 1 3af085ac7f800000 0 0
1 1 1 4e6feeecff800000 0 0
1 1 1 b6cffb437fc00000 0 0
1 1 1 c82efcd77f800000 0 0
1 1 1 b44570e77f800000 0 0
1 1 1 40e32ca8ff800000 0 0
1 1 1 3aea892dff800000 0 0
1 1 1 c7dda18c7fc00000 0 0
1 1 1 b2b8c2fc7f800000 0 0
1 1 1 cef8e82d7fc00000 0 0
1 1 1 ccb24093ff800000 0 0
1 1 1 361f6cb07f800000 0 0
1 1 1 cd4c02cfff800000 0 0
1 1 1 c80526f47fc00000 0 0
1 1 1 466d65a67fc00000 0 0
1 1 1 b7c44e7fff800000 0 0
1 1 1 ce7a43ff7f800000 0 0
1 1 1 b282fb1bff800000 0 0
1 1 1 cc8adb747f800000 0 0
1 1 1 b56f70a9ff800000 0 0
1 1 1 31931f92ff800000 0 0
1 1 1 3ba99f1cff800000 0 0
1 1 1 b8b9cc607fc00000 0 0
1 1 1 3d2e6eda7fc00000 0 0
1 1 1 43e2e3edff800000 0 0
1 1 1 3bf626f6ff800000 0 0
1 1 1 b8f1c31a7fc00000 0 0
1 1 1 cc615ab67f800000 0 0
1 1 1 3ca59cea7f800000 0 0
1 1 1 b116e04f7f800000 0 0
1 1 1 b5158649ff800000 0 0
1 1 1 b1603c897fc00000 0 0
1 1 1 b6f26db4ff800000 0 0
1 1 1 cb55162b7fc00000 0 0
1 1 1 bd947e7d7f800000 0 0
1 1 1 35dbf5caff800000 0 0
1 1 1 4367d487ff800000 0 0
1 1 1 4cbbf0ff7f800000 0 0
1 1 1 c6d7165c7f800000 0 0
1 1 1 bc4fb3de7f800000 0 0
1 1 1 b3a582c97f800000 0 0
1 1 1 bb30346f7fc00000 0 0
1 1 1 39568b94ff800000 0 0
1 1 1 4df529a37f800000 0 0
1 1 1 c6f7a4a3ff800000 0 0
1 1 1 41fe21397f800000 0 0
1 1 1 cbb2e93fff800000 0 0
1 1 1 cb370b137fc00000 0 0
1 1 1 b198a5877fc00000 0 0
1 1 1 3174dd22ff800000 0 0
1 1 1 b944fd4b7f800000 0 0
1 1 1 b58bf2bd7fc00000 0 0
1 1 1 464f2a467f800000 0 0
1 1 1 47b549077f800000 0 0
1 1 1 3b0111627f800000 0 0
1 1 1 488a65657fc00000 0 0
1 1 1 4cdbb689ff800000 0 0
1 1 1 363bebd4ff800000 0 0
1 1 1 4cce5dc4ff800000 0 0
1 1 1 baccddfaff800000 0 0
1 1 1 b75d03e57fc00000 0 0
1 1 1 34b8d306ff800000 0 0
1 1 1 b5bafcaf7f800000 0 0
1 1 1 30f8969aff800000 0 0
1 1 1 32e61a8d7fc00000 0 0
1 1 1 b1b39df67fc00000 0 0
1 1 1 bcf25fe87fc00000 0 0
1 1 1 c9ff9a017f800000 0 0
1 1 1 4dda8f477fc00000 0 0
1 1 1 b980ebbf7f800000 0 0
1 1 1 b22933ea7f800000 0 0
1 1 1 4de63712ff800000 0 0
1 1 1 3d5b54ed7fc00000 0 0
1 1 1 4dc365aeff800000 0 0
1 1 1 4ed7ddb0ff800000 0 0
1 1 1 be7bc9407fc00000 0 0
1 1 1 42aa90467f800000 0 0
1 1 1 3bd9d5e1ff800000 0 0
1 1 1 ca18f576ff800000 0 0
1 1 1 42ff78857f800000 0 0
1 1 1 c8a267497fc00000 0 0
1 1 1 4263303aff800000 0 0
1 1 1 b3151b667f800000 0 0
1 1 1 3c019e51ff800000 0 0
1 1 1 30da4e817f800000 0 0
1 1 1 bd848c727fc00000 0 0
1 1 1 31520e887f800000 0 0
1 1 1 b0f58a987f800000 0 0
1 1 1 cd685fb9ff800000 0 0
1 1 1 382fd4197fc00000 0 0
1 1 1 b42fd5ee7f800000 0 0
1 1 1 beb7206d7f800000 0 0
1 1 1 bb7ffc547fc00000 0 0
1 1 1 cd8b80817fc00000 0 0
1 1 1 ceccce7e7f800000 0 0
1 1 1 c5548a747fc00000 0 0
1 1 1 c446a35a7fc00000 0 0
1 1 1 b6298c6a7f800000 0 0
1 1 1 be8b91207f800000 0 0
1 1 1 b1d2469c7f800000 0 0
1 1 1 ce929fe8ff800000 0 0
1 1 1 3a94486c7fc00000 0 0
1 1 1 c14928747f800000 0 0
1 1 1 c015d65b7f800000 0 0
1 1 1 3902f32c7fc00000 0 0
1 1 1 4551ce587fc00000 0 0
1 1 1 bb6bc13e7fc00000 0 0
1 1 1 340ed30c7f800000 0 0
1 1 1 3bebcc3b7f800000 0 0
1 1 1 bd4df6687fc00000 0 0
1 1 1 cea4eeda7f800000 0 0
1 1 1 c38600ae7f800000 0 0
1 1 1 b2a4308c7f800000 0 0
1 1 1 c7d4350c7f800000 0 0
1 1 1 3a99292fff800000 0 0
1 1 1 3ba8d7bb7f800000 0 0
1 1 1 35a8c0d1ff800000 0 0
1 1 1 4c3b2ca37fc00000 0 0
1 1 1 b1d7bf80ff800000 0 0
1 1 1 32b5d3ca7f800000 0 0
1 1 1 30a17d487fc00000 0 0
1 1 1 32e68719ff800000 0 0
1 1 1 3c28cfd37f800000 0 0
1 1 1 3fa56eb2ff800000 0 0
1 1 1 3ad54bbd7f800000 0 0
1 1 1 bea11dba7f800000 0 0
1 1 1 4360d1457fc00000 0 0
1 1 1 43c5100cff800000 0 0
1 1 1 cbb098367f800000 0 0
1 1 1 c2faf8ad7f800000 0 0
1 1 1 405b10a0ff800000 0 0
1 1 1 b498c4b2ff800000 0 0
1 1 1 c47b32097f800000 0 0
1 1 1 c70a4b207f800000 0 0
1 1 1 3ffa41037f800000 0 0
1 1 1 44898221ff800000 0 0
1 1 1 350792017f800000 0 0
1 1 1 c1f9a6147f800000 0 0
1 1 1 36bf460eff800000 0 0
1 1 1 cb9cbae07f800000 0 0
1 1 1 c79e900b7fc00000 0 0
1 1 1 49a92ed47fc00000 0 0
1 1 1 bee0597a7fc00000 0 0
1 1 1 47fa8cd2ff800000 0 0
1 1 1 3d5865cbff800000 0 0
1 1 1 b3dc6fd87fc00000 0 0
1 1 1 c2b899a9ff800000 0 0
1 1 1 408b8ffbff800000 0 0
1 1 1 3200ae57ff800000 0 0
1 1 1 b7a7900e7f800000 0 0
1 1 1 cd1437f6ff800000 0 0
1 1 1 cd3c2c17ff800000 0 0
1 1 1 ba48f24d7f800000 0 0
1 1 1 42ecd7dd7f800000 0 0
1 1 1 48d0d2607f800000 0 0
1 1 1 b642e67b7f800000 0 0
1 1 1 b1ab8eab7fc00000 0 0
1 1 1 40d06791ff800000 0 0
1 1 1 b178df1f7f800000 0 0
1 1 1 343bd1737f800000 0 0
1 1 1 38d39f6d7f800000 0 0
1 1 1 4dcd21b37fc00000 0 0
1 1 1 c2e7009d7fc00000 0 0
1 1 1 c38b7cad7fc00000 0 0
1 1 1 c6cfbd0c7fc00000 0 0
1 1 1 477e15e1ff800000 0 0
1 1 1 3abd4dd2ff800000 0 0
1 1 1 b5c7cd16ff800000 0 0
1 1 1 3b521671ff800000 0 0
1 1 1 45b3784c7fc00000 0 0
1 1 1 317adece7f800000 0 0
1 1 1 48b745197f800000 0 0
1 1 1 4951a7c77fc00000 0 0
1 1 1 c3914f9fff800000 0 0
1 1 1 c5e191737fc00000 0 0
1 1 1 c52b5e6b7fc00000 0 0
1 1 1 3871efb5ff800000 0 0
1 1 1 392699797f800000 0 0
1 1 1 bd78a9457fc00000 0 0
1 1 1 32d1c6dc7f800000 0 0
1 1 1 4d4379e17fc00000 0 0
1 1 1 c21c0c657f800000 0 0
1 1 1 49a0ab0aff800000 0 0
1 1 1 cb2383547fc00000 0 0
1 1 1 351ba2d07f800000 0 0
1 1 1 b4ca635b7fc00000 0 0
1 1 1 4bf7c8c4ff800000 0 0
1 1 1 4caa7ebd7f800000 0 0
1 1 1 45ba6762ff800000 0 0
1 1 1 bb3a699b7fc00000 0 0
1 1 1 3616e1707f800000 0 0
1 1 1 4297141e7fc00000 0 0
1 1 1 4a5714fbff800000 0 0
1 1 1 33b68fa67fc00000 0 0
1 1 1 346c6faa7fc00000 0 0
1 1 1 c4b6a9987f800000 0 0
1 1 1 cbedcfe9ff800000 0 0
1 1 1 c27fa88a7fc00000 0 0
1 1 1 3b4aeb8e7f800000 0 0
1 1 1 b9a76370ff800000 0 0
1 1 1 b8e9e8f87fc00000 0 0
1 1 1 334d07a97f800000 0 0
1 1 1 cafe3e6f7fc00000 0 0
1 1 1 309e3fcc7fc00000 0 0
1 1 1 367011ac7fc00000 0 0
1 1 1 c4373c15ff800000 0 0
1 1 1 313bdf177f800000 0 0
1 1 1 cb1a722fff800000 0 0
1 1 1 3f0ddfc0ff800000 0 0
1 1 1 3f5028777f800000 0 0
1 1 1 cecded927f800000 0 0
1 1 1 3b72dde17f800000 0 0
1 1 1 31299e327fc00000 0 0
1 1 1 b69980bf7f800000 0 0
1 1 1 ce00f4b17fc00000 0 0
1 1 1 3da990077f800000 0 0
1 1 1 4e0ac13e7f800000 0 0
1 1 1 3cb1ddb67f800000 0 0
1 1 1 b6a4cc80ff800000 0 0
1 1 1 47ffba5c7fc00000 0 0
1 1 1 3d4c1b6f7fc00000 0 0
1 1 1 472790b67f800000 0 0
1 1 1 c68c12657f800000 0 0
1 1 1 4326552bff800000 0 0
1 1 1 488de0c17f800000 0 0
1 1 1 b4ca4b187f800000 0 0
1 1 1 34195235ff800000 0 0
1 1 1 cc3f31cdff800000 0 0
1 1 1 45bb44c27fc00000 0 0
1 1 1 b7e350e1ff800000 0 0
1 1 1 48b5d1c47fc00000 0 0
1 1 1 c31666e6ff800000 0 0
1 1 1 c148e8d5ff800000 0 0
1 1 1 49c8e836ff800000 0 0
1 1 1 bdbd041c7f800000 0 0
1 1 1 4b7b1b607fc00000 0 0
1 1 1 3d38faf77fc00000 0 0
1 1 1 b3bceda67f800000 0 0
1 1 1 4c9d77deff800000 0 0
1 1 1 bad0131e7f800000 0 0
1 1 1 43563f14ff800000 0 0
1 1 1 bf0ed04dff800000 0 0
1 1 1 39c27fbc7f800000 0 0
1 1 1 3403125d7f800000 0 0
1 1 1 bcf0a3067f800000 0 0
1 1 1 c2b505a77f800000 0 0
1 1 1 b7226296ff800000 0 0
1 1 1 44c14be97fc00000 0 0
1 1 1 ba1741257fc00000 0 0
1 1 1 b0da080aff800000 0 0
1 1 1 372f4270ff800000 0 0
1 1 1 b8972aaeff800000 0 0
1 1 1 43a2d582ff800000 0 0
1 1 1 481e7fd9ff800000 0 0
1 1 1 369cdf5c7f800000 0 0
1 1 1 b28432eb7fc00000 0 0
1 1 1 3fb74bba7f800000 0 0
1 1 1 b800702b7f800000 0 0
1 1 1 c51a9fbf7f800000 0 0
1 1 1 4be023fdff800000 0 0
1 1 1 b21624f47f800000 0 0
1 1 1 45427b937f800000 0 0
1 1 1 3fcd0f91ff800000 0 0
1 1 1 4903acbc7fc00000 0 0
1 1 1 b47c33ffff800000 0 0
1 1 1 c5b27bb9ff800000 0 0
1 1 1 4443fb5cff800000 0 0
1 1 1 b220c930ff800000 0 0
1 1 1 3dc0303e7fc00000 0 0
1 1 1 39f3719bff800000 0 0
1 1 1 345533027fc00000 0 0
1 1 1 4ea60a8dff800000 0 0
1 1 1 bc905675ff800000 0 0
1 1 1 c90408907f800000 0 0
1 1 1 ba771ebbff800000 0 0
1 1 1 b16b6aa07fc00000 0 0
1 1 1 4105b698ff800000 0 0
1 1 1 311621ef7f800000 0 0
1 1 1 426f5fd7ff800000 0 0
1 1 1 49ffd3377f800000 0 0
1 1 1 b88e3c807f800000 0 0
1 1 1 38aac8e8ff800000 0 0
1 1 1 b4bcdc937fc00000 0 0
1 1 1 c0bde5807fc00000 0 0
1 1 1 b4a1cc607f800000 0 0
1 1 1 c58d92437f800000 0 0
1 1 1 c1dc2dd8ff800000 0 0
1 1 1 34c26321ff800000 0 0
1 1 1 bdf4a8f77f800000 0 0
1 1 1 c70383387f800000 0 0
1 1 1 b2c46c947fc00000 0 0
1 1 1 3f82ef5d7f800000 0 0
1 1 1 b15950f67f800000 0 0
1 1 1 324f7940ff800000 0 0
1 1 1 4a9008877f800000 0 0
1 1 1 c013d6167f800000 0 0
1 1 1 cc0a67e87f800000 0 0
1 1 1 c1d406787fc00000 0 0
1 1 1 4eb505117fc00000 0 0
1 1 1 415d48997fc00000 0 0
1 1 1 c56a2497ff800000 0 0
1 1 1 b41006c97f800000 0 0
1 1 1 c7d5c52eff800000 0 0
1 1 1 cb67c2cc7fc00000 0 0
1 1 1 c31ed2157fc00000 0 0
1 1 1 be64def67fc00000 0 0
1 1 1 36d12ab9ff800000 0 0
1 1 1 393ccd5a7fc00000 0 0
1 1 1 3641519c7f800000 0 0
1 1 1 3c33929f7f800000 0 0
1 1 1 bac477db7fc00000 0 0
1 1 1 c2bd73727f800000 0 0
1 1 1 3f7f459bff800000 0 0
1 1 1 b9cee4427f800000 0 0
1 1 1 b9c2e1f17f800000 0 0
1 1 1 c0206f7aff800000 0 0
1 1 1 45b6bb8c7f800000 0 0
1 1 1 b3798e2d7f800000 0 0
1 1 1 b1c1de0aff800000 0 0
1 1 1 ca14d68c7fc00000 0 0
1 1 1 b09f76817f800000 0 0
1 1 1 ba50ef5cff800000 0 0
1 1 1 b2b97c94ff800000 0 0
1 1 1 bb532e207f800000 0 0
1 1 1 bfc8eaef7f800000 0 0
1 1 1 ba30ec157f800000 0 0
1 1 1 4af0a6e17f800000 0 0
1 1 1 380b3d11ff800000 0 0
1 1 1 ca8f88ff7f800000 0 0
1 1 1 4a41d2ef7fc00000 0 0
1 1 1 b7d89b3fff800000 0 0
1 1 1 41e6a38b7f800000 0 0
1 1 1 32f1addc7f800000 0 0
1 1 1 322cae557f800000 0 0
1 1 1 3a333d8cff800000 0 0
1 1 1 30988fb67f800000 0 0
1 1 1 b5cb245d7f800000 0 0
1 1 1 b2c24234ff800000 0 0
1 1 1 c015794e7f800000 0 0
1 1 1 414a8179ff800000 0 0
1 1 1 b55b0a047fc00000 0 0
1 1 1 c6f982abff800000 0 0
1 1 1 4eaba777ff800000 0 0
1 1 1 3a78ee31ff800000 0 0
1 1 1 32e08eb47fc00000 0 0
1 1 1 b1209258ff800000 0 0
1 1 1 4863a6ba7f800000 0 0
1 1 1 46781aceff800000 0 0
1 1 1 490ebd2c7f800000 0 0
1 1 1 3349cbb77f800000 0 0
1 1 1 3f02131d7fc00000 0 0
1 1 1 bf5b9d487fc00000 0 0
1 1 1 39fcebd0ff800000 0 0
1 1 1 c71c6efa7f800000 0 0
1 1 1 b95777df7f800000 0 0
1 1 1 beac7a55ff800000 0 0
1 1 1 3db1cea77fc00000 0 0
1 1 1 b89473db7f800000 0 0
1 1 1 4dc283a0ff800000 0 0
1 1 1 c19cfdf5ff800000 0 0
1 1 1 32098ad47f800000 0 0
1 1 1 4e1f1777ff800000 0 0
1 1 1 c439f6957fc00000 0 0
1 1 1 bc68612a7f800000 0 0
1 1 1 ce2e70a1ff800000 0 0
1 1 1 bb05a6c67fc00000 0 0
1 1 1 c76ea7987f800000 0 0
1 1 1 4d81176d7f800000 0 0
1 1 1 c20dbb057fc00000 0 0
1 1 1 b6cf174c7f800000 0 0
1 1 1 38dd4dffff800000 0 0
1 1 1 c09626aa7fc00000 0 0
1 1 1 c1c5f2e87f800000 0 0
1 1 1 48394cc07fc00000 0 0
1 1 1 b93d838bff800000 0 0
1 1 1 347273827f800000 0 0
1 1 1 c15886987f800000 0 0
1 1 1 45943e5d7fc00000 0 0
1 1 1 38f7d5467f800000 0 0
1 1 1 3e28db9bff800000 0 0
1 1 1 3bee62ffff800000 0 0
1 1 1 b1adc2c17f800000 0 0
1 1 1 c2ae0f157f800000 0 0
1 1 1 486ba67e7fc00000 0 0
1 1 1 b1bafe5e7f800000 0 0
1 1 1 cad1a398ff800000 0 0
1 1 1 c6b86cc67fc00000 0 0
1 1 1 c357dd377fc00000 0 0
1 1 1 b9a3548a7f800000 0 0
1 1 1 4ea70a387fc00000 0 0
1 1 1 3e0851037f800000 0 0
1 1 1 489ec18eff800000 0 0
1 1 1 44c1a85aff800000 0 0
1 1 1 4893150aff800000 0 0
1 1 1 c21ffa447f800000 0 0
1 1 1 c5838c657f800000 0 0
1 1 1 ce79050e7fc00000 0 0
1 1 1 4a08ebe77fc00000 0 0
1 1 1 ccc385fb7fc00000 0 0
1 1 1 3080cd40ff800000 0 0
1 1 1 3877ebbfff800000 0 0
1 1 1 49bd9b5cff800000 0 0
1 1 1 c85266757fc00000 0 0
1 1 1 b5255f407fc00000 0 0
1 1 1 ce8223927fc00000 0 0
1 1 1 46e8f89c7f800000 0 0
1 1 1 483b97197fc00000 0 0
1 1 1 cd027f407f800000 0 0
1 1 1 38c04a47ff800000 0 0
1 1 1 bc0fd09f7fc00000 0 0
1 1 1 cb1e51437f800000 0 0
1 1 1 b613c86f7f800000 0 0
1 1 1 4aa1d11d7f800000 0 0
1 1 1 4967c208ff800000 0 0
1 1 1 46a1d8bb7fc00000 0 0
1 1 1 3bcb33137fc00000 0 0
1 1 1 4c0b64cd7f800000 0 0
1 1 1 b1dfd75f7f800000 0 0
1 1 1 b8704e5bff800000 0 0
1 1 1 4eb539617fc00000 0 0
1 1 1 c319580aff800000 0 0
1 1 1 40cf790eff800000 0 0
1 1 1 43594e24ff800000 0 0
1 1 1 381f3966ff800000 0 0
1 1 1 4ec014dc7fc00000 0 0
1 1 1 37491adc7f800000 0 0
1 1 1 cc1e3117ff800000 0 0
1 1 1 4e4809557f800000 0 0
1 1 1 bd82245a7fc00000 0 0
1 1 1 44bf67cc7fc00000 0 0
1 1 1 3318fd32ff800000 0 0
1 1 1 c6726a74ff800000 0 0
1 1 1 b3f814877f800000 0 0
1 1 1 3225cb357fc00000 0 0
1 1 1 38edb3197f800000 0 0
1 1 1 b3834f207fc00000 0 0
1 1 1 b54e5b707f800000 0 0
1 1 1 cb29e3eb7f800000 0 0
1 1 1 b3a32c54ff800000 0 0
1 1 1 374d52b6ff800000 0 0
1 1 1 be3b0554ff800000 0 0
1 1 1 b4efde187fc00000 0 0
1 1 1 ce4eb7c57f800000 0 0
1 1 1 3bf1c0d1ff800000 0 0
1 1 1 39b6a81f7fc00000 0 0
1 1 1 382094607f800000 0 0
1 1 1 30e5f2e9ff800000 0 0
1 1 1 3981e500ff800000 0 0
1 1 1 b542efa47fc00000 0 0
1 1 1 4621ef0b7f800000 0 0
1 1 1 3facd0f57fc00000 0 0
1 1 1 49cb5b9a7fc00000 0 0
1 1 1 b7b9d35fff800000 0 0
1 1 1 bfb66a877f800000 0 0
1 1 1 3eb2d16b7f800000 0 0
1 1 1 32ab66edff800000 0 0
1 1 1 486acd54ff800000 0 0
1 1 1 4174b4557fc00000 0 0
1 1 1 b54264d47fc00000 0 0
1 1 1 4d158b06ff800000 0 0
1 1 1 c277a2337fc00000 0 0
1 1 1 3084da9aff800000 0 0
1 1 1 b5aa96fbff800000 0 0
1 1 1 3f28a4ad7fc00000 0 0
1 1 1 490ab97cff800000 0 0
1 1 1 3db9e6847f800000 0 0
1 1 1 c3728f367f800000 0 0
1 1 1 34528d757fc00000 0 0
1 1 1 c2a00f367fc00000 0 0
1 1 1 3b47a5057fc00000 0 0
1 1 1 b6628e947fc00000 0 0
1 1 1 b475f062ff800000 0 0
1 1 1 b53ad4b17fc00000 0 0
1 1 1 cc03a25bff800000 0 0
1 1 1 baf37b917f800000 0 0
1 1 1 c3ec19687f800000 0 0
1 1 1 40f7bd41ff800000 0 0
1 1 1 3235ecbf7f800000 0 0
1 1 1 427a4ddf7f800000 0 0
1 1 1 bc966d35ff800000 0 0
1 1 1 c971e2ff7f800000 0 0
1 1 1 36ff008fff800000 0 0
1 1 1 4b9e23af7f800000 0 0
1 1 1 42599e34ff800000 0 0
1 1 1 c36285ce7f800000 0 0
1 1 1 cc727df67fc00000 0 0
1 1 1 39faaabb7f800000 0 0
1 1 1 46b91b2c7fc00000 0 0
1 1 1 be9e47d7ff800000 0 0
1 1 1 cc708a51ff800000 0 0
1 1 1 c84f57e37f800000 0 0
1 1 1 c5c1ff717fc00000 0 0
1 1 1 cab7f46f7fc00000 0 0
1 1 1 3c0aa6a77f800000 0 0
1 1 1 b9a5a2337f800000 0 0
1 1 1 48d09e5eff800000 0 0
1 1 1 439ef08fff800000 0 0
1 1 1 39a0fca27f800000 0 0
1 1 1 bf6dd509ff800000 0 0
1 1 1 40c1f41a7fc00000 0 0
1 1 1 bff8127d7f800000 0 0
1 1 1 c819857c7f800000 0 0
1 1 1 bf5f8e317f800000 0 0
1 1 1 c2cd62f7ff800000 0 0
1 1 1 3dfef14aff800000 0 0
1 1 1 479ff0877fc00000 0 0
1 1 1 4756093dff800000 0 0
1 1 1 4a1d3db37f800000 0 0
1 1 1 c3c68a6a7f800000 0 0
1 1 1 b515e3f0ff800000 0 0
1 1 1 c2f16b087fc00000 0 0
1 1 1 bc1e2e22ff800000 0 0
1 1 1 3fa8e39dff800000 0 0
1 1 1 453efd5fff800000 0 0
1 1 1 c69266077fc00000 0 0
1 1 1 b4db3fc67fc00000 0 0
1 1 1 478c44c47fc00000 0 0
1 1 1 3df4af1fff800000 0 0
1 1 1 b7d940397f800000 0 0
1 1 1 3123f5237fc00000 0 0
1 1 1 37921d9bff800000 0 0
1 1 1 371296347fc00000 0 0
1 1 1 c9b7ac91ff800000 0 0
1 1 1 3770da437fc00000 0 0
1 1 1 3903b73e7f800000 0 0
1 1 1 bd62c69f7fc00000 0 0
1 1 1 3607cdb5ff800000 0 0
1 1 1 b50b7278ff800000 0 0
1 1 1 38599d80ff800000 0 0
1 1 1 48b8f0ea7fc00000 0 0
1 1 1 b75592837f800000 0 0
1 1 1 b79ca596ff800000 0 0
1 1 1 4ed46147ff800000 0 0
1 1 1 c3c6afbfff800000 0 0
1 1 1 b6b3f060ff800000 0 0
1 1 1 3f007f847fc00000 0 0
1 1 1 37277222ff800000 0 0
1 1 1 397063557fc00000 0 0
1 1 1 b42ad2c1ff800000 0 0
1 1 1 47422ba97fc00000 0 0
1 1 1 4b0842e4ff800000 0 0
1 1 1 b43060a4ff800000 0 0
1 1 1 b4418e99ff800000 0 0
1 1 1 c39fd3557fc00000 0 0
1 1 1 b0bd7f0fff800000 0 0
1 1 1 39ff9452ff800000 0 0
1 1 1 39ceea827fc00000 0 0
1 1 1 3c609d977f800000 0 0
1 1 1 3bf6a0dc7f800000 0 0
1 1 1 30a38f417fc00000 0 0
1 1 1 33252d73ff800000 0 0
1 1 1 422582487fc00000 0 0
1 1 1 c4c0f91e7f800000 0 0
1 1 1 c5a6dc9dff800000 0 0
1 1 1 4be0fc3a7f800000 0 0
1 1 1 ced3820e7f800000 0 0
1 1 1 3f04f79aff800000 0 0
1 1 1 4ef729067f800000 0 0
1 1 1 48fe21887fc00000 0 0
1 1 1 3170fde5ff800000 0 0
1 1 1 43fc11eaff800000 0 0
1 1 1 341314a3ff800000 0 0
1 1 1 c03d2e6fff800000 0 0
1 1 1 b36ddb607f800000 0 0
1 1 1 460521a07fc00000 0 0
1 1 1 b2b09ee37fc00000 0 0
1 1 1 3d3b6e757f800000 0 0
1 1 1 3be184127fc00000 0 0
1 1 1 30ded9f27fc00000 0 0
1 1 1 c84731d27fc00000 0 0
1 1 1 4df7077cff800000 0 0
1 1 1 44efbfff7fc00000 0 0
1 1 1 b6aa613eff800000 0 0
1 1 1 314686af7f800000 0 0
1 1 1 4c4072337f800000 0 0
1 1 1 c52a5e89ff800000 0 0
1 1 1 499157a17fc00000 0 0
1 1 1 b715db117f800000 0 0
1 1 1 b1dc87a7ff800000 0 0
1 1 1 4d7ea197ff800000 0 0
1 1 1 bf155b8dff800000 0 0
1 1 1 c13c099eff800000 0 0
1 1 1 c69f38b57f800000 0 0
1 1 1 c276a7fb7fc00000 0 0
1 1 1 c135e45c7f800000 0 0
1 1 1 c1ac11437fc00000 0 0
1 1 1 b7b8a7e5ff800000 0 0
1 1 1 b55cab237f800000 0 0
1 1 1 440174867fc00000 0 0
1 1 1 cb83653b7f800000 0 0
1 1 1 b83fe01f7f800000 0 0
1 1 1 381c56bdff800000 0 0
1 1 1 45cd4b707fc00000 0 0
1 1 1 3d8fda0e7fc00000 0 0
1 1 1 b53c5c7fff800000 0 0
1 1 1 b5b3769b7f800000 0 0
1 1 1 3cc41d897fc00000 0 0
1 1 1 b8b939a57fc00000 0 0
1 1 1 378d351d7fc00000 0 0
1 1 1 c80f6ee77f800000 0 0
1 1 1 c9aacfc47f800000 0 0
1 1 1 bae48a247f800000 0 0
1 1 1 3af89f35ff800000 0 0
1 1 1 33b6eac4ff800000 0 0
1 1 1 3e93f61b7fc00000 0 0
1 1 1 b913d2bf7f800000 0 0
1 1 1 b78d56047fc00000 0 0
1 1 1 4b441607ff800000 0 0
1 1 1 4a2989047fc00000 0 0
1 1 1 b403acc0ff800000 0 0
1 1 1 4e79472cff800000 0 0
1 1 1 cb2e5dcbff800000 0 0
1 1 1 4ddd687e7fc00000 0 0
1 1 1 3e9575a3ff800000 0 0
1 1 1 cc783025ff800000 0 0
1 1 1 c77f97827fc00000 0 0
1 1 1 cc13b5a1ff800000 0 0
1 1 1 39183d167f800000 0 0
1 1 1 49b01a4a7f800000 0 0
1 1 1 b412e7547fc00000 0 0
1 1 1 cb0c5a377f800000 0 0
1 1 1 bfeb308a7fc00000 0 0
1 1 1 b6f898b87fc00000 0 0
1 1 1 b17128b5ff800000 0 0
1 1 1 c229b4837f800000 0 0
1 1 1 3bf9af71ff800000 0 0
1 1 1 4295ad0fff800000 0 0
1 1 1 cb081d9e7f800000 0 0
1 1 1 317830227fc00000 0 0
1 1 1 464085017f800000 0 0
1 1 1 c2c2a658ff800000 0 0
1 1 1 371bb41b7fc00000 0 0
1 1 1 33a1ef9a7fc00000 0 0
1 1 1 413bbe40ff800000 0 0
1 1 1 477ba00e7fc00000 0 0
1 1 1 46977b957fc00000 0 0
1 1 1 c037185bff800000 0 0
1 1 1 b2a3a206ff800000 0 0
1 1 1 3a6ca65a7f800000 0 0
1 1 1 c3a8bfa5ff800000 0 0
1 1 1 35c9e013ff800000 0 0
1 1 1 b25fa533ff800000 0 0
1 1 1 398ae56e7f800000 0 0
1 1 1 cadfeae17f800000 0 0
1 1 1 4cc00314ff800000 0 0
1 1 1 4169e0417fc00000 0 0
1 1 1 cd0dcf69ff800000 0 0
1 1 1 383352ef7f800000 0 0
1 1 1 4b71e9ebff800000 0 0
1 1 1 4c1e1227ff800000 0 0
1 1 1 b69e7a4f7fc00000 0 0
1 1 1 3513905dff800000 0 0
1 1 1 c0e9a36aff800000 0 0
1 1 1 4e4a9f4a7fc00000 0 0
1 1 1 c770d133ff800000 0 0
1 1 1 4537bc3fff800000 0 0
1 1 1 4903c2bd7fc00000 0 0
1 1 1 41a7345cff800000 0 0
1 1 1 40c624af7f800000 0 0
1 1 1 c6596a39ff800000 0 0
1 1 1 baf7e4457f800000 0 0
1 1 1 4acce0be7f800000 0 0
1 1 1 b17e9b7f7f800000 0 0
1 1 1 cc983e577f800000 0 0
1 1 1 4aa518aa7fc00000 0 0
1 1 1 428ce15cff800000 0 0
1 1 1 3cc03fc37fc00000 0 0
1 1 1 4a0e2a427f800000 0 0
1 1 1 b14254b97fc00000 0 0
1 1 1 bb04adad7fc00000 0 0
1 1 1 c6b9a01c7f800000 0 0
1 1 1 b81f2719ff800000 0 0
1 1 1 4b0806b0ff800000 0 0
1 1 1 c85723a87fc00000 0 0
1 1 1 30abde877f800000 0 0
1 1 1 b97dda59ff800000 0 0
1 1 1 43cc29907f800000 0 0
1 1 1 c52ef7637fc00000 0 0
1 1 1 4739d7c5ff800000 0 0
1 1 1 ca87cb527fc00000 0 0
1 1 1 3ed20f12ff800000 0 0
1 1 1 b86e43b47fc00000 0 0
1 1 1 c1cc1673ff800000 0 0
1 1 1 be6504c7ff800000 0 0
1 1 1 c1c924ff7fc00000 0 0
1 1 1 3d15c464ff800000 0 0
1 1 1 3e032c88ff800000 0 0
1 1 1 43198d057f800000 0 0
1 1 1 3698f8907fc00000 0 0
1 1 1 35a7ce327f800000 0 0
1 1 1 39d5fe4e7fc00000 0 0
1 1 1 c29b82a67f800000 0 0
1 1 1 42ba898a7f800000 0 0
1 1 1 bec36384ff800000 0 0
1 1 1 c66c54fe7f800000 0 0
1 1 1 3899a28f7fc00000 0 0
1 1 1 3df6d999ff800000 0 0
1 1 1 40a39e017f800000 0 0
1 1 1 bd818109ff800000 0 0
1 1 1 3c9950147fc00000 0 0
1 1 1 4409c995ff800000 0 0
1 1 1 3e3b026c7fc00000 0 0
1 1 1 b30935847f800000 0 0
1 1 1 c541a990ff800000 0 0
1 1 1 b7f5754f7fc00000 0 0
1 1 1 34592f0f7f800000 0 0
1 1 1 3c4ddc417f800000 0 0
1 1 1 320ae7567fc00000 0 0
1 1 1 cb0beb00ff800000 0 0
1 1 1 cb14db77ff800000 0 0
1 1 1 c89f9f5e7fc00000 0 0
1 1 1 bda145317fc00000 0 0
1 1 1 b8e709317f800000 0 0
1 1 1 b6cd367d7f800000 0 0
1 1 1 4ebf837e7f800000 0 0
1 1 1 45998b69ff800000 0 0
1 1 1 4cdcf73d7fc00000 0 0
1 1 1 c5af1f967f800000 0 0
1 1 1 b6834f067f800000 0 0
1 1 1 3463d9fcff800000 0 0
1 1 1 38a81c237fc00000 0 0
1 1 1 beb833e27f800000 0 0
1 1 1 bdc0cb8d7f800000 0 0
1 1 1 b6893247ff800000 0 0
1 1 1 406217b3ff800000 0 0
1 1 1 4829d285ff800000 0 0
1 1 1 b1e23e2a7fc00000 0 0
1 1 1 c62c9b96ff800000 0 0
1 1 1 33821717ff800000 0 0
1 1 1 4a3602107fc00000 0 0
1 1 1 36e90b9dff800000 0 0
1 1 1 3b31536d7fc00000 0 0
1 1 1 c767bdd47f800000 0 0
1 1 1 46e993517fc00000 0 0
1 1 1 c40497f07fc00000 0 0
1 1 1 38334f06ff800000 0 0
1 1 1 c7a09ecbff800000 0 0
1 1 1 3c4e84097fc00000 0 0
1 1 1 b53964a87fc00000 0 0
1 1 1 b8b42fc67fc00000 0 0
1 1 1 c93300c47f800000 0 0
1 1 1 b7908df37fc00000 0 0
1 1 1 438d8d987fc00000 0 0
1 1 1 3fac0add7f800000 0 0
1 1 1 4e3a5869ff800000 0 0
1 1 1 329271f67f800000 0 0
1 1 1 c6b4fd967fc00000 0 0
1 1 1 b77c863e7fc00000 0 0
1 1 1 be7797977fc00000 0 0
1 1 1 38c005597f800000 0 0
1 1 1 cd6ec0e67f800000 0 0
1 1 1 c22173897f800000 0 0
1 1 1 cbccdadc7fc00000 0 0
1 1 1 4478029d7fc00000 0 0
1 1 1 bbe435bbff800000 0 0
1 1 1 b97dc4bf7fc00000 0 0
1 1 1 32db9062ff800000 0 0
1 1 1 c21c5876ff800000 0 0
1 1 1 4a60934dff800000 0 0
1 1 1 bee00abc7fc00000 0 0
1 1 1 b1a52022ff800000 0 0
1 1 1 bf0f0f627f800000 0 0
1 1 1 bad2509e7fc00000 0 0
1 1 1 3a6f89d8ff800000 0 0
1 1 1 c2b5fd33ff800000 0 0
1 1 1 bf640d587f800000 0 0
1 1 1 3f9832d17f800000 0 0
1 1 1 b5eb429c7fc00000 0 0
1 1 1 430187fc7f800000 0 0
1 1 1 46dd4b3bff800000 0 0
1 1 1 4500a4ec7f800000 0 0
1 1 1 46357f69ff800000 0 0
1 1 1 389a776b7fc00000 0 0
1 1 1 49726077ff800000 0 0
1 1 1 c0fac9d97f800000 0 0
1 1 1 b493d5217fc00000 0 0
1 1 1 b8973cf97f800000 0 0
1 1 1 cafe87be7fc00000 0 0
1 1 1 348af07bff800000 0 0
1 1 1 c45c38f67f800000 0 0
1 1 1 4993b89b7fc00000 0 0
1 1 1 c9123a44ff800000 0 0
1 1 1 454977ea7fc00000 0 0
1 1 1 c56460daff800000 0 0
1 1 1 435116ce7fc00000 0 0
1 1 1 b0972aa17fc00000 0 0
1 1 1 408335d17f800000 0 0
1 1 1 c6cac1cf7f800000 0 0
1 1 1 be28a05f7f800000 0 0
1 1 1 cabd1d5d7fc00000 0 0
1 1 1 4117255cff800000 0 0
1 1 1 cd289aa17f800000 0 0
1 1 1 c0f44f697fc00000 0 0
1 1 1 ba351db37fc00000 0 0
1 1 1 3cf95c937f800000 0 0
1 1 1 c1ce3d4eff800000 0 0
1 1 1 4d883401ff800000 0 0
1 1 1 cc242962ff800000 0 0
1 1 1 3162e4a6ff800000 0 0
1 1 1 471ad1fc7fc00000 0 0
1 1 1 cd880bce7f800000 0 0
1 1 1 4966027d7f800000 0 0
1 1 1 4a0c5e597f800000 0 0
1 1 1 cb7c7f437fc00000 0 0
1 1 1 c97889b27f800000 0 0
1 1 1 cdee05e7ff800000 0 0
1 1 1 b973bda37f800000 0 0
1 1 1 3abb5b7bff800000 0 0
1 1 1 468f01db7f800000 0 0
1 1 1 49ecfec47fc00000 0 0
1 1 1 c5171fca7f800000 0 0
1 1 1 4a29aeea7fc00000 0 0
1 1 1 33270bc8ff800000 0 0
1 1 1 c840df077f800000 0 0
1 1 1 bb9ac8397f800000 0 0
1 1 1 bd83076b7f800000 0 0
1 1 1 4d2be39cff800000 0 0
1 1 1 b494fdfe7f800000 0 0
1 1 1 3f257d1a7fc00000 0 0
1 1 1 4b13a018ff800000 0 0
1 1 1 bc04a5c07fc00000 0 0
1 1 1 bf278d46ff800000 0 0
1 1 1 c8a593fc7f800000 0 0
1 1 1 ca505e257fc00000 0 0
1 1 1 3c61d7827f800000 0 0
1 1 1 3705f010ff800000 0 0
1 1 1 b5e1f4a57fc00000 0 0
1 1 1 42d4954cff800000 0 0
1 1 1 3e1e8d8fff800000 0 0
1 1 1 4bd9b3ccff800000 0 0
1 1 1 b79c98957f800000 0 0
1 1 1 c37f2515ff800000 0 0
1 1 1 bb9d9c667fc00000 0 0
1 1 1 cdd96f167fc00000 0 0
1 1 1 ce75aab67f800000 0 0
1 1 1 46dce83fff800000 0 0
1 1 1 ce75a6b2ff800000 0 0
1 1 1 b3ad88a27fc00000 0 0
1 1 1 31deb5927f800000 0 0
1 1 1 cc57acacff800000 0 0
1 1 1 4c2c49bf7f800000 0 0
1 1 1 461e63947fc00000 0 0
1 1 1 b323ef1b7f800000 0 0
1 1 1 c95984bb7fc00000 0 0
1 1 1 b153f2697fc00000 0 0
1 1 1 4a4d1e9d7f800000 0 0
1 1 1 353469ab7f800000 0 0
1 1 1 b51913897f800000 0 0
1 1 1 b9166d8e7fc00000 0 0
1 1 1 c731a7617fc00000 0 0
1 1 1 b6b25bb17fc00000 0 0
1 1 1 3b33e8b7ff800000 0 0
1 1 1 b7748803ff800000 0 0
1 1 1 3c0484967fc00000 0 0
1 1 1 cc08f4c9ff800000 0 0
1 1 1 c404499cff800000 0 0
1 1 1 b0a6c03eff800000 0 0
1 1 1 b7d1e4327fc00000 0 0
1 1 1 3c3cf5e87fc00000 0 0
1 1 1 3b5a9d43ff800000 0 0
1 1 1 33e9418a7fc00000 0 0
1 1 1 4aa26632ff800000 0 0
1 1 1 47a1e0ee7f800000 0 0
1 1 1 420934077f800000 0 0
1 1 1 4cd4596e7f800000 0 0
1 1 1 b3308eef7fc00000 0 0
1 1 1 4a066d297fc00000 0 0
1 1 1 c16cf5c17fc00000 0 0
1 1 1 bdc1b8e7ff800000 0 0
1 1 1 cc90b41c7fc00000 0 0
1 1 1 b7e69b25ff800000 0 0
1 1 1 c683f2bd7fc00000 0 0
1 1 1 3d22ce597fc00000 0 0
1 1 1 45fc8592ff800000 0 0
1 1 1 3c2889df7fc00000 0 0
1 1 1 cc216c1dff800000 0 0
1 1 1 b113b61e7fc00000 0 0
1 1 1 37d34cc27fc00000 0 0
1 1 1 be8c2b6f7fc00000 0 0
1 1 1 3c2da8d67f800000 0 0
1 1 1 bc7ca2567fc00000 0 0
1 1 1 bba1c0fa7fc00000 0 0
1 1 1 b2c9e2017fc00000 0 0
1 1 1 b38e060d7f800000 0 0
1 1 1 3fccc4547fc00000 0 0
1 1 1 c000665f7f800000 0 0
1 1 1 4650672a7f800000 0 0
1 1 1 44f265247fc00000 0 0
1 1 1 44edc57dff800000 0 0
1 1 1 bb5d18dbff800000 0 0
1 1 1 b89eb77eff800000 0 0
1 1 1 330fd70d7fc00000 0 0
1 1 1 cb1c2c9eff800000 0 0
1 1 1 ba1bc4c97f800000 0 0
1 1 1 b4d1e2207fc00000 0 0
1 1 1 392c2a34ff800000 0 0
1 1 1 b0e205187fc00000 0 0
1 1 1 37ddbc18ff800000 0 0
1 1 1 c9d187c7ff800000 0 0
1 1 1 3943b9a07f800000 0 0
1 1 1 45c908217f800000 0 0
1 1 1 c09e5cd87fc00000 0 0
1 1 1 4843a8afff800000 0 0
1 1 1 b5519e9a7f800000 0 0
1 1 1 c55f28f67fc00000 0 0
1 1 1 baf122b67fc00000 0 0
1 1 1 3814855a7f800000 0 0
1 1 1 45bc3b197fc00000 0 0
1 1 1 b7c7e9557f800000 0 0
1 1 1 cc8f927a7fc00000 0 0
1 1 1 c0b882857fc00000 0 0
1 1 1 bab049197fc00000 0 0
1 1 1 4e43a6357f800000 0 0
1 1 1 ce415eb7ff800000 0 0
1 1 1 cbf69ec77fc00000 0 0
1 1 1 374a46717f800000 0 0
1 1 1 413dfa1dff800000 0 0
1 1 1 cd4c0f46ff800000 0 0
1 1 1 4df8b72b7fc00000 0 0
1 1 1 3b2a40d77fc00000 0 0
1 1 1 be2a7a55ff800000 0 0
1 1 1 3559f41a7fc00000 0 0
1 1 1 3754f98b7f800000 0 0
1 1 1 37daff987fc00000 0 0
1 1 1 46322bc07fc00000 0 0
1 1 1 c1389c2a7f800000 0 0
1 1 1 c2d1b7167f800000 0 0
1 1 1 4c2b0eba7fc00000 0 0
1 1 1 be2c13387fc00000 0 0
1 1 1 32da43587f800000 0 0
1 1 1 cbbc98a87f800000 0 0
1 1 1 4d2685827fc00000 0 0
1 1 1 c09c75a17f800000 0 0
1 1 1 c8f1c8037fc00000 0 0
1 1 1 c1019e9b7fc00000 0 0
1 1 1 3ff24c9f7fc00000 0 0
1 1 1 4ecc3be27fc00000 0 0
1 1 1 b0db541d7f800000 0 0
1 1 1 4b986f457fc00000 0 0
1 1 1 3663638d7fc00000 0 0
1 1 1 35b7543b7fc00000 0 0
1 1 1 3f92a175ff800000 0 0
1 1 1 313c6e8eff800000 0 0
1 1 1 ce29f561ff800000 0 0
1 1 1 b354bd4cff800000 0 0
1 1 1 33f2e0187f800000 0 0
1 1 1 c7425d5d7f800000 0 0
1 1 1 3902d662ff800000 0 0
1 1 1 b183663cff800000 0 0
1 1 1 3688278b7fc00000 0 0
1 1 1 b42fba52ff800000 0 0
1 1 1 32b62e1b7fc00000 0 0
1 1 1 44c7f6827fc00000 0 0
1 1 1 3b3078137fc00000 0 0
1 1 1 3515054eff800000 0 0
1 1 1 bdad3c14ff800000 0 0
1 1 1 3a5c43fb7f800000 0 0
1 1 1 bdfbbebe7fc00000 0 0
1 1 1 cac6009eff800000 0 0
1 1 1 3397351b7fc00000 0 0
1 1 1 33e9f3227f800000 0 0
1 1 1 cc99bccaff800000 0 0
1 1 1 3750030aff800000 0 0
1 1 1 c046ffa1ff800000 0 0
1 1 1 345560dd7f800000 0 0
1 1 1 b86dcffc7fc00000 0 0
1 1 1 4d883c3e7fc00000 0 0
1 1 1 36f596cc7fc00000 0 0
1 1 1 322dc18aff800000 0 0
1 1 1 4bd09d3a7fc00000 0 0
1 1 1 b1079ecbff800000 0 0
1 1 1 b91a5eed7fc00000 0 0
1 1 1 365d104dff800000 0 0
1 1 1 3ed8fa487fc00000 0 0
1 1 1 32eaca377f800000 0 0
1 1 1 c4e972e17f800000 0 0
1 1 1 b0c0d838ff800000 0 0
1 1 1 3de683d1ff800000 0 0
1 1 1 c0c916c47f800000 0 0
1 1 1 ce3c99c87fc00000 0 0
1 1 1 3a16e4ec7fc00000 0 0
1 1 1 3c00f271ff800000 0 0
1 1 1 3805a12dff800000 0 0
1 1 1 b56eaeff7fc00000 0 0
1 1 1 384211a2ff800000 0 0
1 1 1 b3b4477a7fc00000 0 0
1 1 1 38826d77ff800000 0 0
1 1 1 39c69ed57fc00000 0 0
1 1 1 c4e46caa7fc00000 0 0
1 1 1 42f0a2d0ff800000 0 0
1 1 1 452636057fc00000 0 0
1 1 1 cd1fe5f77fc00000 0 0
1 1 1 3b3b698c7f800000 0 0
1 1 1 4c6dd356ff800000 0 0
1 1 1 bb21ad45ff800000 0 0
1 1 1 c7aa228a7f800000 0 0
1 1 1 b36a07b97fc00000 0 0
1 1 1 35d84e53ff800000 0 0
1 1 1 3ca0180aff800000 0 0
1 1 1 44b82a06ff800000 0 0
1 1 1 4367e2bbff800000 0 0
1 1 1 bd52fd0b7fc00000 0 0
1 1 1 b5ceb830ff800000 0 0
1 1 1 3247d1ddff800000 0 0
1 1 1 4812d6b17fc00000 0 0
1 1 1 4726b1fcff800000 0 0
1 1 1 47568ff07f800000 0 0
1 1 1 bee8b3787f800000 0 0
1 1 1 cbdf039bff800000 0 0
1 1 1 cedbbae0ff800000 0 0
1 1 1 424a3684ff800000 0 0
1 1 1 c7745f207fc00000 0 0
1 1 1 3d5a421e7f800000 0 0
1 1 1 c096285e7f800000 0 0
1 1 1 b5cdc92fff800000 0 0
1 1 1 b883339c7f800000 0 0
1 1 1 36464a1c7fc00000 0 0
1 1 1 3c884f37ff800000 0 0
1 1 1 c152b1177f800000 0 0
1 1 1 44489da4ff800000 0 0
1 1 1 373e61c37fc00000 0 0
1 1 1 39f5f2407f800000 0 0
1 1 1 41497e2c7fc00000 0 0
1 1 1 42f5cb11ff800000 0 0
1 1 1 becc4b827fc00000 0 0
1 1 1 3e81f7897fc00000 0 0
1 1 1 b75502deff800000 0 0
1 1 1 328db82bff800000 0 0
1 1 1 3944f8a6ff800000 0 0
1 1 1 c4ea29487f800000 0 0
1 1 1 4cbd2ca57fc00000 0 0
1 1 1 3a68889c7f800000 0 0
1 1 1 ba3e8c707fc00000 0 0
1 1 1 3be058a9ff800000 0 0
1 1 1 be19519e7f800000 0 0
1 1 1 317926d6ff800000 0 0
1 1 1 cef4006eff800000 0 0
1 1 1 cd6da82d7fc00000 0 0
1 1 1 4bbff7e4ff800000 0 0
1 1 1 b14dcb64ff800000 0 0
1 1 1 380caa817fc00000 0 0
1 1 1 ca8f23767fc00000 0 0
1 1 1 c8d95193ff800000 0 0
1 1 1 3ce676a57fc00000 0 0
1 1 1 4c325450ff800000 0 0
1 1 1 38fa54fcff800000 0 0
1 1 1 c467d4a5ff800000 0 0
1 1 1 41338b3fff800000 0 0
1 1 1 4efadf627f800000 0 0
1 1 1 c1d1c40e7fc00000 0 0
1 1 1 b7d5a633ff800000 0 0
1 1 1 39d204107f800000 0 0
1 1 1 bf00c98a7fc00000 0 0
1 1 1 bc1945067fc00000 0 0
1 1 1 cd5a67687fc00000 0 0
1 1 1 ce848b69ff800000 0 0
1 1 1 ccb054bd7fc00000 0 0
1 1 1 b5bca2ba7f800000 0 0
1 1 1 c55811867f800000 0 0
1 1 1 491a2a717fc00000 0 0
1 1 1 c1a4faa77f800000 0 0
1 1 1 c15507af7fc00000 0 0
1 1 1 b877d3fe7f800000 0 0
1 1 1 3908e9bf7f800000 0 0
1 1 1 46f0a0847f800000 0 0
1 1 1 bd36d96d7f800000 0 0
1 1 1 35a1a314ff800000 0 0
1 1 1 c23934107fc00000 0 0
1 1 1 41fb03817f800000 0 0
1 1 1 3b4254167f800000 0 0
1 1 1 4bca93fcff800000 0 0
1 1 1 b6cb7838ff800000 0 0
1 1 1 b615c5c27f800000 0 0
1 1 1 c4ca69ce7fc00000 0 0
1 1 1 c8446dda7f800000 0 0
1 1 1 3a4572f8ff800000 0 0
1 1 1 c26c8613ff800000 0 0
1 1 1 b19aa03a7fc00000 0 0
1 1 1 c75691ddff800000 0 0
1 1 1 c39305197fc00000 0 0
1 1 1 43754344ff800000 0 0
1 1 1 45de1ebe7fc00000 0 0
1 1 1 bebe0ed57f800000 0 0
1 1 1 4eaaf6487f800000 0 0
1 1 1 b853daafff800000 0 0
1 1 1 4ba00ef37f800000 0 0
1 1 1 c7cb0c647f800000 0 0
1 1 1 b3f7546f7f800000 0 0
1 1 1 37ca5db87fc00000 0 0
1 1 1 3926e9fbff800000 0 0
1 1 1 b1b5fdd57f800000 0 0
1 1 1 b910976d7f800000 0 0
1 1 1 4806f4c87fc00000 0 0
1 1 1 cddcc4947fc00000 0 0
1 1 1 b1fc7a6bff800000 0 0
1 1 1 bf0c1e81ff800000 0 0
1 1 1 bace87bd7fc00000 0 0
1 1 1 46e83cb27f800000 0 0
1 1 1 cae8f6a17f800000 0 0
1 1 1 36ddd5567f800000 0 0
1 1 1 c679b2a37f800000 0 0
1 1 1 b5b1e8b87fc00000 0 0
1 1 1 c925ecedff800000 0 0
1 1 1 c6bbb20a7fc00000 0 0
1 1 1 354cbccd7fc00000 0 0
1 1 1 cd97363c7fc00000 0 0
1 1 1 31fd20837fc00000 0 0
1 1 1 c0018d187f800000 0 0
1 1 1 4049edba7fc00000 0 0
1 1 1 c90f92ce7f800000 0 0
1 1 1 c3f93cdfff800000 0 0
1 1 1 3dda8d31ff800000 0 0
1 1 1 3ba31a0f7fc00000 0 0
1 1 1 cdfc3a857fc00000 0 0
1 1 1 b2ef759b7fc00000 0 0
1 1 1 b84ff1a37fc00000 0 0
1 1 1 4a62fb4dff800000 0 0
1 1 1 b3ee38217fc00000 0 0
1 1 1 414460287fc00000 0 0
1 1 1 392872fa7fc00000 0 0
1 1 1 34d39b10ff800000 0 0
1 1 1 45dd227f7fc00000 0 0
1 1 1 b9324034ff800000 0 0
1 1 1 39ca83ae7fc00000 0 0
1 1 1 3354dead7fc00000 0 0
1 1 1 44952c45ff800000 0 0
1 1 1 3513bd47ff800000 0 0
1 1 1 c9320ac9ff800000 0 0
1 1 1 bccd19947fc00000 0 0
1 1 1 c02d02abff800000 0 0
1 1 1 c01be67f7f800000 0 0
1 1 1 3bf0ea32ff800000 0 0
1 1 1 b2a7efce7fc00000 0 0
1 1 1 bf8d6bf97fc00000 0 0
1 1 1 340ab098ff800000 0 0
1 1 1 bc0b62b67fc00000 0 0
1 1 1 b1d290a97fc00000 0 0
1 1 1 48a8dac5ff800000 0 0
1 1 1 bcf2b2a97f800000 0 0
1 1 1 bf957eaa7f800000 0 0
1 1 1 b78d28c27f800000 0 0
1 1 1 42409f097fc00000 0 0
1 1 1 c5fd667a7fc00000 0 0
1 1 1 cd77ab9f7fc00000 0 0
1 1 1 b48bdd8cff800000 0 0
1 1 1 39408b577fc00000 0 0
1 1 1 c393593e7f800000 0 0
1 1 1 450482567f800000 0 0
1 1 1 3c41af1cff800000 0 0
1 1 1 4a32b8677f800000 0 0
1 1 1 b880888f7fc00000 0 0
1 1 1 3b0a50f17f800000 0 0
1 1 1 cc9162007f800000 0 0
1 1 1 3683bf1fff800000 0 0
1 1 1 3cc4abdf7fc00000 0 0
1 1 1 3fe77b817fc00000 0 0
1 1 1 37700b477f800000 0 0
1 1 1 c5d1afa07f800000 0 0
1 1 1 b64d6c527f800000 0 0
1 1 1 ce11a33a7fc00000 0 0
1 1 1 bd0b24cfff800000 0 0
1 1 1 46c8b235ff800000 0 0
1 1 1 46f795c37fc00000 0 0
1 1 1 487cf39e7fc00000 0 0
1 1 1 b50266ccff800000 0 0
1 1 1 cb679046ff800000 0 0
1 1 1 337b509a7fc00000 0 0
1 1 1 395986137f800000 0 0
1 1 1 c4d1b445ff800000 0 0
1 1 1 ce04126fff800000 0 0
1 1 1 c95d3178ff800000 0 0
1 1 1 4430e5dfff800000 0 0
1 1 1 ccebc1ae7f800000 0 0
1 1 1 4566cbceff800000 0 0
1 1 1 3fcc220c7fc00000 0 0
1 1 1 35482b907fc00000 0 0
1 1 1 b8a407127f800000 0 0
1 1 1 3543e504ff800000 0 0
1 1 1 ce649c69ff800000 0 0
1 1 1 31a5bdf7ff800000 0 0
1 1 1 b2b534c3ff800000 0 0
1 1 1 45fd39057fc00000 0 0
1 1 1 bfca1f16ff800000 0 0
1 1 1 bec24d257fc00000 0 0
1 1 1 b3d858b4ff800000 0 0
1 1 1 3f7fb0a6ff800000 0 0
1 1 1 cb770be37fc00000 0 0
1 1 1 460ad019ff800000 0 0
1 1 1 b3c271f37f800000 0 0
1 1 1 ba6970647fc00000 0 0
1 1 1 45b7f0637fc00000 0 0
1 1 1 cb4a81d27f800000 0 0
1 1 1 44b512b3ff800000 0 0
1 1 1 42277a3f7fc00000 0 0
1 1 1 b0a7ec107fc00000 0 0
1 1 1 45d142f57f800000 0 0
1 1 1 c7e9de8d7fc00000 0 0
1 1 1 4166b7d67fc00000 0 0
1 1 1 b68547a87fc00000 0 0
1 1 1 4acdf643ff800000 0 0
1 1 1 4856e45bff800000 0 0
1 1 1 b5797ad9ff800000 0 0
1 1 1 c486bce57f800000 0 0
1 1 1 b1e9b8f87f800000 0 0
1 1 1 c55e525e7f800000 0 0
1 1 1 30fed0177fc00000 0 0
1 1 1 cafe1c747f800000 0 0
1 1 1 b32088f7ff800000 0 0
1 1 1 49692985ff800000 0 0
1 1 1 3d608adeff800000 0 0
1 1 1 471d1df1ff800000 0 0
1 1 1 3df9570e7fc00000 0 0
1 1 1 33fb1c6cff800000 0 0
1 1 1 3a3615067fc00000 0 0
1 1 1 b2e874e1ff800000 0 0
1 1 1 45ddf3c37f800000 0 0
1 1 1 ca258a50ff800000 0 0
1 1 1 bcba025f7fc00000 0 0
1 1 1 c6cd85227f800000 0 0
1 1 1 b0e78981ff800000 0 0
1 1 1 3631950d7fc00000 0 0
1 1 1 3dacd72bff800000 0 0
1 1 1 be42290fff800000 0 0
1 1 1 37c5f129ff800000 0 0
1 1 1 b8daa6d8ff800000 0 0
1 1 1 4098bc36ff800000 0 0
1 1 1 3c6333a0ff800000 0 0
1 1 1 c01dd22e7f800000 0 0
1 1 1 b477acb87fc00000 0 0
1 1 1 c4ca81b77fc00000 0 0
1 1 1 c7db10d8ff800000 0 0
1 1 1 be60814b7f800000 0 0
1 1 1 48c340527f800000 0 0
1 1 1 48d9b2c57f800000 0 0
1 1 1 c3984661ff800000 0 0
1 1 1 b9d6dcf3ff800000 0 0
1 1 1 c5e0972b7f800000 0 0
1 1 1 bbecf5e67f800000 0 0
1 1 1 b1c1b09b7fc00000 0 0
1 1 1 b3032df57fc00000 0 0
1 1 1 c00bf6027fc00000 0 0
1 1 1 b55f4fe3ff800000 0 0
1 1 1 320ea198ff800000 0 0
1 1 1 cb16d6937f800000 0 0
1 1 1 b3ea957f7f800000 0 0
1 1 1 c4809e05ff800000 0 0
1 1 1 46cd12547fc00000 0 0
1 1 1 4bda250c7fc00000 0 0
1 1 1 4c71a2207fc00000 0 0
1 1 1 b44a826f7fc00000 0 0
1 1 1 35d195217f800000 0 0
1 1 1 446a75bb7fc00000 0 0
1 1 1 3a7b81bd7fc00000 0 0
1 1 1 c33a90d87f800000 0 0
1 1 1 b5c7a9937f800000 0 0
1 1 1 38366fa57fc00000 0 0
1 1 1 b91b3f8aff800000 0 0
1 1 1 3329ee587fc00000 0 0
1 1 1 bbb2a7fd7f800000 0 0
1 1 1 bd6108667fc00000 0 0
1 1 1 4606cdb97f800000 0 0
1 1 1 4bced6237f800000 0 0
1 1 1 33da7920ff800000 0 0
1 1 1 b6559e617f800000 0 0
1 1 1 c077eb64ff800000 0 0
1 1 1 b66717877fc00000 0 0
1 1 1 3836e5247fc00000 0 0
1 1 1 3e53ff7f7f800000 0 0
1 1 1 3e59681cff800000 0 0
1 1 1 c0d6196e7fc00000 0 0
1 1 1 3e27ab5a7fc00000 0 0
1 1 1 c6aa9b9a7fc00000 0 0
1 1 1 b657b63bff800000 0 0
1 1 1 3f600524ff800000 0 0
1 1 1 33ad3faeff800000 0 0
1 1 1 c5e4516a7f800000 0 0
1 1 1 421badaf7fc00000 0 0
1 1 1 49217d857fc00000 0 0
1 1 1 bebe6d867fc00000 0 0
1 1 1 b8dc131e7f800000 0 0
1 1 1 cd8dad657fc00000 0 0
1 1 1 b6b6d3197fc00000 0 0
1 1 1 bfe3f6247f800000 0 0
1 1 1 34dbfc71ff800000 0 0
1 1 1 31c884d17fc00000 0 0
1 1 1 375df1d87fc00000 0 0
1 1 1 43d32173ff800000 0 0
1 1 1 34cd16407f800000 0 0
1 1 1 322ae49bff800000 0 0
1 1 1 4ba4340c7f800000 0 0
1 1 1 b6c3943a7fc00000 0 0
1 1 1 49291f3dff800000 0 0
1 1 1 4b783f527fc00000 0 0
1 1 1 49901fdbff800000 0 0
1 1 1 ba1402c27fc00000 0 0
1 1 1 c2d903e2ff800000 0 0
1 1 1 b17590557fc00000 0 0
1 1 1 3c0aa343ff800000 0 0
1 1 1 c5d588427fc00000 0 0
1 1 1 3b6ea2df7fc00000 0 0
1 1 1 4929d7397f800000 0 0
1 1 1 c8c7cef2ff800000 0 0
1 1 1 b7774b50ff800000 0 0
1 1 1 b5a2833e7fc00000 0 0
1 1 1 320fc93f7f800000 0 0
1 1 1 3c0a667b7fc00000 0 0
1 1 1 3600aed97f800000 0 0
1 1 1 493f75157f800000 0 0
1 1 1 4e13c2fa7f800000 0 0
1 1 1 c042eb037f800000 0 0
1 1 1 c12406af7f800000 0 0
1 1 1 4da80ca3ff800000 0 0
1 1 1 c75e43ff7f800000 0 0
1 1 1 4affa9427f800000 0 0
1 1 1 48a33c457fc00000 0 0
1 1 1 4970ab637fc00000 0 0
1 1 1 ca6112dbff800000 0 0
1 1 1 4d1765afff800000 0 0
1 1 1 42c25019ff800000 0 0
1 1 1 b4f28d6e7f800000 0 0
1 1 1 bc9f7f2aff800000 0 0
1 1 1 ca96cd667f800000 0 0
1 1 1 b0c52c5aff800000 0 0
1 1 1 481cc34bff800000 0 0
1 1 1 bfca33e97f800000 0 0
1 1 1 40a57d957fc00000 0 0
1 1 1 cc17f3deff800000 0 0
1 1 1 cd56d34d7fc00000 0 0
1 1 1 366d6cb77f800000 0 0
1 1 1 b494158dff800000 0 0
1 1 1 b1d47bb17f800000 0 0
1 1 1 c00867117fc00000 0 0
1 1 1 3d1834e9ff800000 0 0
1 1 1 b6244f007fc00000 0 0
1 1 1 308696eb7fc00000 0 0
1 1 1 3cfb06097fc00000 0 0
1 1 1 416e88f27fc00000 0 0
1 1 1 c4cdc0337fc00000 0 0
1 1 1 31ee88907fc00000 0 0
1 1 1 ba4225567f800000 0 0
1 1 1 31dbd1e17fc00000 0 0
1 1 1 b11cfa387fc00000 0 0
1 1 1 c31dfd8aff800000 0 0
1 1 1 3d4b85f3ff800000 0 0
1 1 1 4419f3f07fc00000 0 0
1 1 1 b7b811277f800000 0 0
1 1 1 ba9b20a27fc00000 0 0
1 1 1 40e5b8e47f800000 0 0
1 1 1 4d576efc7f800000 0 0
1 1 1 3c9f47af7f800000 0 0
1 1 1 c6c451297f800000 0 0
1 1 1 4069d40a7fc00000 0 0
1 1 1 ba6562877f800000 0 0
1 1 1 b850ec06ff800000 0 0
1 1 1 32a9f45e7f800000 0 0
1 1 1 ce3de77c7f800000 0 0
1 1 1 411f9d817f800000 0 0
1 1 1 3eabca5cff800000 0 0
1 1 1 b68c17f17f800000 0 0
1 1 1 35efa74e7f800000 0 0
1 1 1 b1a3b99b7fc00000 0 0
1 1 1 bd715d777fc00000 0 0
1 1 1 bc723dd6ff800000 0 0
1 1 1 354321f8ff800000 0 0
1 1 1 49373f077fc00000 0 0
1 1 1 34eea2837fc00000 0 0
1 1 1 b62600bf7fc00000 0 0
1 1 1 ce6dd40cff800000 0 0
1 1 1 b1b37aceff800000 0 0
1 1 1 4cc6e4fd7fc00000 0 0
1 1 1 b97d9467ff800000 0 0
1 1 1 b5090dc37f800000 0 0
1 1 1 31ba29d07fc00000 0 0
1 1 1 b87bba797f800000 0 0
1 1 1 cb3f1cf27fc00000 0 0
1 1 1 b5837339ff800000 0 0
1 1 1 b45a84487fc00000 0 0
1 1 1 b4e451c17fc00000 0 0
1 1 1 b139f51aff800000 0 0
1 1 1 4ccee0997fc00000 0 0
1 1 1 399e827a7f800000 0 0
1 1 1 c9a589e97fc00000 0 0
1 1 1 4be45308ff800000 0 0
1 1 1 cb62f612ff800000 0 0
1 1 1 c58f8f92ff800000 0 0
1 1 1 b11451d17fc00000 0 0
1 1 1 c6b332a47f800000 0 0
1 1 1 475dbb81ff800000 0 0
1 1 1 c73482ca7f800000 0 0
1 1 1 c64ce582ff800000 0 0
1 1 1 c9fe7a497fc00000 0 0
1 1 1 42fe9f287f800000 0 0
1 1 1 4c4a2554ff800000 0 0
1 1 1 b8bd0c08ff800000 0 0
1 1 1 451119817fc00000 0 0
1 1 1 bc8c1cb07fc00000 0 0
1 1 1 b49a015f7f800000 0 0
1 1 1 41dde08d7fc00000 0 0
1 1 1 4e7ad7d2ff800000 0 0
1 1 1 c306237c7fc00000 0 0
1 1 1 3a48441b7f800000 0 0
1 1 1 3ebc4c3b7f800000 0 0
1 1 1 c37cfdd77f800000 0 0
1 1 1 b3adbc7b7fc00000 0 0
1 1 1 42927d5f7fc00000 0 0
1 1 1 ba97fbcc7fc00000 0 0
1 1 1 3561859b7fc00000 0 0
1 1 1 bd7168837fc00000 0 0
1 1 1 32117ff07fc00000 0 0
1 1 1 31a2a3417fc00000 0 0
1 1 1 cb19b08a7f800000 0 0
1 1 1 38347cfd7fc00000 0 0
1 1 1 bb3516817fc00000 0 0
1 1 1 3a0058a27f800000 0 0
1 1 1 3ac22e53ff800000 0 0
1 1 1 389409a97f800000 0 0
1 1 1 c538770bff800000 0 0
1 1 1 3fe4dd727f800000 0 0
1 1 1 47715b5bff800000 0 0
1 1 1 b0ed07577fc00000 0 0
1 1 1 c566b0617fc00000 0 0
1 1 1 bb4a16b47f800000 0 0
1 1 1 32ceba017fc00000 0 0
1 1 1 bd6e99ac7fc00000 0 0
1 1 1 b7cda6dc7f800000 0 0
1 1 1 b79ef0787fc00000 0 0
1 1 1 39e18919ff800000 0 0
1 1 1 38b055607fc00000 0 0
1 1 1 478b3fb37fc00000 0 0
1 1 1 b71d23b77fc00000 0 0
1 1 1 491ff418ff800000 0 0
1 1 1 35d6884e7fc00000 0 0
1 1 1 bd3b6754ff800000 0 0
1 1 1 b22b336cff800000 0 0
1 1 1 c5198dcc7fc00000 0 0
1 1 1 c3a794637fc00000 0 0
1 1 1 4e0ef3be7fc00000 0 0
1 1 1 be067e97ff800000 0 0
1 1 1 b66b0de27fc00000 0 0
1 1 1 41ba17d9ff800000 0 0
1 1 1 c6016e8c7fc00000 0 0
1 1 1 cac4f185ff800000 0 0
1 1 1 44e1ed127f800000 0 0
1 1 1 b4ffc7657f800000 0 0
1 1 1 33d9fa357f800000 0 0
1 1 1 c114fe8c7fc00000 0 0
1 1 1 b131ca557f800000 0 0
1 1 1 ccd1ef437fc00000 0 0
1 1 1 cee144fd7f800000 0 0
1 1 1 c8ef566f7fc00000 0 0
1 1 1 47d80bcfff800000 0 0
1 1 1 bc1af1057fc00000 0 0
1 1 1 4cc302107f800000 0 0
1 1 1 3ee3fb937f800000 0 0
1 1 1 c23c6d337fc00000 0 0
1 1 1 477bd5baff800000 0 0
1 1 1 cb7921047fc00000 0 0
1 1 1 b5ee8868ff800000 0 0
1 1 1 c9c2f5feff800000 0 0
1 1 1 4b2742d97fc00000 0 0
1 1 1 c73247dd7fc00000 0 0
1 1 1 4bddabf5ff800000 0 0
1 1 1 32179b357f800000 0 0
1 1 1 364d3424ff800000 0 0
1 1 1 40c197f37f800000 0 0
1 1 1 b32f088c7f800000 0 0
1 1 1 c896b69fff800000 0 0
1 1 1 33527649ff800000 0 0
1 1 1 cddd63b87fc00000 0 0
1 1 1 33c2ec667fc00000 0 0
1 1 1 479b594a7f800000 0 0
1 1 1 4a9bf77a7fc00000 0 0
1 1 1 453600447fc00000 0 0
1 1 1 c10fc6fc7f800000 0 0
1 1 1 3786ffb8ff800000 0 0
1 1 1 446a749fff800000 0 0
1 1 1 433f59cfff800000 0 0
1 1 1 ce9e095e7fc00000 0 0
1 1 1 4274221a7f800000 0 0
1 1 1 474dadb67f800000 0 0
1 1 1 bbd8e6697fc00000 0 0
1 1 1 b0c7093cff800000 0 0
1 1 1 bdf69684ff800000 0 0
1 1 1 4347face7fc00000 0 0
1 1 1 42c816b27fc00000 0 0
1 1 1 3453f3e1ff800000 0 0
1 1 1 3ad97d7c7f800000 0 0
1 1 1 b28f66bbff800000 0 0
1 1 1 c17098247fc00000 0 0
1 1 1 42ea0076ff800000 0 0
1 1 1 cb5e83f0ff800000 0 0
1 1 1 45b9ac977fc00000 0 0
1 1 1 cc47372eff800000 0 0
1 1 1 3f0b5b34ff800000 0 0
1 1 1 3f27f8d77f800000 0 0
1 1 1 c064c9fb7f800000 0 0
1 1 1 493da0c77fc00000 0 0
1 1 1 c6a2130e7f800000 0 0
1 1 1 cdd5bf47ff800000 0 0
1 1 1 c8be66c9ff800000 0 0
1 1 1 40e706e17fc00000 0 0
1 1 1 c10fc8f17f800000 0 0
1 1 1 416ab9cd7f800000 0 0
1 1 1 4aa520eeff800000 0 0
1 1 1 c9b3a6f5ff800000 0 0
1 1 1 bc2f404a7fc00000 0 0
1 1 1 b9628f19ff800000 0 0
1 1 1 b85f51817fc00000 0 0
1 1 1 bcf384347f800000 0 0
1 1 1 43c5e3707fc00000 0 0
1 1 1 3fcc0ce97f800000 0 0
1 1 1 c0692757ff800000 0 0
1 1 1 36cdca86ff800000 0 0
1 1 1 34025be3ff800000 0 0
1 1 1 b30600e47fc00000 0 0
1 1 1 c6be94eb7fc00000 0 0
1 1 1 b2e83821ff800000 0 0
1 1 1 4617cd277fc00000 0 0
1 1 1 bf0bef427fc00000 0 0
1 1 1 422bb5fd7fc00000 0 0
1 1 1 b3d9ce337f800000 0 0
1 1 1 399e6c387fc00000 0 0
1 1 1 ba10bb2bff800000 0 0
1 1 1 c9b897fb7f800000 0 0
1 1 1 b1df03ef7fc00000 0 0
1 1 1 bdf3573c7fc00000 0 0
1 1 1 b96301cdff800000 0 0
1 1 1 c84ef194ff800000 0 0
1 1 1 31ca16b5ff800000 0 0
1 1 1 be5563f1ff800000 0 0
1 1 1 3d67f3337f800000 0 0
1 1 1 4aca904f7f800000 0 0
1 1 1 b22fdc6bff800000 0 0
1 1 1 b8ad06377f800000 0 0
1 1 1 beeddd897fc00000 0 0
1 1 1 b8296602ff800000 0 0
1 1 1 bbdafa86ff800000 0 0
1 1 1 c9d30c087f800000 0 0
1 1 1 b38d4e687f800000 0 0
1 1 1 386911397f800000 0 0
1 1 1 cbd4568b7f800000 0 0
1 1 1 45cd217dff800000 0 0
1 1 1 4d76b357ff800000 0 0
1 1 1 c45732897fc00000 0 0
1 1 1 40ce1330ff800000 0 0
1 1 1 c55214dd7f800000 0 0
1 1 1 4e905594ff800000 0 0
1 1 1 324e78f97fc00000 0 0
1 1 1 35fb99117fc00000 0 0
1 1 1 417b77f17f800000 0 0
1 1 1 4dfe7a05ff800000 0 0
1 1 1 be461d22ff800000 0 0
1 1 1 32dde8f0ff800000 0 0
1 1 1 3c1371b07fc00000 0 0
1 1 1 b6743f837f800000 0 0
1 1 1 49c42ca5ff800000 0 0
1 1 1 c43bba5d7fc00000 0 0
1 1 1 c243d5b37f800000 0 0
1 1 1 4cc118227fc00000 0 0
1 1 1 b1ff5dedff800000 0 0
1 1 1 37d73c2d7fc00000 0 0
1 1 1 322fd2c07fc00000 0 0
1 1 1 32c267147fc00000 0 0
1 1 1 c711826c7fc00000 0 0
1 1 1 3246be4aff800000 0 0
1 1 1 34df2f477fc00000 0 0
1 1 1 4203a3d87fc00000 0 0
1 1 1 ccc24db77fc00000 0 0
1 1 1 3148ad607f800000 0 0
1 1 1 cb76532c7fc00000 0 0
1 1 1 3a744a03ff800000 0 0
1 1 1 b0fac33f7f800000 0 0
1 1 1 c96df01f7fc00000 0 0
1 1 1 451c639e7fc00000 0 0
1 1 1 b565884b7fc00000 0 0
1 1 1 3b4d5ff97f800000 0 0
1 1 1 c4133c47ff800000 0 0
1 1 1 b899cc317fc00000 0 0
1 1 1 b296c6f57f800000 0 0
1 1 1 c1481094ff800000 0 0
1 1 1 41ef6e347fc00000 0 0
1 1 1 4575883b7f800000 0 0
1 1 1 ce1c3e647fc00000 0 0
1 1 1 b5f2fa4b7f800000 0 0
1 1 1 b4506ce2ff800000 0 0
1 1 1 437bfcb8ff800000 0 0
1 1 1 bfa128287f800000 0 0
1 1 1 49f66c157f800000 0 0
1 1 1 40b6d9157fc00000 0 0
1 1 1 c570b5767fc00000 0 0
1 1 1 bc92bf96ff800000 0 0
1 1 1 c8cb5521ff800000 0 0
1 1 1 4563c6127fc00000 0 0
1 1 1 43c6d8a5ff800000 0 0
1 1 1 351893137fc00000 0 0
1 1 1 3d3e84b87f800000 0 0
1 1 1 46d8c19b7fc00000 0 0
1 1 1 43f701e87fc00000 0 0
1 1 1 c3a712647f800000 0 0
1 1 1 b9cfcc887f800000 0 0
1 1 1 ca0073da7f800000 0 0
1 1 1 381614317fc00000 0 0
1 1 1 414c194bff800000 0 0
1 1 1 b40b2abdff800000 0 0
1 1 1 c220ac777fc00000 0 0
1 1 1 cb1c3ded7f800000 0 0
1 1 1 405875307fc00000 0 0
1 1 1 b4ef662aff800000 0 0
1 1 1 c4ce4032ff800000 0 0
1 1 1 40b6d1da7fc00000 0 0
1 1 1 b39be0467f800000 0 0
1 1 1 bbb3023c7fc00000 0 0
1 1 1 3f8733beff800000 0 0
1 1 1 38634ab47fc00000 0 0
1 1 1 b103ed777f800000 0 0
1 1 1 4a7406367fc00000 0 0
1 1 1 3fb06772ff800000 0 0
1 1 1 3b6dd6557fc00000 0 0
1 1 1 cd1aa09c7f800000 0 0
1 1 1 cddcc67cff800000 0 0
1 1 1 c2fe57137f800000 0 0
1 1 1 4b415f257f800000 0 0
1 1 1 c429a87f7fc00000 0 0
1 1 1 3083ffb67f800000 0 0
1 1 1 b6ce45537fc00000 0 0
1 1 1 4d724b977f800000 0 0
1 1 1 40e2e4417fc00000 0 0
1 1 1 48b05b67ff800000 0 0
1 1 1 3ac8e3487fc00000 0 0
1 1 1 4ba0d9ab7fc00000 0 0
1 1 1 b9b27c56ff800000 0 0
1 1 1 421d66827f800000 0 0
1 1 1 c0ca2fcf7f800000 0 0
1 1 1 38051331ff800000 0 0
1 1 1 b2c5aeafff800000 0 0
1 1 1 4c39246eff800000 0 0
1 1 1 b64f4223ff800000 0 0
1 1 1 c0c81766ff800000 0 0
1 1 1 39f607c87fc00000 0 0
1 1 1 bda0e6b97fc00000 0 0
1 1 1 3f9a80fc7fc00000 0 0
1 1 1 358df63fff800000 0 0
1 1 1 330e9ab8ff800000 0 0
1 1 1 c7537722ff800000 0 0
1 1 1 31d21f537fc00000 0 0
1 1 1 b20c837e7fc00000 0 0
1 1 1 4caa0c357f800000 0 0
1 1 1 3799279d7f800000 0 0
1 1 1 328b7e227fc00000 0 0
1 1 1 c74b429b7f800000 0 0
1 1 1 41e6f6f77f800000 0 0
1 1 1 c082d98cff800000 0 0
1 1 1 c6c037c47f800000 0 0
1 1 1 c6cce3c0ff800000 0 0
1 1 1 b532dc997fc00000 0 0
1 1 1 bf08cbc5ff800000 0 0
1 1 1 bc7e209dff800000 0 0
1 1 1 b4aed3077f800000 0 0
1 1 1 bc5ad94b7fc00000 0 0
1 1 1 cca9add4ff800000 0 0
1 1 1 bc014a347fc00000 0 0
1 1 1 3b7fcddaff800000 0 0
1 1 1 cb7c4c8dff800000 0 0
1 1 1 cc5fae5dff800000 0 0
1 1 1 39fd7119ff800000 0 0
1 1 1 4e180518ff800000 0 0
1 1 1 b207f3efff800000 0 0
1 1 1 44681e78ff800000 0 0
1 1 1 35b615e97f800000 0 0
1 1 1 c5c0832eff800000 0 0
1 1 1 43edee437f800000 0 0
1 1 1 b5c335687fc00000 0 0
1 1 1 41353b01ff800000 0 0
1 1 1 4a8340337fc00000 0 0
1 1 1 b568f9ee7f800000 0 0
1 1 1 30a68b287f800000 0 0
1 1 1 c615b3feff800000 0 0
1 1 1 473a34047fc00000 0 0
1 1 1 bd99528e7f800000 0 0
1 1 1 49e422cdff800000 0 0
1 1 1 30ea36d37f800000 0 0
1 1 1 cc08e4c1ff800000 0 0
1 1 1 44ea988eff800000 0 0
1 1 1 c9bc1f5aff800000 0 0
1 1 1 3f0bb4367f800000 0 0
1 1 1 3ee7043e7fc00000 0 0
1 1 1 482cd0acff800000 0 0
1 1 1 c6a9c1c57f800000 0 0
1 1 1 320483797f800000 0 0
1 1 1 b31430ec7fc00000 0 0
1 1 1 c5c3ad637f800000 0 0
1 1 1 3fb9954cff800000 0 0
1 1 1 b134151bff800000 0 0
1 1 1 3d8ca2acff800000 0 0
1 1 1 b996a98b7fc00000 0 0
1 1 1 36bf91237f800000 0 0
1 1 1 b3613f367fc00000 0 0
1 1 1 b67096417f800000 0 0
1 1 1 4c2f7fc67fc00000 0 0
1 1 1 40175378ff800000 0 0
1 1 1 bce1075eff800000 0 0
1 1 1 b1b219277f800000 0 0
1 1 1 3c98acb17fc00000 0 0
1 1 1 423cc52a7f800000 0 0
1 1 1 4e06807aff800000 0 0
1 1 1 b8af4bd4ff800000 0 0
1 1 1 c354fc2a7fc00000 0 0
1 1 1 c70312717f800000 0 0
1 1 1 3e2728ae7fc00000 0 0
1 1 1 45ddfa317f800000 0 0
1 1 1 b94844dd7fc00000 0 0
1 1 1 3e52f7197f800000 0 0
1 1 1 4e80796c7f800000 0 0
1 1 1 b439a821ff800000 0 0
1 1 1 b0e8516c7f800000 0 0
1 1 1 4159dfb87fc00000 0 0
1 1 1 c51f0b2e7f800000 0 0
1 1 1 c9ffc5ddff800000 0 0
1 1 1 3d1f3b117fc00000 0 0
1 1 1 4af1a7427f800000 0 0
1 1 1 43db597a7fc00000 0 0
1 1 1 39c6373fff800000 0 0
1 1 1 4747f2ab7f800000 0 0
1 1 1 3c4d52b67fc00000 0 0
1 1 1 bfa2f9be7f800000 0 0
1 1 1 b9592ec57fc00000 0 0
1 1 1 4c450768ff800000 0 0
1 1 1 cb30569fff800000 0 0
1 1 1 321fc4937f800000 0 0
1 1 1 45a727437fc00000 0 0
1 1 1 bb9a14107fc00000 0 0
1 1 1 c2000f887f800000 0 0
1 1 1 4e3e66f77f800000 0 0
1 1 1 c6f44fb27fc00000 0 0
1 1 1 c6a8eaf7ff800000 0 0
1 1 1 c01381d37fc00000 0 0
1 1 1 bae7d356ff800000 0 0
1 1 1 b50078137fc00000 0 0
1 1 1 befa33be7f800000 0 0
1 1 1 33f789907f800000 0 0
1 1 1 4e5619c9ff800000 0 0
1 1 1 c09627227f800000 0 0
1 1 1 469e1eabff800000 0 0
1 1 1 cb1cb6c5ff800000 0 0
1 1 1 31110e307f800000 0 0
1 1 1 b11055097fc00000 0 0
1 1 1 bf9254237fc00000 0 0
1 1 1 3f1dabefff800000 0 0
1 1 1 bebd38177fc00000 0 0
1 1 1 c306bddf7fc00000 0 0
1 1 1 4e6b17d17fc00000 0 0
1 1 1 3ebf311bff800000 0 0
1 1 1 ba5cdbbd7fc00000 0 0
1 1 1 318ecfbeff800000 0 0
1 1 1 b79862147fc00000 0 0
1 1 1 baf5a0667fc00000 0 0
1 1 1 444b32ca7f800000 0 0
1 1 1 3e34ab41ff800000 0 0
1 1 1 433e9898ff800000 0 0
1 1 1 3f5cd3bbff800000 0 0
1 1 1 36d3e7517fc00000 0 0
1 1 1 387ec9b67f800000 0 0
1 1 1 334ab7e4ff800000 0 0
1 1 1 b1c4b37f7fc00000 0 0
1 1 1 46eb4f757fc00000 0 0
1 1 1 bb3829b6ff800000 0 0
1 1 1 3ce2f8cf7f800000 0 0
1 1 1 cc5fd4e27fc00000 0 0
1 1 1 b49cb19f7f800000 0 0
1 1 1 c2aabd55ff800000 0 0
1 1 1 44a26a4aff800000 0 0
1 1 1 bcdf431f7f800000 0 0
1 1 1 b837e4447fc00000 0 0
1 1 1 bf60a2687f800000 0 0
1 1 1 b6611da5ff800000 0 0
1 1 1 4a49beebff800000 0 0
1 1 1 bf90ef197fc00000 0 0
1 1 1 4380b5b77fc00000 0 0
1 1 1 3a2aff907f800000 0 0
1 1 1 bbdc8f457f800000 0 0
1 1 1 49571e027f800000 0 0
1 1 1 bc9d80057f800000 0 0
1 1 1 c61a9e5cff800000 0 0
1 1 1 3f7d8b077fc00000 0 0
1 1 1 40e48dc37f800000 0 0
1 1 1 b6b2c24c7f800000 0 0
1 1 1 4b707614ff800000 0 0
1 1 1 3f23be8d7f800000 0 0
1 1 1 bbd02b207f800000 0 0
1 1 1 401166b77f800000 0 0
1 1 1 3c9877a17f800000 0 0
1 1 1 4305e407ff800000 0 0
1 1 1 43aa55fbff800000 0 0
1 1 1 391e73687fc00000 0 0
1 1 1 4ae47df57fc00000 0 0
1 1 1 bbdf8c837fc00000 0 0
1 1 1 b861d61e7f800000 0 0
1 1 1 370347a97fc00000 0 0
1 1 1 c2f838a9ff800000 0 0
1 1 1 b904c8c9ff800000 0 0
1 1 1 b892b636ff800000 0 0
1 1 1 3471fb727fc00000 0 0
1 1 1 30bd412b7fc00000 0 0
1 1 1 34073c7aff800000 0 0
1 1 1 31992a50ff800000 0 0
1 1 1 c03a0cdc7fc00000 0 0
1 1 1 4b807dfe7fc00000 0 0
1 1 1 402761477f800000 0 0
1 1 1 37059e577fc00000 0 0
1 1 1 339831e17f800000 0 0
1 1 1 4c4cfcb57fc00000 0 0
1 1 1 37a9dd1d7fc00000 0 0
1 1 1 b6616ff67fc00000 0 0
1 1 1 372f4d15ff800000 0 0
1 1 1 bf2f301d7f800000 0 0
1 1 1 c097d2627f800000 0 0
1 1 1 c7ddb0f37fc00000 0 0
1 1 1 35e455a4ff800000 0 0
1 1 1 3dc9235e7fc00000 0 0
1 1 1 3e001c787f800000 0 0
1 1 1 3a5471df7f800000 0 0
1 1 1 4cff63d4ff800000 0 0
1 1 1 b80e6568ff800000 0 0
1 1 1 cdbb7b2d7fc00000 0 0
1 1 1 4d90c25f7f800000 0 0
1 1 1 c3f906cbff800000 0 0
1 1 1 c76a6a857fc00000 0 0
1 1 1 452f480a7fc00000 0 0
1 1 1 c7902297ff800000 0 0
1 1 1 c7a847fd7f800000 0 0
1 1 1 b09000d47fc00000 0 0
1 1 1 cb2378357f800000 0 0
1 1 1 c900e8747fc00000 0 0
1 1 1 cd12805e7f800000 0 0
1 1 1 c5fe560b7f800000 0 0
1 1 1 b5843e2e7f800000 0 0
1 1 1 b14c0aaf7f800000 0 0
1 1 1 43eb001a7fc00000 0 0
1 1 1 ce93e3017f800000 0 0
1 1 1 3cf85924ff800000 0 0
1 1 1 36319d46ff800000 0 0
1 1 1 b5382f477fc00000 0 0
1 1 1 c308099b7f800000 0 0
1 1 1 cc972602ff800000 0 0
1 1 1 4e4b250d7f800000 0 0
1 1 1 b0b8ad31ff800000 0 0
1 1 1 3206d416ff800000 0 0
1 1 1 4188c8fd7f800000 0 0
1 1 1 35308ffaff800000 0 0
1 1 1 b38043e0ff800000 0 0
1 1 1 48fe11c77fc00000 0 0
1 1 1 bb2c014d7fc00000 0 0
1 1 1 390db1487f800000 0 0
1 1 1 bff1fe6fff800000 0 0
1 1 1 c08ef0a7ff800000 0 0
1 1 1 cd4678087fc00000 0 0
1 1 1 b2b2b8417fc00000 0 0
1 1 1 3ed1a6ac7f800000 0 0
1 1 1 b4e60f647f800000 0 0
1 1 1 3a0861fa7fc00000 0 0
1 1 1 beb292eb7fc00000 0 0
1 1 1 c6eab5c77fc00000 0 0
1 1 1 45031e2fff800000 0 0
1 1 1 bb6774feff800000 0 0
1 1 1 43d40feb7fc00000 0 0
1 1 1 4813310eff800000 0 0
1 1 1 c0951d78ff800000 0 0
1 1 1 c28abd637f800000 0 0
1 1 1 c5e8faed7fc00000 0 0
1 1 1 c11acc4d7f800000 0 0
1 1 1 c39421e6ff800000 0 0
1 1 1 403e96987fc00000 0 0
1 1 1 bf47c484ff800000 0 0
1 1 1 b39324e77fc00000 0 0
1 1 1 42d7c6667f800000 0 0
1 1 1 c968cf6aff800000 0 0
1 1 1 3d3f6674ff800000 0 0
1 1 1 3afd5b10ff800000 0 0
1 1 1 442ee7f1ff800000 0 0
1 1 1 3bbb119d7f800000 0 0
1 1 1 365c59137f800000 0 0
1 1 1 40d04246ff800000 0 0
1 1 1 42a9294d7f800000 0 0
1 1 1 c1d8a8bdff800000 0 0
1 1 1 4c3408bfff800000 0 0
1 1 1 cdea7b057f800000 0 0
1 1 1 c1dc04637fc00000 0 0
1 1 1 40d78cebff800000 0 0
1 1 1 3869dda1ff800000 0 0
1 1 1 c6948a777fc00000 0 0
1 1 1 b28292ae7f800000 0 0
1 1 1 b76098a3ff800000 0 0
1 1 1 b7c3510a7f800000 0 0
1 1 1 c48234917f800000 0 0
1 1 1 cccf347c7fc00000 0 0
1 1 1 3b5088967fc00000 0 0
1 1 1 bdaf737e7f800000 0 0
1 1 1 c127ae017f800000 0 0
1 1 1 b383067c7f800000 0 0
1 1 1 49c7bccc7f800000 0 0
1 1 1 cd3ac815ff800000 0 0
1 1 1 4cdef33a7fc00000 0 0
1 1 1 4b4de0ca7f800000 0 0
1 1 1 459a52957f800000 0 0
1 1 1 398ff8c87fc00000 0 0
1 1 1 bbde32437f800000 0 0
1 1 1 b901dabb7f800000 0 0
1 1 1 c9c07a207fc00000 0 0
1 1 1 44ef4313ff800000 0 0
1 1 1 b648eb49ff800000 0 0
1 1 1 c3d384c17fc00000 0 0
1 1 1 43d7d3c87fc00000 0 0
1 1 1 b2193f967f800000 0 0
1 1 1 b1ef6b937fc00000 0 0
1 1 1 c37cbbc27f800000 0 0
1 1 1 3203fca0ff800000 0 0
1 1 1 b1635bd6ff800000 0 0
1 1 1 386b11d87fc00000 0 0
1 1 1 3c10edb7ff800000 0 0
1 1 1 cc4b0fab7f800000 0 0
1 1 1 3a585026ff800000 0 0
1 1 1 4d2e1f067fc00000 0 0
1 1 1 b433026d7fc00000 0 0
1 1 1 370d7bd37fc00000 0 0
1 1 1 3a4dc9d9ff800000 0 0
1 1 1 be402e92ff800000 0 0
1 1 1 388d7eb87f800000 0 0
1 1 1 3f545f127f800000 0 0
1 1 1 c54231347fc00000 0 0
1 1 1 b60cdb26ff800000 0 0
1 1 1 3cc076707fc00000 0 0
1 1 1 b3589fe87fc00000 0 0
1 1 1 baa1443d7f800000 0 0
1 1 1 b1e5664cff800000 0 0
1 1 1 426c1dd77fc00000 0 0
1 1 1 40efb66bff800000 0 0
1 1 1 383476227fc00000 0 0
1 1 1 3bbefb00ff800000 0 0
1 1 1 b8b4013b7f800000 0 0
1 1 1 40dc3cc2ff800000 0 0
1 1 1 48f15f5dff800000 0 0
1 1 1 cc8165b4ff800000 0 0
1 1 1 34734276ff800000 0 0
1 1 1 b57e650bff800000 0 0
1 1 1 bcc7cce6ff800000 0 0
1 1 1 b9ce2cc37fc00000 0 0
1 1 1 c8dad45c7f800000 0 0
1 1 1 b18bdb7e7fc00000 0 0
1 1 1 b26e93287f800000 0 0
1 1 1 c694466f7fc00000 0 0
1 1 1 375746bfff800000 0 0
1 1 1 bbca73977fc00000 0 0
1 1 1 b7e6b5a97fc00000 0 0
1 1 1 36ebb1e27f800000 0 0
1 1 1 c5ea0de97fc00000 0 0
1 1 1 c6ecd3517f800000 0 0
1 1 1 baf49aea7fc00000 0 0
1 1 1 ba13fb0a7f800000 0 0
1 1 1 37f7cc7eff800000 0 0
1 1 1 33a111237f800000 0 0
1 1 1 48f8ec107fc00000 0 0
1 1 1 35a810c8ff800000 0 0
1 1 1 c4b104047fc00000 0 0
1 1 1 33798ca97fc00000 0 0
1 1 1 3b3214737fc00000 0 0
1 1 1 cdcf1cc37f800000 0 0
1 1 1 b758a6c67fc00000 0 0
1 1 1 be457367ff800000 0 0
1 1 1 32a5d2347f800000 0 0
1 1 1 38b828d67fc00000 0 0
1 1 1 cef2eac67fc00000 0 0
1 1 1 480854127fc00000 0 0
1 1 1 c337babdff800000 0 0
1 1 1 393882187fc00000 0 0
1 1 1 4889594cff800000 0 0
1 1 1 c6ae21977f800000 0 0
1 1 1 bad0793b7f800000 0 0
1 1 1 b7ad7b897fc00000 0 0
1 1 1 44270a617fc00000 0 0
1 1 1 4d6b2fbfff800000 0 0
1 1 1 cdfe0403ff800000 0 0
1 1 1 3935e226ff800000 0 0
1 1 1 b36d11a1ff800000 0 0
1 1 1 4d8c8ab37fc00000 0 0
1 1 1 be5e60277f800000 0 0
1 1 1 b0ec1a9cff800000 0 0
1 1 1 cd1d70d97f800000 0 0
1 1 1 c93bff637f800000 0 0
1 1 1 c9636f517fc00000 0 0
1 1 1 c4283db97fc00000 0 0
1 1 1 b0a90f4eff800000 0 0
1 1 1 c561b3777f800000 0 0
1 1 1 46350cd17fc00000 0 0
1 1 1 3c73af8a7fc00000 0 0
1 1 1 458306197fc00000 0 0
1 1 1 cc0c2fd37f800000 0 0
1 1 1 4ac9ffbe7fc00000 0 0
1 1 1 44faf1277fc00000 0 0
1 1 1 b13d5e5d7f800000 0 0
1 1 1 c83ebb3cff800000 0 0
1 1 1 3584a4497fc00000 0 0
1 1 1 b6d0afd47fc00000 0 0
1 1 1 bc64638b7f800000 0 0
1 1 1 bfacad987f800000 0 0
1 1 1 4c80c4f97fc00000 0 0
1 1 1 416f542f7fc00000 0 0
1 1 1 c21dfd63ff800000 0 0
1 1 1 c6c07c5d7f800000 0 0
1 1 1 48f623dd7fc00000 0 0
1 1 1 c82be94a7fc00000 0 0
1 1 1 cbf6d5357fc00000 0 0
1 1 1 36e8269a7f800000 0 0
1 1 1 4779b4ceff800000 0 0
1 1 1 3e25f3daff800000 0 0
1 1 1 cd679fd67f800000 0 0
1 1 1 475fe2327fc00000 0 0
1 1 1 4487bb247f800000 0 0
1 1 1 32b6eff0ff800000 0 0
1 1 1 cb0b87ffff800000 0 0
1 1 1 32a19df97f800000 0 0
1 1 1 bc840373ff800000 0 0
1 1 1 c256cb127fc00000 0 0
1 1 1 b5f1d729ff800000 0 0
1 1 1 4d1b77e47fc00000 0 0
1 1 1 bf963152ff800000 0 0
1 1 1 c34d40b37fc00000 0 0
1 1 1 c31b5fab7fc00000 0 0
1 1 1 c40b15e37f800000 0 0
1 1 1 b63bc94c7f800000 0 0
1 1 1 4dea7c68ff800000 0 0
1 1 1 cba72c367fc00000 0 0
1 1 1 405edbdd7fc00000 0 0
1 1 1 b8e5c2937fc00000 0 0
1 1 1 ca78becb7f800000 0 0
1 1 1 c451ce54ff800000 0 0
1 1 1 496a3bb47f800000 0 0
1 1 1 c338c5787fc00000 0 0
1 1 1 38aeaac1ff800000 0 0
1 1 1 32ac658b7fc00000 0 0
1 1 1 c0e36ab17f800000 0 0
1 1 1 bb6cfb2fff800000 0 0
1 1 1 367419037fc00000 0 0
1 1 1 bfca78ad7fc00000 0 0
1 1 1 c1a5bd3e7fc00000 0 0
1 1 1 b76e9c1d7fc00000 0 0
1 1 1 b4fa35e6ff800000 0 0
1 1 1 c3df59907fc00000 0 0
1 1 1 b71386d2ff800000 0 0
1 1 1 b7bffdfd7f800000 0 0
1 1 1 c165e1b77f800000 0 0
1 1 1 3ab4a5277fc00000 0 0
1 1 1 c3fb4338ff800000 0 0
1 1 1 b6527e167fc00000 0 0
1 1 1 b63db61aff800000 0 0
1 1 1 4c49b3f97fc00000 0 0
1 1 1 3d38f2ef7f800000 0 0
1 1 1 4e26ca507fc00000 0 0
1 1 1 c0071d697f800000 0 0
1 1 1 c50159c9ff800000 0 0
1 1 1 c5afd5a3ff800000 0 0
1 1 1 cce3b18c7f800000 0 0
1 1 1 b4044b257f800000 0 0
1 1 1 3c2d20d27f800000 0 0
1 1 1 45ed27917fc00000 0 0
1 1 1 33d29fc67fc00000 0 0
1 1 1 baa2a4c17fc00000 0 0
1 1 1 4df64380ff800000 0 0
1 1 1 344eb8ae7f800000 0 0
1 1 1 b56a20b6ff800000 0 0
1 1 1 cd2626fa7f800000 0 0
1 1 1 43690099ff800000 0 0
1 1 1 4bccae0a7fc00000 0 0
1 1 1 b0bd7b17ff800000 0 0
1 1 1 437afb457fc00000 0 0
1 1 1 be3343397fc00000 0 0
1 1 1 bf41435a7f800000 0 0
1 1 1 3d809f0c7f800000 0 0
1 1 1 45b599557f800000 0 0
1 1 1 bb7cb720ff800000 0 0
1 1 1 30f98a90ff800000 0 0
1 1 1 c45cc1b77fc00000 0 0
1 1 1 36fe9bce7f800000 0 0
1 1 1 409045fdff800000 0 0
1 1 1 c24eb1b57fc00000 0 0
1 1 1 38dbbae7ff800000 0 0
1 1 1 31867d1dff800000 0 0
1 1 1 4b96bdb07f800000 0 0
1 1 1 b748d83aff800000 0 0
1 1 1 38b5742b7f800000 0 0
1 1 1 3650473bff800000 0 0
1 1 1 b33027f6ff800000 0 0
1 1 1 3c8609227f800000 0 0
1 1 1 47f43c087fc00000 0 0
1 1 1 4147ad2eff800000 0 0
1 1 1 b6cceaaa7fc00000 0 0
1 1 1 b7d451af7f800000 0 0
1 1 1 4b69d258ff800000 0 0
1 1 1 cb4110557fc00000 0 0
1 1 1 c65ebdb4ff800000 0 0
1 1 1 4c4acd02ff800000 0 0
1 1 1 3a47c2bc7fc00000 0 0
1 1 1 bfc892fe7fc00000 0 0
1 1 1 c8fb78417fc00000 0 0
1 1 1 48d2e0287f800000 0 0
1 1 1 bb49ddcb7f800000 0 0
1 1 1 34712a057fc00000 0 0
1 1 1 436d057dff800000 0 0
1 1 1 3d93bd067fc00000 0 0
1 1 1 3482bcc77f800000 0 0
1 1 1 c481d61bff800000 0 0
1 1 1 4c0e9db1ff800000 0 0
1 1 1 37c3813b7fc00000 0 0
1 1 1 4ad4427cff800000 0 0
1 1 1 46814feb7fc00000 0 0
1 1 1 c9d855e4ff800000 0 0
1 1 1 b3c33159ff800000 0 0
1 1 1 cd17001b7f800000 0 0
1 1 1 3a79a8fbff800000 0 0
1 1 1 c4a7f3d4ff800000 0 0
1 1 1 3abe43727f800000 0 0
1 1 1 b282b73c7fc00000 0 0
1 1 1 44898b597fc00000 0 0
1 1 1 4c8954307f800000 0 0
1 1 1 befb9f6eff800000 0 0
1 1 1 ca1fd852ff800000 0 0
1 1 1 317ce3047f800000 0 0
1 1 1 c2efa2b77f800000 0 0
1 1 1 44a93ab7ff800000 0 0
1 1 1 3272c2047f800000 0 0
1 1 1 424b7a60ff800000 0 0
1 1 1 3986d5fd7f800000 0 0
1 1 1 baeac5d77fc00000 0 0
1 1 1 3bd168dd7fc00000 0 0
1 1 1 c52d8b0c7f800000 0 0
1 1 1 3aad4b67ff800000 0 0
1 1 1 bb9eb3ec7f800000 0 0
1 1 1 474dbf687f800000 0 0
1 1 1 ba55de2d7fc00000 0 0
1 1 1 b7c6c07e7fc00000 0 0
1 1 1 c4ab487eff800000 0 0
1 1 1 4d63bfdb7fc00000 0 0
1 1 1 cbc91ad37fc00000 0 0
1 1 1 3cdbc16d7fc00000 0 0
1 1 1 48f28bc97f800000 0 0
1 1 1 322d53b7ff800000 0 0
1 1 1 c48647ec7f800000 0 0
1 1 1 337dc4eb7fc00000 0 0
1 1 1 32f6e3557f800000 0 0
1 1 1 c4f7167b7fc00000 0 0
1 1 1 b8c16da37f800000 0 0
1 1 1 bdbbb5537fc00000 0 0
1 1 1 bdc4ff8c7fc00000 0 0
1 1 1 cb40f750ff800000 0 0
1 1 1 c376f62dff800000 0 0
1 1 1 3498247e7fc00000 0 0
1 1 1 40bb18acff800000 0 0
1 1 1 b20252177fc00000 0 0
1 1 1 4172a720ff800000 0 0
1 1 1 b2aec02c7fc00000 0 0
1 1 1 34782989ff800000 0 0
1 1 1 395d4516ff800000 0 0
1 1 1 c1a3967d7fc00000 0 0
1 1 1 bca1f3637f800000 0 0
1 1 1 ca17e85d7fc00000 0 0
1 1 1 3c8896547fc00000 0 0
1 1 1 3469b6d7ff800000 0 0
1 1 1 30d62c0a7fc00000 0 0
1 1 1 c1f4c14f7fc00000 0 0
1 1 1 4c3cb8e77fc00000 0 0
1 1 1 b1d206b37fc00000 0 0
1 1 1 bca19b70ff800000 0 0
1 1 1 477930347f800000 0 0
1 1 1 cde80ffc7fc00000 0 0
1 1 1 bf5a30c77fc00000 0 0
1 1 1 bd4fb9e47fc00000 0 0
1 1 1 40e98a167fc00000 0 0
1 1 1 366dddebff800000 0 0
1 1 1 3f38a9e37f800000 0 0
1 1 1 3d8f8ba27fc00000 0 0
1 1 1 3e4847477f800000 0 0
1 1 1 445ad2d87f800000 0 0
1 1 1 b44c60977fc00000 0 0
1 1 1 423b9b4f7f800000 0 0
1 1 1 4488c0ee7fc00000 0 0
1 1 1 ba00e927ff800000 0 0
1 1 1 c6c5a92dff800000 0 0
1 1 1 436aa55fff800000 0 0
1 1 1 46a35780ff800000 0 0
1 1 1 33bdaff8ff800000 0 0
1 1 1 cbfdfa647f800000 0 0
1 1 1 c83cc3c4ff800000 0 0
1 1 1 b2a88d837f800000 0 0
1 1 1 3690843aff800000 0 0
1 1 1 be8b7e5bff800000 0 0
1 1 1 ba1d78477f800000 0 0
1 1 1 4675ddf07f800000 0 0
1 1 1 b7e23f03ff800000 0 0
1 1 1 422566667fc00000 0 0
1 1 1 b56ed2ec7fc00000 0 0
1 1 1 cb3830acff800000 0 0
1 1 1 4ed536637fc00000 0 0
1 1 1 bea051397fc00000 0 0
1 1 1 b161130f7fc00000 0 0
1 1 1 31b717a07fc00000 0 0
1 1 1 3a01b1b4ff800000 0 0
1 1 1 bee284017f800000 0 0
1 1 1 32d5a3cc7fc00000 0 0
1 1 1 b136927a7f800000 0 0
1 1 1 bcfe43167f800000 0 0
1 1 1 47a9fc9a7f800000 0 0
1 1 1 c0232a807f800000 0 0
1 1 1 ced58b767fc00000 0 0
1 1 1 c032a6697f800000 0 0
1 1 1 c12e721eff800000 0 0
1 1 1 44ecf9f27fc00000 0 0
1 1 1 b370ecdfff800000 0 0
1 1 1 3fbf9ad17fc00000 0 0
1 1 1 32720848ff800000 0 0
1 1 1 30d1980eff800000 0 0
1 1 1 495367ab7f800000 0 0
1 1 1 cc3c4b1b7fc00000 0 0
1 1 1 b8b786f6ff800000 0 0
1 1 1 b582d6d57fc00000 0 0
1 1 1 c0440a53ff800000 0 0
1 1 1 c14da3dcff800000 0 0
1 1 1 35589fdbff800000 0 0
1 1 1 334d07457fc00000 0 0
1 1 1 c83f9269ff800000 0 0
1 1 1 bcf0591aff800000 0 0
1 1 1 44b687e3ff800000 0 0
1 1 1 31bdfc517fc00000 0 0
1 1 1 49f007f27f800000 0 0
1 1 1 3817731aff800000 0 0
1 1 1 30c1dbaa7f800000 0 0
1 1 1 b8b4f4697f800000 0 0
1 1 1 c30edc86ff800000 0 0
1 1 1 37801222ff800000 0 0
1 1 1 b76a55557fc00000 0 0
1 1 1 b4e5add97fc00000 0 0
1 1 1 46ea4322ff800000 0 0
1 1 1 3089db937f800000 0 0
1 1 1 3c26c20cff800000 0 0
1 1 1 c45c1e8a7f800000 0 0
1 1 1 3b721ed6ff800000 0 0
1 1 1 b5ee68337fc00000 0 0
1 1 1 cbd5f25d7f800000 0 0
1 1 1 b6bd3b977f800000 0 0
1 1 1 b5ce74187fc00000 0 0
1 1 1 3fd940b07fc00000 0 0
1 1 1 4c2268b6ff800000 0 0
1 1 1 34002e1a7f800000 0 0
1 1 1 cd5e257eff800000 0 0
1 1 1 b56e2b3bff800000 0 0
1 1 1 3cf1ca1eff800000 0 0
1 1 1 3d15e14fff800000 0 0
1 1 1 bd528d627f800000 0 0
1 1 1 bf59f66e7fc00000 0 0
1 1 1 3cdd68f47fc00000 0 0
1 1 1 c784928f7fc00000 0 0
1 1 1 c227152a7f800000 0 0
1 1 1 c6de7e97ff800000 0 0
1 1 1 42f61dac7fc00000 0 0
1 1 1 cc25fe45ff800000 0 0
1 1 1 b3a22e66ff800000 0 0
1 1 1 ce16ee8a7f800000 0 0
1 1 1 c77135007fc00000 0 0
1 1 1 47a5861b7f800000 0 0
1 1 1 b8bc1c86ff800000 0 0
1 1 1 c4e6eec1ff800000 0 0
1 1 1 b546a9c1ff800000 0 0
1 1 1 49647b097fc00000 0 0
1 1 1 3995e3f6ff800000 0 0
1 1 1 459731967fc00000 0 0
1 1 1 b5a58498ff800000 0 0
1 1 1 44fc3c137f800000 0 0
1 1 1 490db08d7fc00000 0 0
1 1 1 cbb1945d7f800000 0 0
1 1 1 c119b0bcff800000 0 0
1 1 1 4d2572347f800000 0 0
1 1 1 b42a06657fc00000 0 0
1 1 1 49c42db4ff800000 0 0
1 1 1 b56a0226ff800000 0 0
1 1 1 33fa4f86ff800000 0 0
1 1 1 b61d29467f800000 0 0
1 1 1 34503a97ff800000 0 0
1 1 1 b2cf135cff800000 0 0
1 1 1 c52dab437f800000 0 0
1 1 1 bffbb2e97f800000 0 0
1 1 1 bb3523207fc00000 0 0
1 1 1 3d19b5bc7f800000 0 0
1 1 1 c6dcf235ff800000 0 0
1 1 1 ca6e4c627fc00000 0 0
1 1 1 b62cf11c7fc00000 0 0
1 1 1 468f984a7f800000 0 0
1 1 1 3c688f2a7f800000 0 0
1 1 1 c75b5d0bff800000 0 0
1 1 1 b429b3d2ff800000 0 0
1 1 1 37dc5e647fc00000 0 0
1 1 1 4c7670ffff800000 0 0
1 1 1 355902297f800000 0 0
1 1 1 c103a24b7f800000 0 0
1 1 1 3c1df0b2ff800000 0 0
1 1 1 39dbc9b37fc00000 0 0
1 1 1 caebdbfb7f800000 0 0
1 1 1 b6546c7e7f800000 0 0
1 1 1 327080477f800000 0 0
1 1 1 bf31e4ddff800000 0 0
1 1 1 3974669a7fc00000 0 0
1 1 1 32bbe6cd7fc00000 0 0
1 1 1 3d02306a7fc00000 0 0
1 1 1 46950125ff800000 0 0
1 1 1 c3fd7a82ff800000 0 0
1 1 1 4d0134917fc00000 0 0
1 1 1 3377a7987f800000 0 0
1 1 1 4d63ef9f7fc00000 0 0
1 1 1 ce5a54437fc00000 0 0
1 1 1 35b07e367f800000 0 0
1 1 1 37ff5638ff800000 0 0
1 1 1 b44269dc7f800000 0 0
1 1 1 bbb0bcf9ff800000 0 0
1 1 1 c48136cb7fc00000 0 0
1 1 1 b4e9d64d7fc00000 0 0
1 1 1 3e3cbb587fc00000 0 0
1 1 1 3a3883d17fc00000 0 0
1 1 1 4c6103007fc00000 0 0
1 1 1 b37725297fc00000 0 0
1 1 1 b2dc342d7fc00000 0 0
1 1 1 4cc76b2b7f800000 0 0
1 1 1 3286c4d77fc00000 0 0
1 1 1 bd9ca7bbff800000 0 0
1 1 1 cac3c74fff800000 0 0
1 1 1 3dde3aecff800000 0 0
1 1 1 444e14037fc00000 0 0
1 1 1 b8240310ff800000 0 0
1 1 1 b7de30757f800000 0 0
1 1 1 31ee8f1a7fc00000 0 0
1 1 1 c4e6aa577fc00000 0 0
1 1 1 4caf38d2ff800000 0 0
1 1 1 c9b034667f800000 0 0
1 1 1 cd4928f4ff800000 0 0
1 1 1 37c9bc197f800000 0 0
1 1 1 377ac72f7fc00000 0 0
1 1 1 4971ff957f800000 0 0
1 1 1 3e9b72a4ff800000 0 0
1 1 1 3c3dfac17f800000 0 0
1 1 1 bf46c9d7ff800000 0 0
1 1 1 34637a6d7fc00000 0 0
1 1 1 3decc6337fc00000 0 0
1 1 1 c2161e1fff800000 0 0
1 1 1 34f63dcd7f800000 0 0
1 1 1 3b1978f27f800000 0 0
1 1 1 b31923967fc00000 0 0
1 1 1 4a7641567fc00000 0 0
1 1 1 31015fd1ff800000 0 0
1 1 1 4c89ceb6ff800000 0 0
1 1 1 ba5ec08e7fc00000 0 0
1 1 1 b74151d47f800000 0 0
1 1 1 bbee53df7f800000 0 0
1 1 1 b6329c1a7f800000 0 0
1 1 1 4149a9847f800000 0 0
1 1 1 bf1e7dcbff800000 0 0
1 1 1 4ee9099eff800000 0 0
1 1 1 34758d3f7f800000 0 0
1 1 1 3f81dea07f800000 0 0
1 1 1 47ae0c8b7f800000 0 0
1 1 1 bfc9fe9a7fc00000 0 0
1 1 1 cd177e1eff800000 0 0
1 1 1 3179bb66ff800000 0 0
1 1 1 3516a7bf7fc00000 0 0
1 1 1 312c2fbbff800000 0 0
1 1 1 bc342ae07f800000 0 0
1 1 1 40c08b1e7f800000 0 0
1 1 1 4a707e907f800000 0 0
1 1 1 c6b18c407fc00000 0 0
1 1 1 cb3fff9f7fc00000 0 0
1 1 1 c8f9567a7f800000 0 0
1 1 1 49b0b4257f800000 0 0
1 1 1 bc7b1c2eff800000 0 0
1 1 1 4801f67f7f800000 0 0
1 1 1 4e5dd6c97fc00000 0 0
1 1 1 cda3bc20ff800000 0 0
1 1 1 4251831aff800000 0 0
1 1 1 39a0a5877fc00000 0 0
1 1 1 415fe28f7fc00000 0 0
1 1 1 420fc1f17f800000 0 0
1 1 1 bdf9c654ff800000 0 0
1 1 1 b49eef01ff800000 0 0
1 1 1 3de980fe7fc00000 0 0
1 1 1 bf2574ca7fc00000 0 0
1 1 1 c72de62dff800000 0 0
1 1 1 b8c62c317f800000 0 0
1 1 1 c120054fff800000 0 0
1 1 1 c9460846ff800000 0 0
1 1 1 30f2adb6ff800000 0 0
1 1 1 c5663e367fc00000 0 0
1 1 1 48bcb0de7fc00000 0 0
1 1 1 bf0f3d6aff800000 0 0
1 1 1 c8e12ac87f800000 0 0
1 1 1 ce3812057fc00000 0 0
1 1 1 c6f136957f800000 0 0
1 1 1 31eda7ff7f800000 0 0
1 1 1 b0cfb2a57f800000 0 0
1 1 1 ceae11427f800000 0 0
1 1 1 cd3457b17f800000 0 0
1 1 1 4aa1ef8b7fc00000 0 0
1 1 1 48984dd87f800000 0 0
1 1 1 332cb88b7f800000 0 0
1 1 1 b5416e0c7fc00000 0 0
1 1 1 ba8430da7f800000 0 0
1 1 1 bf4231107fc00000 0 0
1 1 1 bb02e5a6ff800000 0 0
1 1 1 c41e8ed6ff800000 0 0
1 1 1 4cccae267f800000 0 0
1 1 1 38d176ceff800000 0 0
1 1 1 b17973437fc00000 0 0
1 1 1 c43e954dff800000 0 0
1 1 1 34867ff97fc00000 0 0
1 1 1 b784d61eff800000 0 0
1 1 1 3cc6ea6d7fc00000 0 0
1 1 1 4d5daedeff800000 0 0
1 1 1 c607fb227fc00000 0 0
1 1 1 c746bdaa7f800000 0 0
1 1 1 36e0005b7fc00000 0 0
1 1 1 c312e4d07fc00000 0 0
1 1 1 46ab7966ff800000 0 0
1 1 1 4d9572407f800000 0 0
1 1 1 31e113637fc00000 0 0
1 1 1 c5c8f7b67fc00000 0 0
1 1 1 cda5992fff800000 0 0
1 1 1 b0edf8fb7f800000 0 0
1 1 1 395c30647f800000 0 0
1 1 1 b26ff8467f800000 0 0
1 1 1 ce5202157f800000 0 0
1 1 1 4c1ca5b8ff800000 0 0
1 1 1 44d4172e7fc00000 0 0
1 1 1 4a7b2d187f800000 0 0
1 1 1 b19e484b7fc00000 0 0
1 1 1 30f06560ff800000 0 0
1 1 1 3b69ae567fc00000 0 0
1 1 1 ca3f49a37f800000 0 0
1 1 1 c1ff01f77fc00000 0 0
1 1 1 b1afea9f7fc00000 0 0
1 1 1 b94e81d87f800000 0 0
1 1 1 44227b347fc00000 0 0
1 1 1 b619dacfff800000 0 0
1 1 1 cec35a9a7f800000 0 0
1 1 1 4ab47644ff800000 0 0
1 1 1 41cf67c97f800000 0 0
1 1 1 422806dc7f800000 0 0
1 1 1 cdb086767fc00000 0 0
1 1 1 3fd7bfaa7fc00000 0 0
1 1 1 c27a8932ff800000 0 0
1 1 1 c64b5d297f800000 0 0
1 1 1 42a70cad7f800000 0 0
1 1 1 b117020fff800000 0 0
1 1 1 3453278b7fc00000 0 0
1 1 1 b48703207fc00000 0 0
1 1 1 c7eb522b7f800000 0 0
1 1 1 360e27907f800000 0 0
1 1 1 4103599d7fc00000 0 0
1 1 1 c59e89c3ff800000 0 0
1 1 1 b0af65d87fc00000 0 0
1 1 1 45618a087f800000 0 0
1 1 1 cae9231bff800000 0 0
1 1 1 3cf66ed47f800000 0 0
1 1 1 4b9aa57c7f800000 0 0
1 1 1 3f603ad77fc00000 0 0
1 1 1 bbe4aa9a7fc00000 0 0
1 1 1 bc73e9fe7fc00000 0 0
1 1 1 cba18d387fc00000 0 0
1 1 1 48d59908ff800000 0 0
1 1 1 bb2e27b07fc00000 0 0
1 1 1 39f7964b7fc00000 0 0
1 1 1 c49aaa467f800000 0 0
1 1 1 b69f7ca7ff800000 0 0
1 1 1 b118dae2ff800000 0 0
1 1 1 cedebeb6ff800000 0 0
1 1 1 bfc6d3fcff800000 0 0
1 1 1 48e9b1377f800000 0 0
1 1 1 48cd9be47fc00000 0 0
1 1 1 438d92f8ff800000 0 0
1 1 1 c50ff72dff800000 0 0
1 1 1 349f0aec7f800000 0 0
1 1 1 bca36da67fc00000 0 0
1 1 1 3ee079ebff800000 0 0
1 1 1 34c0fc10ff800000 0 0
1 1 1 30fb69a07f800000 0 0
1 1 1 c53796527fc00000 0 0
1 1 1 3aff32657f800000 0 0
1 1 1 47d26e2f7fc00000 0 0
1 1 1 351d1c047f800000 0 0
1 1 1 c70be3547fc00000 0 0
1 1 1 c65545517fc00000 0 0
1 1 1 c8570e097f800000 0 0
1 1 1 bfefb3feff800000 0 0
1 1 1 34d4b4bcff800000 0 0
1 1 1 b8f655e7ff800000 0 0
1 1 1 33260b9c7fc00000 0 0
1 1 1 ccafb69d7f800000 0 0
1 1 1 b4bb573bff800000 0 0
1 1 1 48018ce9ff800000 0 0
1 1 1 c71066edff800000 0 0
1 1 1 3340df837f800000 0 0
1 1 1 3acfdd39ff800000 0 0
1 1 1 c42916d77f800000 0 0
1 1 1 b2181cf97fc00000 0 0
1 1 1 3462d1427f800000 0 0
1 1 1 b9cd1f04ff800000 0 0
1 1 1 4794ed18ff800000 0 0
1 1 1 48807f037f800000 0 0
1 1 1 c95a3ce0ff800000 0 0
1 1 1 4871e2baff800000 0 0
1 1 1 cea036367f800000 0 0
1 1 1 b3bfceacff800000 0 0
1 1 1 b51c53f87f800000 0 0
1 1 1 c1997f077fc00000 0 0
1 1 1 b392331a7fc00000 0 0
1 1 1 b7aadfd57f800000 0 0
1 1 1 cd8c0585ff800000 0 0
1 1 1 c098fa22ff800000 0 0
1 1 1 4b761280ff800000 0 0
1 1 1 38798b59ff800000 0 0
1 1 1 cd51c71e7fc00000 0 0
1 1 1 cb173dd57f800000 0 0
1 1 1 c96010407f800000 0 0
1 1 1 c768d2adff800000 0 0
1 1 1 431b53c77fc00000 0 0
1 1 1 3d49439f7fc00000 0 0
1 1 1 4df278837f800000 0 0
1 1 1 b326535bff800000 0 0
1 1 1 3e3c17e47fc00000 0 0
1 1 1 c551cbf27fc00000 0 0
1 1 1 34b3ac2c7f800000 0 0
1 1 1 c664d4e8ff800000 0 0
1 1 1 436cb01cff800000 0 0
1 1 1 b110e65a7fc00000 0 0
1 1 1 c98fa2ebff800000 0 0
1 1 1 46672db67fc00000 0 0
1 1 1 4eca23e7ff800000 0 0
1 1 1 be1346877fc00000 0 0
1 1 1 33f206987f800000 0 0
1 1 1 3b20c8f77f800000 0 0
1 1 1 c15d3268ff800000 0 0
1 1 1 b7caa7ab7f800000 0 0
1 1 1 b0affce27f800000 0 0
1 1 1 bf3badbf7f800000 0 0
1 1 1 4da29c79ff800000 0 0
1 1 1 4a44ac75ff800000 0 0
1 1 1 b9be8c67ff800000 0 0
1 1 1 478979077fc00000 0 0
1 1 1 3b2b233c7fc00000 0 0
1 1 1 4e9772367fc00000 0 0
1 1 1 bef5a4137fc00000 0 0
1 1 1 462ca051ff800000 0 0
1 1 1 3e30f85a7f800000 0 0
1 1 1 c269a14a7f800000 0 0
1 1 1 b880f53e7f800000 0 0
1 1 1 48adda7dff800000 0 0
1 1 1 c833399e7fc00000 0 0
1 1 1 c3719bd07fc00000 0 0
1 1 1 360e80f0ff800000 0 0
1 1 1 38017da37fc00000 0 0
1 1 1 37d6f7c87f800000 0 0
1 1 1 c51a25c8ff800000 0 0
1 1 1 4d5329e47fc00000 0 0
1 1 1 b9164296ff800000 0 0
1 1 1 3859c32eff800000 0 0
1 1 1 c3aa55617fc00000 0 0
1 1 1 4e8317f9ff800000 0 0
1 1 1 b768cee97fc00000 0 0
1 1 1 468893247fc00000 0 0
1 1 1 410926597f800000 0 0
1 1 1 437c780a7fc00000 0 0
1 1 1 c3b87984ff800000 0 0
1 1 1 370ebf1fff800000 0 0
1 1 1 3d0c785d7fc00000 0 0
1 1 1 341dd2287f800000 0 0
1 1 1 30d47cfd7f800000 0 0
1 1 1 319e0c557fc00000 0 0
1 1 1 40e55fee7f800000 0 0
1 1 1 caa1d748ff800000 0 0
1 1 1 ba4142837fc00000 0 0
1 1 1 b34e60da7fc00000 0 0
1 1 1 b156d8feff800000 0 0
1 1 1 3b51b27b7fc00000 0 0
1 1 1 33688f007f800000 0 0
1 1 1 483bce597fc00000 0 0
1 1 1 4386fbf17fc00000 0 0
1 1 1 cd0f5b317fc00000 0 0
1 1 1 c45349397fc00000 0 0
1 1 1 4a1dade47f800000 0 0
1 1 1 cd4980787f800000 0 0
1 1 1 480de14e7f800000 0 0
1 1 1 4ae630a07fc00000 0 0
1 1 1 44c814ccff800000 0 0
1 1 1 39922ef8ff800000 0 0
1 1 1 33bee1bcff800000 0 0
1 1 1 4e24bda67fc00000 0 0
1 1 1 3fcba91c7fc00000 0 0
1 1 1 bcafc70e7fc00000 0 0
1 1 1 3c0085daff800000 0 0
1 1 1 32f09982ff800000 0 0
1 1 1 3517a6f1ff800000 0 0
1 1 1 3fe9352c7f800000 0 0
1 1 1 c57a3889ff800000 0 0
1 1 1 3b6c1c377fc00000 0 0
1 1 1 b15548127f800000 0 0
1 1 1 46d2dc3fff800000 0 0
1 1 1 bf2e08007f800000 0 0
1 1 1 be3938507f800000 0 0
1 1 1 3b3814f07fc00000 0 0
1 1 1 c92d34bcff800000 0 0
1 1 1 c11ae835ff800000 0 0
1 1 1 b90f7279ff800000 0 0
1 1 1 cef90dfc7fc00000 0 0
1 1 1 be8cae48ff800000 0 0
1 1 1 bd4888157f800000 0 0
1 1 1 4d836120ff800000 0 0
1 1 1 4a31dc82ff800000 0 0
1 1 1 31e4db9f7f800000 0 0
1 1 1 b9e0878eff800000 0 0
1 1 1 4e7afe627f800000 0 0
1 1 1 c353e13fff800000 0 0
1 1 1 36ddf7c17fc00000 0 0
1 1 1 b58afab47fc00000 0 0
1 1 1 c8c29b617fc00000 0 0
1 1 1 3bde3f777fc00000 0 0
1 1 1 47b7c27f7fc00000 0 0
1 1 1 c000e0f47fc00000 0 0
1 1 1 483cfad4ff800000 0 0
1 1 1 498efdbc7fc00000 0 0
1 1 1 bc98f5767f800000 0 0
1 1 1 cec537167fc00000 0 0
1 1 1 4b87f24a7f800000 0 0
1 1 1 4633d8a8ff800000 0 0
1 1 1 bc8868117f800000 0 0
1 1 1 3fb91a187f800000 0 0
1 1 1 4b9020387fc00000 0 0
1 1 1 4412f5d27f800000 0 0
1 1 1 3f58ce1b7fc00000 0 0
1 1 1 b964647d7fc00000 0 0
1 1 1 37057dc47f800000 0 0
1 1 1 c0904bf5ff800000 0 0
1 1 1 33b4e3db7fc00000 0 0
1 1 1 41e69c7e7fc00000 0 0
1 1 1 41f71ebbff800000 0 0
1 1 1 cc14be827f800000 0 0
1 1 1 430a46c07fc00000 0 0
1 1 1 b4fd22aa7fc00000 0 0
1 1 1 b9e40160ff800000 0 0
1 1 1 44d8f421ff800000 0 0
1 1 1 33155040ff800000 0 0
1 1 1 c55f3aff7f800000 0 0
1 1 1 3db5f6587f800000 0 0
1 1 1 b41c54e7ff800000 0 0
1 1 1 ce3f7665ff800000 0 0
1 1 1 cec120e67fc00000 0 0
1 1 1 4652681dff800000 0 0
1 1 1 4de9b9cb7fc00000 0 0
1 1 1 485ae163ff800000 0 0
1 1 1 374cfe557f800000 0 0
1 1 1 31881ee27f800000 0 0
1 1 1 b12f8d61ff800000 0 0
1 1 1 358b3deaff800000 0 0
1 1 1 c27bbf8fff800000 0 0
1 1 1 b1a3a7b47fc00000 0 0
1 1 1 35189baf7fc00000 0 0
1 1 1 b2049d3d7f800000 0 0
1 1 1 b95d47fcff800000 0 0
1 1 1 32ee34a97fc00000 0 0
1 1 1 321f5b777f800000 0 0
1 1 1 3ef95f0d7f800000 0 0
1 1 1 353f798a7fc00000 0 0
1 1 1 3b0bdac47fc00000 0 0
1 1 1 caecfc3b7f800000 0 0
1 1 1 30efef4bff800000 0 0
1 1 1 3bbb0b0e7fc00000 0 0
1 1 1 309120c17fc00000 0 0
1 1 1 3efb62fc7f800000 0 0
1 1 1 bdc00ab97f800000 0 0
1 1 1 37a11f2aff800000 0 0
1 1 1 34c964fe7f800000 0 0
1 1 1 ccffd6217fc00000 0 0
1 1 1 cd0768797fc00000 0 0
1 1 1 c40c338a7f800000 0 0
1 1 1 4ef91f2b7f800000 0 0
1 1 1 418669547fc00000 0 0
1 1 1 beb6f730ff800000 0 0
1 1 1 b69511ecff800000 0 0
1 1 1 bdda3a2c7f800000 0 0
1 1 1 4483c0e87fc00000 0 0
1 1 1 c3bdd1c8ff800000 0 0
1 1 1 b7f1dc9e7f800000 0 0
1 1 1 3d6bfbebff800000 0 0
1 1 1 b68a03507f800000 0 0
1 1 1 49edb48fff800000 0 0
1 1 1 c2ef01527fc00000 0 0
1 1 1 38c8f842ff800000 0 0
1 1 1 4b38d47b7f800000 0 0
1 1 1 40dbe8b67f800000 0 0
1 1 1 bac84cf27fc00000 0 0
1 1 1 b7ff2c927f800000 0 0
1 1 1 487219347fc00000 0 0
1 1 1 b0f875757fc00000 0 0
1 1 1 3bc742d7ff800000 0 0
1 1 1 4233502e7f800000 0 0
1 1 1 cced82a0ff800000 0 0
1 1 1 b5439151ff800000 0 0
1 1 1 49fa6d457f800000 0 0
1 1 1 3567956d7fc00000 0 0
1 1 1 b238fde4ff800000 0 0
1 1 1 33ee02b6ff800000 0 0
1 1 1 c21f746c7f800000 0 0
1 1 1 ca5c7eef7fc00000 0 0
1 1 1 cc1dfc217f800000 0 0
1 1 1 440948fc7fc00000 0 0
1 1 1 ce40e0e27f800000 0 0
1 1 1 ca768f617f800000 0 0
1 1 1 40aab7ef7fc00000 0 0
1 1 1 4a412fadff800000 0 0
1 1 1 bb750d0e7f800000 0 0
1 1 1 477ad2c7ff800000 0 0
1 1 1 c95d51f0ff800000 0 0
1 1 1 4d3bba017fc00000 0 0
1 1 1 c7b1af807fc00000 0 0
1 1 1 3228c718ff800000 0 0
1 1 1 3b52c60e7f800000 0 0
1 1 1 b875a3297fc00000 0 0
1 1 1 3a49ac837fc00000 0 0
1 1 1 b19505587f800000 0 0
1 1 1 b3ebf78f7fc00000 0 0
1 1 1 bd479fac7f800000 0 0
1 1 1 3c66e9a9ff800000 0 0
1 1 1 c92009c47f800000 0 0
1 1 1 33669d8c7fc00000 0 0
1 1 1 b8694ad07fc00000 0 0
1 1 1 c3e198f2ff800000 0 0
1 1 1 bfbcaa387f800000 0 0
1 1 1 c58e7dafff800000 0 0
1 1 1 c68b81567fc00000 0 0
1 1 1 47abed44ff800000 0 0
1 1 1 cbeb20557fc00000 0 0
1 1 1 b7167d837f800000 0 0
1 1 1 cd106007ff800000 0 0
1 1 1 4b7b74077fc00000 0 0
1 1 1 b0dbb6f67fc00000 0 0
1 1 1 399174b67f800000 0 0
1 1 1 31b4a31b7fc00000 0 0
1 1 1 c692cb9c7f800000 0 0
1 1 1 cbe482c97f800000 0 0
1 1 1 362182837fc00000 0 0
1 1 1 ccee66d77fc00000 0 0
1 1 1 c7f23ed7ff800000 0 0
1 1 1 32c296537f800000 0 0
1 1 1 ba9da8f57fc00000 0 0
1 1 1 bfc9ce15ff800000 0 0
1 1 1 ccc2ffe37fc00000 0 0
1 1 1 b4e67f3dff800000 0 0
1 1 1 bc2ed7447f800000 0 0
1 1 1 b13bbba27f800000 0 0
1 1 1 b7df1030ff800000 0 0
1 1 1 c21ad11a7f800000 0 0
1 1 1 4726d733ff800000 0 0
1 1 1 ce938c1b7f800000 0 0
1 1 1 373cb8ca7fc00000 0 0
1 1 1 b78553737f800000 0 0
1 1 1 429623527f800000 0 0
1 1 1 3e6a5a63ff800000 0 0
1 1 1 c63552e07fc00000 0 0
1 1 1 311b33017f800000 0 0
1 1 1 33488e507fc00000 0 0
1 1 1 457a87f67fc00000 0 0
1 1 1 c6154fb9ff800000 0 0
1 1 1 cb3a8e067fc00000 0 0
1 1 1 3fed7e3f7fc00000 0 0
1 1 1 cd87469eff800000 0 0
1 1 1 c34278e67fc00000 0 0
1 1 1 b6a40dd17f800000 0 0
1 1 1 cd10b3b1ff800000 0 0
1 1 1 3684cf0bff800000 0 0
1 1 1 b9fab5b87f800000 0 0
1 1 1 40f75125ff800000 0 0
1 1 1 3f31a6677f800000 0 0
1 1 1 4dcc21637f800000 0 0
1 1 1 b54613807fc00000 0 0
1 1 1 423055c27fc00000 0 0
1 1 1 bf6538a67f800000 0 0
1 1 1 bb3335a77fc00000 0 0
1 1 1 b1833369ff800000 0 0
1 1 1 c5c346337f800000 0 0
1 1 1 36ba64017fc00000 0 0
1 1 1 3e00d9b4ff800000 0 0
1 1 1 3bee6d857f800000 0 0
1 1 1 c48a55567fc00000 0 0
1 1 1 4b85b674ff800000 0 0
1 1 1 47bf24b57f800000 0 0
1 1 1 41366f657fc00000 0 0
1 1 1 34cd38ff7f800000 0 0
1 1 1 c30a03c17fc00000 0 0
1 1 1 41f409627fc00000 0 0
1 1 1 bb54a2a07f800000 0 0
1 1 1 439f47727f800000 0 0
1 1 1 3b56ada47fc00000 0 0
1 1 1 41e5e1f87fc00000 0 0
1 1 1 3191bdd1ff800000 0 0
1 1 1 41e84e0c7fc00000 0 0
1 1 1 34629bbfff800000 0 0
1 1 1 b81cf1c27f800000 0 0
1 1 1 33edc9067fc00000 0 0
1 1 1 c80fc1247f800000 0 0
1 1 1 331ff241ff800000 0 0
1 1 1 b991b2cb7fc00000 0 0
1 1 1 b1357b2fff800000 0 0
1 1 1 4758c503ff800000 0 0
1 1 1 c554c482ff800000 0 0
1 1 1 49c31945ff800000 0 0
1 1 1 3eb2abc27fc00000 0 0
1 1 1 4ccac4a17fc00000 0 0
1 1 1 3be1664a7fc00000 0 0
1 1 1 cb3beb1a7fc00000 0 0
1 1 1 39236ed97fc00000 0 0
1 1 1 baa7d582ff800000 0 0
1 1 1 b8f7eade7fc00000 0 0
1 1 1 b8a0db357f800000 0 0
1 1 1 b6fc1029ff800000 0 0
1 1 1 b18ba1f4ff800000 0 0
1 1 1 38c84eab7fc00000 0 0
1 1 1 3f5329357f800000 0 0
1 1 1 b517ff92ff800000 0 0
1 1 1 b3055f437f800000 0 0
1 1 1 369396857fc00000 0 0
1 1 1 b9416c767f800000 0 0
1 1 1 c74800827fc00000 0 0
1 1 1 4ba2df5aff800000 0 0
1 1 1 33ef0f63ff800000 0 0
1 1 1 c722b10d7fc00000 0 0
1 1 1 3d835ef57f800000 0 0
1 1 1 4429deb5ff800000 0 0
1 1 1 c19e8da87fc00000 0 0
1 1 1 4641bebdff800000 0 0
1 1 1 4068256c7fc00000 0 0
1 1 1 c1aedb67ff800000 0 0
1 1 1 3af2b4ce7fc00000 0 0
1 1 1 37b6e946ff800000 0 0
1 1 1 3871966f7f800000 0 0
1 1 1 43adf3f67fc00000 0 0
1 1 1 3bced4c37fc00000 0 0
1 1 1 49a80a547fc00000 0 0
1 1 1 b9c01418ff800000 0 0
1 1 1 b70591917f800000 0 0
1 1 1 c9f171837f800000 0 0
1 1 1 c0451bd07fc00000 0 0
1 1 1 440a009c7f800000 0 0
1 1 1 406781167fc00000 0 0
1 1 1 ba0a48feff800000 0 0
1 1 1 c03063bdff800000 0 0
1 1 1 3cfa5d827f800000 0 0
1 1 1 3744b5f6ff800000 0 0
1 1 1 3535debe7fc00000 0 0
1 1 1 449ba6437fc00000 0 0
1 1 1 435bcf397fc00000 0 0
1 1 1 b8edaea5ff800000 0 0
1 1 1 3b5ee7497fc00000 0 0
1 1 1 bbc08128ff800000 0 0
1 1 1 331f51297f800000 0 0
1 1 1 be81be587fc00000 0 0
1 1 1 c20146e07f800000 0 0
1 1 1 3f470af27f800000 0 0
1 1 1 c93066357f800000 0 0
1 1 1 b1ad31f2ff800000 0 0
1 1 1 3ab0774b7f800000 0 0
1 1 1 c06f424c7f800000 0 0
1 1 1 cbcac0837fc00000 0 0
1 1 1 bcb8fefe7f800000 0 0
1 1 1 c390991bff800000 0 0
1 1 1 c77ca35a7f800000 0 0
1 1 1 bb2442aa7fc00000 0 0
1 1 1 c5fbf05c7fc00000 0 0
1 1 1 38a5251d7f800000 0 0
1 1 1 3e7ff2acff800000 0 0
1 1 1 c5fb5e317f800000 0 0
1 1 1 4d3840d0ff800000 0 0
1 1 1 3c4d1da8ff800000 0 0
1 1 1 c74a8a59ff800000 0 0
1 1 1 b40c809e7fc00000 0 0
1 1 1 be6ce8fc7fc00000 0 0
1 1 1 c4ca60977f800000 0 0
1 1 1 c6ad25267f800000 0 0
1 1 1 41658ddb7f800000 0 0
1 1 1 c3cd96c9ff800000 0 0
1 1 1 bb6edcf37f800000 0 0
1 1 1 c77d188f7fc00000 0 0
1 1 1 b1711fb47fc00000 0 0
1 1 1 b3df3e777fc00000 0 0
1 1 1 b931da907fc00000 0 0
1 1 1 c121a21e7f800000 0 0
1 1 1 cd550b4bff800000 0 0
1 1 1 38650d027f800000 0 0
1 1 1 c8eda6927fc00000 0 0
1 1 1 4640670d7f800000 0 0
1 1 1 381c11aa7fc00000 0 0
1 1 1 c9aafaa7ff800000 0 0
1 1 1 3482c39bff800000 0 0
1 1 1 bf2dac03ff800000 0 0
1 1 1 40868eb07fc00000 0 0
1 1 1 377b9ad9ff800000 0 0
1 1 1 b36c00627fc00000 0 0
1 1 1 ce0dfc3c7f800000 0 0
1 1 1 4a2c686f7f800000 0 0
1 1 1 494cbc0cff800000 0 0
1 1 1 c51f73e77fc00000 0 0
1 1 1 c9e50442ff800000 0 0
1 1 1 b3778a3c7f800000 0 0
1 1 1 c3a3e9167fc00000 0 0
1 1 1 b4af001f7f800000 0 0
1 1 1 4650a959ff800000 0 0
1 1 1 c3ceacfa7fc00000 0 0
1 1 1 4371f04e7f800000 0 0
1 1 1 c2a17fc37f800000 0 0
1 1 1 3c174c1f7f800000 0 0
1 1 1 36d9bc2a7fc00000 0 0
1 1 1 495301cf7fc00000 0 0
1 1 1 32f6357bff800000 0 0
1 1 1 33650888ff800000 0 0
1 1 1 4048bde0ff800000 0 0
1 1 1 3db66d81ff800000 0 0
1 1 1 43e776ec7fc00000 0 0
1 1 1 4098f9377f800000 0 0
1 1 1 c659abb87fc00000 0 0
1 1 1 b53c09437fc00000 0 0
1 1 1 45a2a7f87f800000 0 0
1 1 1 b3752e9c7fc00000 0 0
1 1 1 40e27f197fc00000 0 0
1 1 1 b82f888f7f800000 0 0
1 1 1 3a09b59d7f800000 0 0
1 1 1 4c29c1607fc00000 0 0
1 1 1 324308197f800000 0 0
1 1 1 b797387a7f800000 0 0
1 1 1 b934bcfcff800000 0 0
1 1 1 c54c5c4a7f800000 0 0
1 1 1 b7362318ff800000 0 0
1 1 1 3ad1d3baff800000 0 0
1 1 1 b53c656b7fc00000 0 0
1 1 1 b5c74fa97f800000 0 0
1 1 1 4215948cff800000 0 0
1 1 1 c3ebc5837f800000 0 0
1 1 1 b932af2a7fc00000 0 0
1 1 1 377919607fc00000 0 0
1 1 1 c8cf4c277fc00000 0 0
1 1 1 b75044c57f800000 0 0
1 1 1 b68e86377f800000 0 0
1 1 1 32bd341c7fc00000 0 0
1 1 1 439a67b77fc00000 0 0
1 1 1 c4c087a67f800000 0 0
1 1 1 b1805a90ff800000 0 0
1 1 1 34d8b4d17fc00000 0 0
1 1 1 b637c8e87f800000 0 0
1 1 1 3d3a59e37f800000 0 0
1 1 1 b4f8898e7f800000 0 0
1 1 1 41aaf14f7f800000 0 0
1 1 1 3fbdba117fc00000 0 0
1 1 1 39dbcf337fc00000 0 0
1 1 1 bcbad09c7fc00000 0 0
1 1 1 b28076467fc00000 0 0
1 1 1 bbace7e9ff800000 0 0
1 1 1 4d08bdb47fc00000 0 0
1 1 1 c4d8f7077fc00000 0 0
1 1 1 469361d8ff800000 0 0
1 1 1 c71b81537fc00000 0 0
1 1 1 3ff7ce8d7fc00000 0 0
1 1 1 b44c43467f800000 0 0
1 1 1 3327aedf7fc00000 0 0
1 1 1 343a77247f800000 0 0
1 1 1 bc76bf11ff800000 0 0
1 1 1 c3f2edf37fc00000 0 0
1 1 1 bbcc86e87f800000 0 0
1 1 1 3a42ee0d7f800000 0 0
1 1 1 c70e2584ff800000 0 0
1 1 1 487403c2ff800000 0 0
1 1 1 b780b8917f800000 0 0
1 1 1 b741ed5a7fc00000 0 0
1 1 1 4ea126f07f800000 0 0
1 1 1 bce1a5b87fc00000 0 0
1 1 1 34b9ed3bff800000 0 0
1 1 1 c91f33127fc00000 0 0
1 1 1 cc601d197fc00000 0 0
1 1 1 c3ed33b9ff800000 0 0
1 1 1 3e4963f8ff800000 0 0
1 1 1 cc23b8d87f800000 0 0
1 1 1 3f8506c3ff800000 0 0
1 1 1 48d8733bff800000 0 0
1 1 1 4cf5698dff800000 0 0
1 1 1 4b9346fe7fc00000 0 0
1 1 1 48ad56937fc00000 0 0
1 1 1 314ab033ff800000 0 0
1 1 1 c175b8827fc00000 0 0
1 1 1 3593cbef7fc00000 0 0
1 1 1 b10c577c7f800000 0 0
1 1 1 4250c315ff800000 0 0
1 1 1 49efa2547f800000 0 0
1 1 1 bc1f605fff800000 0 0
1 1 1 4659a47e7fc00000 0 0
1 1 1 4a3c9556ff800000 0 0
1 1 1 495cfd807fc00000 0 0
1 1 1 39be8d117f800000 0 0
1 1 1 3f35b4baff800000 0 0
1 1 1 4db533067fc00000 0 0
1 1 1 cc6262137f800000 0 0
1 1 1 38f5fce97f800000 0 0
1 1 1 3399f909ff800000 0 0
1 1 1 c0e1f02b7f800000 0 0
1 1 1 3dda44137fc00000 0 0
1 1 1 3ec914a57f800000 0 0
1 1 1 4b0ef7cc7fc00000 0 0
1 1 1 c0d013d87f800000 0 0
1 1 1 c0b4fe817f800000 0 0
1 1 1 30a447307fc00000 0 0
1 1 1 44939a267f800000 0 0
1 1 1 37fedef6ff800000 0 0
1 1 1 bf1befef7f800000 0 0
1 1 1 30e125be7fc00000 0 0
1 1 1 41314a647f800000 0 0
1 1 1 3662452e7fc00000 0 0
1 1 1 444f410b7fc00000 0 0
1 1 1 3be1c14a7f800000 0 0
1 1 1 b18c59247fc00000 0 0
1 1 1 b653c73bff800000 0 0
1 1 1 425c3647ff800000 0 0
1 1 1 4a780bae7fc00000 0 0
1 1 1 4a2076df7f800000 0 0
1 1 1 b6291ca8ff800000 0 0
1 1 1 b651b9d4ff800000 0 0
1 1 1 4c9e512c7fc00000 0 0
1 1 1 bf8bcdf2ff800000 0 0
1 1 1 c48ed5887fc00000 0 0
1 1 1 3c4a596d7fc00000 0 0
1 1 1 cd5b1105ff800000 0 0
1 1 1 b91ce7307fc00000 0 0
1 1 1 4eaa9d1f7f800000 0 0
1 1 1 c139abfaff800000 0 0
1 1 1 44e1a00f7fc00000 0 0
1 1 1 bfb1bab17fc00000 0 0
1 1 1 48048ce97fc00000 0 0
1 1 1 4cf8b9a47fc00000 0 0
1 1 1 3ccc61537fc00000 0 0
1 1 1 cdc2fb50ff800000 0 0
1 1 1 4b7bed21ff800000 0 0
1 1 1 38a87bd87fc00000 0 0
1 1 1 3ab7f8467f800000 0 0
1 1 1 c7798efb7fc00000 0 0
1 1 1 cdbae65fff800000 0 0
1 1 1 38b6d92bff800000 0 0
1 1 1 c6cb80cf7f800000 0 0
1 1 1 b12234997f800000 0 0
1 1 1 4a291c52ff800000 0 0
1 1 1 3339d6187fc00000 0 0
1 1 1 bf5a28fe7f800000 0 0
1 1 1 44225bab7f800000 0 0
1 1 1 bce737ec7f800000 0 0
1 1 1 bede686c7f800000 0 0
1 1 1 cc9c333a7fc00000 0 0
1 1 1 4db0ec46ff800000 0 0
1 1 1 b8d149e6ff800000 0 0
1 1 1 c604bb367f800000 0 0
1 1 1 4ce34b837f800000 0 0
1 1 1 42cecfb0ff800000 0 0
1 1 1 43ef97d0ff800000 0 0
1 1 1 3d5b9ce07fc00000 0 0
1 1 1 b61a66f1ff800000 0 0
1 1 1 c6da9947ff800000 0 0
1 1 1 cb713b80ff800000 0 0
1 1 1 46a3b0a3ff800000 0 0
1 1 1 4758fad77fc00000 0 0
1 1 1 bc139524ff800000 0 0
1 1 1 c9516dd87f800000 0 0
1 1 1 bd03e86d7fc00000 0 0
1 1 1 c23116c07fc00000 0 0
1 1 1 4b63c80d7f800000 0 0
1 1 1 b61abbb67f800000 0 0
1 1 1 b9addac17f800000 0 0
1 1 1 bb4f6f777f800000 0 0
1 1 1 b478b1de7fc00000 0 0
1 1 1 c35e4aa47f800000 0 0
1 1 1 c23dd4f47fc00000 0 0
1 1 1 486ccea2ff800000 0 0
1 1 1 4bc6565dff800000 0 0
1 1 1 42a2a3f77f800000 0 0
1 1 1 33e48c747f800000 0 0
1 1 1 37fe23bcff800000 0 0
1 1 1 39d292daff800000 0 0
1 1 1 b7c879487fc00000 0 0
1 1 1 30d06d2d7f800000 0 0
1 1 1 c4d86a067f800000 0 0
1 1 1 bdeeb1717fc00000 0 0
1 1 1 49c5a9c87f800000 0 0
1 1 1 3f092cf17fc00000 0 0
1 1 1 49848a5c7f800000 0 0
1 1 1 cc219012ff800000 0 0
1 1 1 c7c121d37f800000 0 0
1 1 1 3f489f647f800000 0 0
1 1 1 c2c5e31fff800000 0 0
1 1 1 48f19cfa7f800000 0 0
1 1 1 4c51132b7f800000 0 0
1 1 1 369e24327f800000 0 0
1 1 1 ce3d7bd0ff800000 0 0
1 1 1 b853da237f800000 0 0
1 1 1 c63297a27f800000 0 0
1 1 1 44af39417f800000 0 0
1 1 1 3503e2857fc00000 0 0
1 1 1 c19e802bff800000 0 0
1 1 1 c620c8927fc00000 0 0
1 1 1 3277fad1ff800000 0 0
1 1 1 3b9a16f6ff800000 0 0
1 1 1 b9e19d867fc00000 0 0
1 1 1 b328eb3cff800000 0 0
1 1 1 bb9053517f800000 0 0
1 1 1 c48f8a0e7fc00000 0 0
1 1 1 3d73f9b07f800000 0 0
1 1 1 c82ad87e7f800000 0 0
1 1 1 3b4280917f800000 0 0
1 1 1 460f2975ff800000 0 0
1 1 1 c1e3b5c8ff800000 0 0
1 1 1 b121b8487f800000 0 0
1 1 1 35f116ed7f800000 0 0
1 1 1 3380df8c7fc00000 0 0
1 1 1 4792d38dff800000 0 0
1 1 1 cb3e5d24ff800000 0 0
1 1 1 432269c6ff800000 0 0
1 1 1 310fec4d7fc00000 0 0
1 1 1 3efb2bfe7fc00000 0 0
1 1 1 44f20627ff800000 0 0
1 1 1 b08df4297f800000 0 0
1 1 1 b6f6baf57fc00000 0 0
1 1 1 3994c2e47fc00000 0 0
1 1 1 3e8acc777fc00000 0 0
1 1 1 be4ee8cc7f800000 0 0
1 1 1 4e327baf7fc00000 0 0
1 1 1 3415a57dff800000 0 0
1 1 1 3798f2e0ff800000 0 0
1 1 1 43504175ff800000 0 0
1 1 1 bc1c2d287f800000 0 0
1 1 1 c1e4e690ff800000 0 0
1 1 1 c64758c97fc00000 0 0
1 1 1 4e8a3c267fc00000 0 0
1 1 1 3ba9b64d7fc00000 0 0
1 1 1 cb1439047f800000 0 0
1 1 1 42d6e3727f800000 0 0
1 1 1 39d71c407fc00000 0 0
1 1 1 31e8b6197fc00000 0 0
1 1 1 b475a8a8ff800000 0 0
1 1 1 32f09987ff800000 0 0
1 1 1 c5089b587f800000 0 0
1 1 1 4d4b8a157f800000 0 0
1 1 1 3483ec997f800000 0 0
1 1 1 b479fdac7fc00000 0 0
1 1 1 ce9bf524ff800000 0 0
1 1 1 436b4dff7fc00000 0 0
1 1 1 b91a7c817f800000 0 0
1 1 1 3a8cf697ff800000 0 0
1 1 1 32bd8d29ff800000 0 0
1 1 1 cc1c4e7bff800000 0 0
1 1 1 3b33c7907f800000 0 0
1 1 1 41f9bc2bff800000 0 0
1 1 1 c9c584b27f800000 0 0
1 1 1 c24541eeff800000 0 0
1 1 1 4515f8947fc00000 0 0
1 1 1 b952745e7fc00000 0 0
1 1 1 43455dfdff800000 0 0
1 1 1 4c47e8f87fc00000 0 0
1 1 1 cd71ef617f800000 0 0
1 1 1 41a4f6b27fc00000 0 0
1 1 1 4e7b4aea7fc00000 0 0
1 1 1 39fe26bf7fc00000 0 0
1 1 1 b7a5e8e67fc00000 0 0
1 1 1 484aca79ff800000 0 0
1 1 1 431c47547fc00000 0 0
1 1 1 3e0e3259ff800000 0 0
1 1 1 3b00aeabff800000 0 0
1 1 1 4cd2b2b4ff800000 0 0
1 1 1 c5f670f4ff800000 0 0
1 1 1 434099777fc00000 0 0
1 1 1 3244a6b57f800000 0 0
1 1 1 b56b13087f800000 0 0
1 1 1 44654ce17f800000 0 0
1 1 1 4ca012177f800000 0 0
1 1 1 42f4db417fc00000 0 0
1 1 1 380e8df4ff800000 0 0
1 1 1 ba7d92797f800000 0 0
1 1 1 c31f00697f800000 0 0
1 1 1 4aab90c77fc00000 0 0
1 1 1 44fc7b64ff800000 0 0
1 1 1 38fc0bf77fc00000 0 0
1 1 1 c147e6e97f800000 0 0
1 1 1 c30c473d7f800000 0 0
1 1 1 4ea612b47f800000 0 0
1 1 1 bceb3a36ff800000 0 0
1 1 1 c608fb0dff800000 0 0
1 1 1 b3ae053e7f800000 0 0
1 1 1 4092e97c7fc00000 0 0
1 1 1 35b0185f7fc00000 0 0
1 1 1 b252ee0b7fc00000 0 0
1 1 1 ba5c3288ff800000 0 0
1 1 1 3d52d2a8ff800000 0 0
1 1 1 49151df0ff800000 0 0
1 1 1 b5a40b7a7f800000 0 0
1 1 1 36a7079a7fc00000 0 0
1 1 1 b46358d57f800000 0 0
1 1 1 388822b37fc00000 0 0
1 1 1 47a5630a7fc00000 0 0
1 1 1 4728eae2ff800000 0 0
1 1 1 4cc3f5437f800000 0 0
1 1 1 bf1ff2c2ff800000 0 0
1 1 1 b3f733d5ff800000 0 0
1 1 1 3a8ba9f67fc00000 0 0
1 1 1 31bc5c1f7fc00000 0 0
1 1 1 b5fc7596ff800000 0 0
1 1 1 bb8893977f800000 0 0
1 1 1 c2d0295cff800000 0 0
1 1 1 3dbd4b77ff800000 0 0
1 1 1 4ab0b9267fc00000 0 0
1 1 1 3dd3e4897fc00000 0 0
1 1 1 b31ef7797f800000 0 0
1 1 1 394cfe38ff800000 0 0
1 1 1 c033c67b7fc00000 0 0
1 1 1 381392a37fc00000 0 0
1 1 1 3a88fb427f800000 0 0
1 1 1 4eda4e617fc00000 0 0
1 1 1 47c1d14a7f800000 0 0
1 1 1 cd79260bff800000 0 0
1 1 1 495445847f800000 0 0
1 1 1 41aea5597f800000 0 0
1 1 1 bd1807e57f800000 0 0
1 1 1 340483d2ff800000 0 0
1 1 1 b14a85e17fc00000 0 0
1 1 1 ced7cca37fc00000 0 0
1 1 1 bc56cce4ff800000 0 0
1 1 1 3dcd26d7ff800000 0 0
1 1 1 35a38d0bff800000 0 0
1 1 1 b2ec534f7f800000 0 0
1 1 1 381feb877f800000 0 0
1 1 1 c1b26fd57f800000 0 0
1 1 1 38dde6e6ff800000 0 0
1 1 1 358e66ae7fc00000 0 0
1 1 1 c82401717fc00000 0 0
1 1 1 42a6197eff800000 0 0
1 1 1 37d287a6ff800000 0 0
1 1 1 493362b3ff800000 0 0
1 1 1 3d31f1597fc00000 0 0
1 1 1 3c9f30977f800000 0 0
1 1 1 c0959b9bff800000 0 0
1 1 1 4e6f1e517f800000 0 0
1 1 1 37d8684bff800000 0 0
1 1 1 b7683c6e7f800000 0 0
1 1 1 457784227fc00000 0 0
1 1 1 4e9372d07fc00000 0 0
1 1 1 b8ad3911ff800000 0 0
1 1 1 c8a04c4a7f800000 0 0
1 1 1 ca3d8f29ff800000 0 0
1 1 1 c0e8719aff800000 0 0
1 1 1 4898e6f9ff800000 0 0
1 1 1 3159ff6e7fc00000 0 0
1 1 1 3ccd97d4ff800000 0 0
1 1 1 4e00fcdc7fc00000 0 0
1 1 1 3f136aba7f800000 0 0
1 1 1 c35c1e487fc00000 0 0
1 1 1 3dee1ed87f800000 0 0
1 1 1 c6ceda2b7f800000 0 0
1 1 1 c37f4f89ff800000 0 0
1 1 1 b1bcef03ff800000 0 0
1 1 1 ca26ce397f800000 0 0
1 1 1 b7028a9b7fc00000 0 0
1 1 1 ce1cfffc7fc00000 0 0
1 1 1 c41bf4537fc00000 0 0
1 1 1 3c2b7359ff800000 0 0
1 1 1 4c2067c0ff800000 0 0
1 1 1 396804e97f800000 0 0
1 1 1 3455f9547f800000 0 0
1 1 1 ca52ebf97f800000 0 0
1 1 1 4cc43ffd7fc00000 0 0
1 1 1 37db3cbf7f800000 0 0
1 1 1 3eae48c07f800000 0 0
1 1 1 44875a21ff800000 0 0
1 1 1 4ebc7236ff800000 0 0
1 1 1 4dac83717fc00000 0 0
1 1 1 c6b430057fc00000 0 0
1 1 1 3e659bb0ff800000 0 0
1 1 1 482c14d17f800000 0 0
1 1 1 bb8340e17f800000 0 0
1 1 1 bd0c17f07fc00000 0 0
1 1 1 bec1f04f7f800000 0 0
1 1 1 4180f0727fc00000 0 0
1 1 1 b798f0d47f800000 0 0
1 1 1 43146c687fc00000 0 0
1 1 1 48792f6aff800000 0 0
1 1 1 4d71bd91ff800000 0 0
1 1 1 35b0b0c37f800000 0 0
1 1 1 b157648d7fc00000 0 0
1 1 1 36a2088c7f800000 0 0
1 1 1 bd84f27a7f800000 0 0
1 1 1 b616f9697f800000 0 0
1 1 1 c3bf76a07fc00000 0 0
1 1 1 bcaa51b0ff800000 0 0
1 1 1 cd1ebd507fc00000 0 0
1 1 1 371fe07b7f800000 0 0
1 1 1 be4224eb7fc00000 0 0
1 1 1 caa2cfcf7fc00000 0 0
1 1 1 cef53fed7fc00000 0 0
1 1 1 cc309d097fc00000 0 0
1 1 1 31b679eb7f800000 0 0
1 1 1 4aa34bf6ff800000 0 0
1 1 1 c367734c7fc00000 0 0
1 1 1 4b3622827f800000 0 0
1 1 1 b69da1207fc00000 0 0
1 1 1 bf3c76777fc00000 0 0
1 1 1 c251cd577f800000 0 0
1 1 1 476a2e5e7fc00000 0 0
1 1 1 bdd7e0a1ff800000 0 0
1 1 1 bf9d79d4ff800000 0 0
1 1 1 cc77310bff800000 0 0
1 1 1 bca0ef31ff800000 0 0
1 1 1 ba48db7f7fc00000 0 0
1 1 1 b10978637fc00000 0 0
1 1 1 45c4655c7f800000 0 0
1 1 1 cb627c4bff800000 0 0
1 1 1 4d812c59ff800000 0 0
1 1 1 398b42fd7fc00000 0 0
1 1 1 37029ff97fc00000 0 0
1 1 1 be0dee38ff800000 0 0
1 1 1 cea148d07f800000 0 0
1 1 1 b7043ef6ff800000 0 0
1 1 1 3a7961ec7f800000 0 0
1 1 1 4d1b00cdff800000 0 0
1 1 1 4d2264f87f800000 0 0
1 1 1 45f4efd97f800000 0 0
1 1 1 c3ebecc4ff800000 0 0
1 1 1 3eecbe507f800000 0 0
1 1 1 bf604a6b7f800000 0 0
1 1 1 40fd0c557f800000 0 0
1 1 1 b515003d7f800000 0 0
1 1 1 be4cd0517fc00000 0 0
1 1 1 c1089e127fc00000 0 0
1 1 1 b7ce373e7fc00000 0 0
1 1 1 33eb7fde7f800000 0 0
1 1 1 3740e184ff800000 0 0
1 1 1 34509dd17f800000 0 0
1 1 1 c8d8a85b7fc00000 0 0
1 1 1 4ef3380dff800000 0 0
1 1 1 3d8d12cc7fc00000 0 0
1 1 1 bb338af4ff800000 0 0
1 1 1 3f549f047f800000 0 0
1 1 1 3f83c307ff800000 0 0
1 1 1 3bdedb0dff800000 0 0
1 1 1 c12223a7ff800000 0 0
1 1 1 bc2b10ceff800000 0 0
1 1 1 4c4852d37fc00000 0 0
1 1 1 47101f8aff800000 0 0
1 1 1 314197cfff800000 0 0
1 1 1 369e268b7fc00000 0 0
1 1 1 3a76b3297fc00000 0 0
1 1 1 b81164f5ff800000 0 0
1 1 1 b4c36357ff800000 0 0
1 1 1 c5dc3af8ff800000 0 0
1 1 1 38024085ff800000 0 0
1 1 1 c99db7aaff800000 0 0
1 1 1 b970b6aaff800000 0 0
1 1 1 bfe1aef87fc00000 0 0
1 1 1 3f0232757f800000 0 0
1 1 1 c5ba59af7f800000 0 0
1 1 1 bfe91899ff800000 0 0
1 1 1 3cd2332e7f800000 0 0
1 1 1 b0deb7cc7fc00000 0 0
1 1 1 cb8f3fbe7f800000 0 0
1 1 1 4bd8b1da7f800000 0 0
1 1 1 b41be2aaff800000 0 0
1 1 1 433d38227fc00000 0 0
1 1 1 b31360d8ff800000 0 0
1 1 1 c918438e7fc00000 0 0
1 1 1 cb793071ff800000 0 0
1 1 1 c72485a87f800000 0 0
1 1 1 46944c627fc00000 0 0
1 1 1 3d89618a7f800000 0 0
1 1 1 b63ee2f97fc00000 0 0
1 1 1 c5877baeff800000 0 0
1 1 1 b84d199f7f800000 0 0
1 1 1 bfac1e31ff800000 0 0
1 1 1 bccd55127fc00000 0 0
1 1 1 c853f7a37fc00000 0 0
1 1 1 487eff927f800000 0 0
1 1 1 c538d140ff800000 0 0
1 1 1 bc4f85df7fc00000 0 0
1 1 1 4dc123417f800000 0 0
1 1 1 3f09134b7f800000 0 0
1 1 1 3e6870287fc00000 0 0
1 1 1 cecff117ff800000 0 0
1 1 1 c83926387f800000 0 0
1 1 1 b74f1ac8ff800000 0 0
1 1 1 cefbd1737f800000 0 0
1 1 1 491871a17fc00000 0 0
1 1 1 4bced2fbff800000 0 0
1 1 1 3d2e85d27fc00000 0 0
1 1 1 4ba13378ff800000 0 0
1 1 1 b9768f6a7fc00000 0 0
1 1 1 cc36cd9dff800000 0 0
1 1 1 498603dc7f800000 0 0
1 1 1 4b242b277f800000 0 0
1 1 1 bf761b30ff800000 0 0
1 1 1 42340c1f7fc00000 0 0
1 1 1 c5adc21c7f800000 0 0
1 1 1 4c6c2b187fc00000 0 0
1 1 1 ce8647187fc00000 0 0
1 1 1 3543c6467fc00000 0 0
1 1 1 4014471f7fc00000 0 0
1 1 1 c77aaf467fc00000 0 0
1 1 1 ceeaa9907f800000 0 0
1 1 1 c10c7b097fc00000 0 0
1 1 1 3cf2378a7fc00000 0 0
1 1 1 3343eed7ff800000 0 0
1 1 1 432a4d5fff800000 0 0
1 1 1 b4fe368aff800000 0 0
1 1 1 4680e1857fc00000 0 0
1 1 1 352c5aa37fc00000 0 0
1 1 1 b601fb167f800000 0 0
1 1 1 bd79f6cbff800000 0 0
1 1 1 3d528f64ff800000 0 0
1 1 1 c277d7587fc00000 0 0
1 1 1 3f15a8a27fc00000 0 0
1 1 1 c1af84097f800000 0 0
1 1 1 c93f970e7fc00000 0 0
1 1 1 42d390e4ff800000 0 0
1 1 1 c51abed97fc00000 0 0
1 1 1 b57d4765ff800000 0 0
1 1 1 46cd97137fc00000 0 0
1 1 1 c794add6ff800000 0 0
1 1 1 c23690877f800000 0 0
1 1 1 bf2407baff800000 0 0
1 1 1 352ebbb77fc00000 0 0
1 1 1 3b91e7db7f800000 0 0
1 1 1 b0cb7537ff800000 0 0
1 1 1 b6d0e28c7fc00000 0 0
1 1 1 49944a94ff800000 0 0
1 1 1 41a27fa67fc00000 0 0
1 1 1 cee3afe0ff800000 0 0
1 1 1 42261c967f800000 0 0
1 1 1 4eedaee47fc00000 0 0
1 1 1 c58b0ec07fc00000 0 0
1 1 1 3e06b44aff800000 0 0
1 1 1 32a8a5827fc00000 0 0
1 1 1 b3e566617fc00000 0 0
1 1 1 b6d3f8cb7f800000 0 0
1 1 1 b555f9c0ff800000 0 0
1 1 1 b3be18dfff800000 0 0
1 1 1 4a824fba7fc00000 0 0
1 1 1 c32733cdff800000 0 0
1 1 1 b213c20cff800000 0 0
1 1 1 43b952c4ff800000 0 0
1 1 1 bacf0d1d7f800000 0 0
1 1 1 b3e690f57fc00000 0 0
1 1 1 3298600c7fc00000 0 0
1 1 1 332999307fc00000 0 0
1 1 1 33fd513a7fc00000 0 0
1 1 1 cce309717f800000 0 0
1 1 1 34c8ca1fff800000 0 0
1 1 1 3ccb9a847fc00000 0 0
1 1 1 c20230d1ff800000 0 0
1 1 1 bc635e717f800000 0 0
1 1 1 3405dd7aff800000 0 0
1 1 1 cc88fdbeff800000 0 0
1 1 1 4a757180ff800000 0 0
1 1 1 49eab230ff800000 0 0
1 1 1 ce5c3a847fc00000 0 0
1 1 1 43e4f7caff800000 0 0
1 1 1 bf25f1677fc00000 0 0
1 1 1 c167cffa7f800000 0 0
1 1 1 bbd2ccb87f800000 0 0
1 1 1 4ec265d97fc00000 0 0
1 1 1 40b4b4957fc00000 0 0
1 1 1 446d042dff800000 0 0
1 1 1 ce5ff96a7f800000 0 0
1 1 1 ca1ed6397f800000 0 0
1 1 1 38516828ff800000 0 0
1 1 1 34ecb7eb7f800000 0 0
1 1 1 c573b6d37fc00000 0 0
1 1 1 37407c1bff800000 0 0
1 1 1 4ae952857fc00000 0 0
1 1 1 ba5779ca7fc00000 0 0
1 1 1 47efd5e77f800000 0 0
1 1 1 359d99797fc00000 0 0
1 1 1 c02aa25f7f800000 0 0
1 1 1 447065fb7f800000 0 0
1 1 1 b45003e87f800000 0 0
1 1 1 c2c025a37f800000 0 0
1 1 1 c6442906ff800000 0 0
1 1 1 b8ca08e17f800000 0 0
1 1 1 3edb1f51ff800000 0 0
1 1 1 31e8c0907f800000 0 0
1 1 1 cde961d3ff800000 0 0
1 1 1 bb5df9ef7fc00000 0 0
1 1 1 b33c1aa4ff800000 0 0
1 1 1 497942497fc00000 0 0
1 1 1 336d44ec7f800000 0 0
1 1 1 4ba53da67fc00000 0 0
1 1 1 c328d757ff800000 0 0
1 1 1 3986456f7fc00000 0 0
1 1 1 45a79bdb7fc00000 0 0
1 1 1 b52468b3ff800000 0 0
1 1 1 354156e37fc00000 0 0
1 1 1 3ede3a83ff800000 0 0
1 1 1 4daeda7cff800000 0 0
1 1 1 c4af22eb7f800000 0 0
1 1 1 b51424afff800000 0 0
1 1 1 36936db37fc00000 0 0
1 1 1 4e470ba37f800000 0 0
1 1 1 322e9efcff800000 0 0
1 1 1 b5e4ec987f800000 0 0
1 1 1 491314757fc00000 0 0
1 1 1 3ae7a2437f800000 0 0
1 1 1 4991e2f47fc00000 0 0
1 1 1 473da74e7f800000 0 0
1 1 1 cc2326b77fc00000 0 0
1 1 1 339e50c07f800000 0 0
1 1 1 41c589817fc00000 0 0
1 1 1 b28321677f800000 0 0
1 1 1 b9af144c7fc00000 0 0
1 1 1 345f11a37f800000 0 0
1 1 1 4e277d417f800000 0 0
1 1 1 c804ff667fc00000 0 0
1 1 1 3a888fba7fc00000 0 0
1 1 1 c82c33e87f800000 0 0
1 1 1 b4d91b97ff800000 0 0
1 1 1 c44ac3087fc00000 0 0
1 1 1 b4d18f4f7f800000 0 0
1 1 1 4b742a087f800000 0 0
1 1 1 46fd05d97fc00000 0 0
1 1 1 c2902beb7fc00000 0 0
1 1 1 419fcd477fc00000 0 0
1 1 1 cee320997f800000 0 0
1 1 1 4a5aaaf87fc00000 0 0
1 1 1 bd0308c2ff800000 0 0
1 1 1 46c5cae17fc00000 0 0
1 1 1 42029e207fc00000 0 0
1 1 1 43451d627fc00000 0 0
1 1 1 c3f9e078ff800000 0 0
1 1 1 46bb6c847fc00000 0 0
1 1 1 42224d617fc00000 0 0
1 1 1 349737e87f800000 0 0
1 1 1 cb7e36317f800000 0 0
1 1 1 3ec8cefa7f800000 0 0
1 1 1 3329e4317fc00000 0 0
1 1 1 30954713ff800000 0 0
1 1 1 cdd98541ff800000 0 0
1 1 1 47e8f2f7ff800000 0 0
1 1 1 341518b67fc00000 0 0
1 1 1 b4c7afe57f800000 0 0
1 1 1 b48f23eeff800000 0 0
1 1 1 b510a122ff800000 0 0
1 1 1 c911c23b7fc00000 0 0
1 1 1 b7bf089dff800000 0 0
1 1 1 b31521b47f800000 0 0
1 1 1 c105a2ecff800000 0 0
1 1 1 3fe9f6e17fc00000 0 0
1 1 1 3fa17fe57f800000 0 0
1 1 1 c8a8bcc3ff800000 0 0
1 1 1 b16567797f800000 0 0
1 1 1 b53c5f51ff800000 0 0
1 1 1 3e103ef17f800000 0 0
1 1 1 3ab3f75a7f800000 0 0
1 1 1 4898176fff800000 0 0
1 1 1 382a2390ff800000 0 0
1 1 1 44ecbcbf7f800000 0 0
1 1 1 b5a21b29ff800000 0 0
1 1 1 cee4ef807fc00000 0 0
1 1 1 b35ac3ecff800000 0 0
1 1 1 c25a1be5ff800000 0 0
1 1 1 b19f392bff800000 0 0
1 1 1 cebb72c97f800000 0 0
1 1 1 bf507cadff800000 0 0
1 1 1 cc7f96107f800000 0 0
1 1 1 c67cd16fff800000 0 0
1 1 1 c3e22dd07fc00000 0 0
1 1 1 3b2f0b5e7fc00000 0 0
1 1 1 b6b72ef3ff800000 0 0
1 1 1 4e98467b7fc00000 0 0
1 1 1 389fb5017f800000 0 0
1 1 1 4b071e53ff800000 0 0
1 1 1 b4b144d3ff800000 0 0
1 1 1 b30b5794ff800000 0 0
1 1 1 33b27d0aff800000 0 0
1 1 1 3f6bf2187fc00000 0 0
1 1 1 bf211ca47fc00000 0 0
1 1 1 3d39143bff800000 0 0
1 1 1 3bc599937fc00000 0 0
1 1 1 cb666374ff800000 0 0
1 1 1 c3792d067fc00000 0 0
1 1 1 344116e37fc00000 0 0
1 1 1 c7db9a43ff800000 0 0
1 1 1 45f907d97f800000 0 0
1 1 1 b30b9f4e7f800000 0 0
1 1 1 48d2efb57fc00000 0 0
1 1 1 b21a2efeff800000 0 0
1 1 1 4edc23047f800000 0 0
1 1 1 33f153d9ff800000 0 0
1 1 1 bf9a09ad7f800000 0 0
1 1 1 4e12ae58ff800000 0 0
1 1 1 bf1c74f37fc00000 0 0
1 1 1 bd2841f4ff800000 0 0
1 1 1 3cb7243bff800000 0 0
1 1 1 c94cfd0f7f800000 0 0
1 1 1 ce2d421e7f800000 0 0
1 1 1 c32fcff47fc00000 0 0
1 1 1 b0858f117f800000 0 0
1 1 1 cdb5f8c27fc00000 0 0
1 1 1 37271e867fc00000 0 0
1 1 1 420e22edff800000 0 0
1 1 1 b3fa9932ff800000 0 0
1 1 1 bd92959b7fc00000 0 0
1 1 1 b7852d8bff800000 0 0
1 1 1 cec071a47f800000 0 0
1 1 1 bf785c077fc00000 0 0
1 1 1 c914a14cff800000 0 0
1 1 1 cbd200677f800000 0 0
1 1 1 3a8922ce7f800000 0 0
1 1 1 b6ab2d0b7f800000 0 0
1 1 1 4829d7487f800000 0 0
1 1 1 b6658e2c7fc00000 0 0
1 1 1 3a7caa0fff800000 0 0
1 1 1 b34688347fc00000 0 0
1 1 1 470b1aeeff800000 0 0
1 1 1 4a04ba5fff800000 0 0
1 1 1 c505f1a4ff800000 0 0
1 1 1 3b72802b7f800000 0 0
1 1 1 c791c5e07f800000 0 0
1 1 1 b61d78fc7fc00000 0 0
1 1 1 c0e5836f7f800000 0 0
1 1 1 3b3fd39f7f800000 0 0
1 1 1 414073d57fc00000 0 0
1 1 1 4401179a7fc00000 0 0
1 1 1 4ee91ba0ff800000 0 0
1 1 1 bb4ec1a6ff800000 0 0
1 1 1 b8e0b6077fc00000 0 0
1 1 1 384e16b87f800000 0 0
1 1 1 4ed6549b7fc00000 0 0
1 1 1 c66601daff800000 0 0
1 1 1 b0edbabfff800000 0 0
1 1 1 c9b570f27f800000 0 0
1 1 1 c54331967f800000 0 0
1 1 1 433d269c7f800000 0 0
1 1 1 b5cc9d3f7fc00000 0 0
1 1 1 b7b18cd77f800000 0 0
1 1 1 45a38734ff800000 0 0
1 1 1 4de02a7c7fc00000 0 0
1 1 1 c6b83de47fc00000 0 0
1 1 1 b4e7155f7fc00000 0 0
1 1 1 b2a8f22d7fc00000 0 0
1 1 1 3c3a38047f800000 0 0
1 1 1 3679d5727f800000 0 0
1 1 1 b7080a5b7fc00000 0 0
1 1 1 ca4e1ac0ff800000 0 0
1 1 1 477458d47fc00000 0 0
1 1 1 c6711e387fc00000 0 0
1 1 1 3f9785a87fc00000 0 0
1 1 1 b5caa3c07f800000 0 0
1 1 1 388c435e7f800000 0 0
1 1 1 417d560b7f800000 0 0
1 1 1 be6574677fc00000 0 0
1 1 1 30e290107fc00000 0 0
1 1 1 b5afa15d7fc00000 0 0
1 1 1 450ce6f9ff800000 0 0
1 1 1 33caaf9a7fc00000 0 0
1 1 1 489d760fff800000 0 0
1 1 1 459514b97f800000 0 0
1 1 1 480c8a6aff800000 0 0
1 1 1 49da48d87fc00000 0 0
1 1 1 bdc298117fc00000 0 0
1 1 1 4a860a8c7fc00000 0 0
1 1 1 b4c2f0d7ff800000 0 0
1 1 1 44595b36ff800000 0 0
1 1 1 bf2c4bcb7fc00000 0 0
1 1 1 b9f928657fc00000 0 0
1 1 1 b7471e8d7f800000 0 0
1 1 1 4871af04ff800000 0 0
1 1 1 370237227f800000 0 0
1 1 1 462eb6f67fc00000 0 0
1 1 1 b3f026bc7fc00000 0 0
1 1 1 473bfa47ff800000 0 0
1 1 1 3755adb37fc00000 0 0
1 1 1 c2ca36b57fc00000 0 0
1 1 1 3e8bb3627f800000 0 0
1 1 1 43e529cf7fc00000 0 0
1 1 1 4bbba26a7fc00000 0 0
1 1 1 cb4630397f800000 0 0
1 1 1 3325fc5eff800000 0 0
1 1 1 3908fb8fff800000 0 0
1 1 1 31bc54997f800000 0 0
1 1 1 b98b0ae57f800000 0 0
1 1 1 45e898e07f800000 0 0
1 1 1 c6caebb1ff800000 0 0
1 1 1 3ab940c07fc00000 0 0
1 1 1 4bc845cf7f800000 0 0
1 1 1 c9693ddf7fc00000 0 0
1 1 1 b23a9d09ff800000 0 0
1 1 1 4bd8feb87fc00000 0 0
1 1 1 c385ed1c7f800000 0 0
1 1 1 347c7aaeff800000 0 0
1 1 1 b8ff505a7f800000 0 0
1 1 1 b086641d7f800000 0 0
1 1 1 3930d79e7f800000 0 0
1 1 1 4e8b35cc7fc00000 0 0
1 1 1 4aac45227f800000 0 0
1 1 1 c38884627f800000 0 0
1 1 1 b3afc636ff800000 0 0
1 1 1 b7900ba9ff800000 0 0
1 1 1 380eade37f800000 0 0
1 1 1 38bf72687fc00000 0 0
1 1 1 cb1938cf7f800000 0 0
1 1 1 ce0b14e97fc00000 0 0
1 1 1 ce355a4f7fc00000 0 0
1 1 1 bb8b397c7fc00000 0 0
1 1 1 c9ae5f237fc00000 0 0
1 1 1 44acf564ff800000 0 0
1 1 1 b41c356e7f800000 0 0
1 1 1 4210d9937f800000 0 0
1 1 1 4a5877fdff800000 0 0
1 1 1 49d0ee6eff800000 0 0
1 1 1 bc1f892e7fc00000 0 0
1 1 1 4d48ae24ff800000 0 0
1 1 1 b31e88107fc00000 0 0
1 1 1 c0cd83bb7fc00000 0 0
1 1 1 3e28d6507f800000 0 0
1 1 1 402f20207f800000 0 0
1 1 1 bad6c91e7fc00000 0 0
1 1 1 3e6db9077f800000 0 0
1 1 1 cb4343fa7f800000 0 0
1 1 1 31415885ff800000 0 0
1 1 1 c78ef031ff800000 0 0
1 1 1 c2ac0d8f7f800000 0 0
1 1 1 b907c7ec7fc00000 0 0
1 1 1 c114c688ff800000 0 0
1 1 1 33d2f9e3ff800000 0 0
1 1 1 cb9ebf9dff800000 0 0
1 1 1 41ced078ff800000 0 0
1 1 1 37f11bb0ff800000 0 0
1 1 1 46c7a3e47f800000 0 0
1 1 1 49c5a213ff800000 0 0
1 1 1 c8a2e29e7f800000 0 0
1 1 1 b768c40a7f800000 0 0
1 1 1 c58711c7ff800000 0 0
1 1 1 bfedb3d57f800000 0 0
1 1 1 cec1634e7fc00000 0 0
1 1 1 c95256a27f800000 0 0
1 1 1 c4c68845ff800000 0 0
1 1 1 c706d7fe7f800000 0 0
1 1 1 41183ccd7fc00000 0 0
1 1 1 ce50a17bff800000 0 0
1 1 1 c6c3e255ff800000 0 0
1 1 1 b784cfd67f800000 0 0
1 1 1 c663b52c7f800000 0 0
1 1 1 3f5da89e7f800000 0 0
1 1 1 bf67920fff800000 0 0
1 1 1 4414833fff800000 0 0
1 1 1 b8b247517f800000 0 0
1 1 1 4405b322ff800000 0 0
1 1 1 c5d3317cff800000 0 0
1 1 1 47376fc77fc00000 0 0
1 1 1 bdbe69e77f800000 0 0
1 1 1 c0e308547f800000 0 0
1 1 1 4e8b0cd0ff800000 0 0
1 1 1 b24d93127fc00000 0 0
1 1 1 c52066dcff800000 0 0
1 1 1 ba26fcf97fc00000 0 0
1 1 1 cdb3febd7fc00000 0 0
1 1 1 ccda66617fc00000 0 0
1 1 1 ba0947d6ff800000 0 0
1 1 1 bb2792867fc00000 0 0
1 1 1 412701417fc00000 0 0
1 1 1 cba39f1bff800000 0 0
1 1 1 c223cc5a7f800000 0 0
1 1 1 b7c9f2fe7f800000 0 0
1 1 1 3b8da52a7fc00000 0 0
1 1 1 330458687f800000 0 0
1 1 1 4cd4139e7fc00000 0 0
1 1 1 c49e936eff800000 0 0
1 1 1 cce5fc237fc00000 0 0
1 1 1 bfe1efe5ff800000 0 0
1 1 1 b9c514697fc00000 0 0
1 1 1 c0cc3f2b7f800000 0 0
1 1 1 cc1d5eaa7f800000 0 0
1 1 1 bbd8900d7fc00000 0 0
1 1 1 c7414f73ff800000 0 0
1 1 1 b67866307fc00000 0 0
1 1 1 39266bcb7f800000 0 0
1 1 1 370e730fff800000 0 0
1 1 1 c4de8a7bff800000 0 0
1 1 1 3f69fa557f800000 0 0
1 1 1 30bff8d0ff800000 0 0
1 1 1 40085e4cff800000 0 0
1 1 1 bde93036ff800000 0 0
1 1 1 310555cc7f800000 0 0
1 1 1 b094df397fc00000 0 0
1 1 1 c89e0645ff800000 0 0
1 1 1 44f72bd67f800000 0 0
1 1 1 b78c73de7fc00000 0 0
1 1 1 354e8090ff800000 0 0
1 1 1 39c036bd7f800000 0 0
1 1 1 bda7b9b57f800000 0 0
1 1 1 bd64de7eff800000 0 0
1 1 1 418114ab7f800000 0 0
1 1 1 3df700647fc00000 0 0
1 1 1 bf2bfeae7f800000 0 0
1 1 1 35d50f727f800000 0 0
1 1 1 464b0132ff800000 0 0
1 1 1 3f358f437f800000 0 0
1 1 1 3eb7cce97fc00000 0 0
1 1 1 4ab106437fc00000 0 0
1 1 1 b57479107fc00000 0 0
1 1 1 434cab90ff800000 0 0
1 1 1 3c6355d4ff800000 0 0
1 1 1 46c260dd7fc00000 0 0
1 1 1 32ae12417fc00000 0 0
1 1 1 44bd41b0ff800000 0 0
1 1 1 4d44d1d27f800000 0 0
1 1 1 34ee5ff0ff800000 0 0
1 1 1 4cfdb4df7f800000 0 0
1 1 1 bba7bf127fc00000 0 0
1 1 1 4be3c92e7fc00000 0 0
1 1 1 4a4ba6ce7fc00000 0 0
1 1 1 47b346c57fc00000 0 0
1 1 1 4d1bf3537f800000 0 0
1 1 1 c532a6ee7f800000 0 0
1 1 1 b632ca0e7fc00000 0 0
1 1 1 4c25b602ff800000 0 0
1 1 1 bf3912e57fc00000 0 0
1 1 1 4a2f3a3dff800000 0 0
1 1 1 b2228ce97f800000 0 0
1 1 1 cd5eb3fe7f800000 0 0
1 1 1 367f401f7f800000 0 0
1 1 1 494b1a51ff800000 0 0
1 1 1 49be49f9ff800000 0 0
1 1 1 3f2bac867f800000 0 0
1 1 1 3477be74ff800000 0 0
1 1 1 ca5c63a17f800000 0 0
1 1 1 b9b675eaff800000 0 0
1 1 1 ce40ec8e7fc00000 0 0
1 1 1 4bf31c167f800000 0 0
1 1 1 c27baacf7f800000 0 0
1 1 1 416fbba1ff800000 0 0
1 1 1 c34fa01fff800000 0 0
1 1 1 c7c804337fc00000 0 0
1 1 1 b6c8f340ff800000 0 0
1 1 1 46e271ccff800000 0 0
1 1 1 3b1676b97fc00000 0 0
1 1 1 bd2b92a17fc00000 0 0
1 1 1 3b9b5be07fc00000 0 0
1 1 1 4ad45b207fc00000 0 0
1 1 1 4001af277fc00000 0 0
1 1 1 35e44adaff800000 0 0
1 1 1 38db9a51ff800000 0 0
1 1 1 3923ed68ff800000 0 0
1 1 1 b69a53c07fc00000 0 0
1 1 1 35f1f31f7f800000 0 0
1 1 1 343bc3ef7f800000 0 0
1 1 1 3160e7777f800000 0 0
1 1 1 c4c4e8ec7fc00000 0 0
1 1 1 39254e097fc00000 0 0
1 1 1 36bc60a67f800000 0 0
1 1 1 bae8e117ff800000 0 0
1 1 1 4b5321467f800000 0 0
1 1 1 b1e1f8a17fc00000 0 0
1 1 1 34e578797fc00000 0 0
1 1 1 384107787f800000 0 0
1 1 1 bb1affecff800000 0 0
1 1 1 4bb3b1ff7fc00000 0 0
1 1 1 4c37fd557fc00000 0 0
1 1 1 3557fcab7f800000 0 0
1 1 1 cb6f0f857fc00000 0 0
1 1 1 bedc8fda7f800000 0 0
1 1 1 c41503497fc00000 0 0
1 1 1 c43672b1ff800000 0 0
1 1 1 36b4aaa37fc00000 0 0
1 1 1 408a548d7f800000 0 0
1 1 1 42009d487fc00000 0 0
1 1 1 37a3f1deff800000 0 0
1 1 1 cc2c84147fc00000 0 0
1 1 1 3a9b64e0ff800000 0 0
1 1 1 496af954ff800000 0 0
1 1 1 b9d1fb3b7f800000 0 0
1 1 1 3208282b7fc00000 0 0
1 1 1 c993ffdf7f800000 0 0
1 1 1 c35549c77fc00000 0 0
1 1 1 bc0eddd07fc00000 0 0
1 1 1 b4ac79277fc00000 0 0
1 1 1 b53820087fc00000 0 0
1 1 1 bb75ea257fc00000 0 0
1 1 1 b5174832ff800000 0 0
1 1 1 463a7bf07fc00000 0 0
1 1 1 350285047f800000 0 0
1 1 1 b1c56e00ff800000 0 0
1 1 1 4e625a247fc00000 0 0
1 1 1 c173252a7f800000 0 0
1 1 1 3b9b2474ff800000 0 0
1 1 1 338f6cd37f800000 0 0
1 1 1 ba8951f37f800000 0 0
1 1 1 c1ed5d1e7fc00000 0 0
1 1 1 c09fd6fc7f800000 0 0
1 1 1 b58a372a7fc00000 0 0
1 1 1 4635f2787f800000 0 0
1 1 1 358d2ee2ff800000 0 0
1 1 1 310dcfff7f800000 0 0
1 1 1 cdecf7297f800000 0 0
1 1 1 b6a48ff5ff800000 0 0
1 1 1 4b30d38a7f800000 0 0
1 1 1 348ac3d2ff800000 0 0
1 1 1 48af6745ff800000 0 0
1 1 1 b197820b7f800000 0 0
1 1 1 c1b237677fc00000 0 0
1 1 1 4a9feda2ff800000 0 0
1 1 1 459ff0b07f800000 0 0
1 1 1 b8fb775f7f800000 0 0
1 1 1 cb59a9b47f800000 0 0
1 1 1 44e738db7fc00000 0 0
1 1 1 40bcf181ff800000 0 0
1 1 1 4d6456217f800000 0 0
1 1 1 361b605a7f800000 0 0
1 1 1 bb5735677f800000 0 0
1 1 1 bd2f47b9ff800000 0 0
1 1 1 339608877f800000 0 0
1 1 1 3b80a6b57fc00000 0 0
1 1 1 4dab08827fc00000 0 0
1 1 1 3cc41dd37fc00000 0 0
1 1 1 415a76707f800000 0 0
1 1 1 c17bc5ee7f800000 0 0
1 1 1 c33866f17f800000 0 0
1 1 1 45dafb217f800000 0 0
1 1 1 49d414e7ff800000 0 0
1 1 1 c16b791bff800000 0 0
1 1 1 b35650077fc00000 0 0
1 1 1 39571f5d7f800000 0 0
1 1 1 41e9c00b7fc00000 0 0
1 1 1 cab8455f7f800000 0 0
1 1 1 c7ef23a07fc00000 0 0
1 1 1 4de576117f800000 0 0
1 1 1 cd1133537f800000 0 0
1 1 1 49a610ccff800000 0 0
1 1 1 c569b97b7f800000 0 0
1 1 1 45b6642aff800000 0 0
1 1 1 491643b77f800000 0 0
1 1 1 b644110bff800000 0 0
1 1 1 3e6bf668ff800000 0 0
1 1 1 3fd1565b7f800000 0 0
1 1 1 c665e6f2ff800000 0 0
1 1 1 bf642988ff800000 0 0
1 1 1 c7e5b35c7fc00000 0 0
1 1 1 c521e5927fc00000 0 0
1 1 1 c1b772767fc00000 0 0
1 1 1 3891931f7fc00000 0 0
1 1 1 c19acbd0ff800000 0 0
1 1 1 bf06d5ee7fc00000 0 0
1 1 1 45a8901eff800000 0 0
1 1 1 36dfa661ff800000 0 0
1 1 1 b7f065e27f800000 0 0
1 1 1 386cdf4d7f800000 0 0
1 1 1 38fba8ff7f800000 0 0
1 1 1 c4b9370eff800000 0 0
1 1 1 bd5062db7f800000 0 0
1 1 1 c06bb93bff800000 0 0
1 1 1 4756b414ff800000 0 0
1 1 1 3912d5f47f800000 0 0
1 1 1 b3c864adff800000 0 0
1 1 1 4e3e996e7f800000 0 0
1 1 1 b4576989ff800000 0 0
1 1 1 3dea7b79ff800000 0 0
1 1 1 c0270f607f800000 0 0
1 1 1 cbb21dbaff800000 0 0
1 1 1 b65d1c307fc00000 0 0
1 1 1 361ef5457fc00000 0 0
1 1 1 b28c03df7fc00000 0 0
1 1 1 3e60f8e17fc00000 0 0
1 1 1 3f6b96f27fc00000 0 0
1 1 1 350e47ebff800000 0 0
1 1 1 35146e517fc00000 0 0
1 1 1 3f7d45647f800000 0 0
1 1 1 c77fdda17f800000 0 0
1 1 1 b1cd3a457fc00000 0 0
1 1 1 30aad26b7f800000 0 0
1 1 1 487a9b8f7f800000 0 0
1 1 1 322c50157f800000 0 0
1 1 1 49ae2e18ff800000 0 0
1 1 1 b9a33417ff800000 0 0
1 1 1 cd8a41b4ff800000 0 0
1 1 1 3b0042b17f800000 0 0
1 1 1 35ad7b3cff800000 0 0
1 1 1 bf238aa07f800000 0 0
1 1 1 b6863464ff800000 0 0
1 1 1 3280e8367f800000 0 0
1 1 1 3e5eba1bff800000 0 0
1 1 1 4cf9417c7f800000 0 0
1 1 1 31e56c5f7fc00000 0 0
1 1 1 b939fb787f800000 0 0
1 1 1 b8fcf9d27f800000 0 0
1 1 1 4cff89f4ff800000 0 0
1 1 1 c50cef8aff800000 0 0
1 1 1 4e10d61f7fc00000 0 0
1 1 1 b1a02ffe7f800000 0 0
1 1 1 4588a72f7f800000 0 0
1 1 1 388747ab7f800000 0 0
1 1 1 33f338a2ff800000 0 0
1 1 1 bf0dec007fc00000 0 0
1 1 1 3506cf667fc00000 0 0
1 1 1 be833ee77f800000 0 0
1 1 1 bae303dbff800000 0 0
1 1 1 3c56ef5e7fc00000 0 0
1 1 1 b64befd27fc00000 0 0
1 1 1 c3e3c9067f800000 0 0
1 1 1 b2a31f24ff800000 0 0
1 1 1 3e5239a87fc00000 0 0
1 1 1 413810657f800000 0 0
1 1 1 c8d6a9027f800000 0 0
1 1 1 b74c2c22ff800000 0 0
1 1 1 3dd7f719ff800000 0 0
1 1 1 cbd7b8757f800000 0 0
1 1 1 3ed65b7fff800000 0 0
1 1 1 b97847aa7f800000 0 0
1 1 1 c39a31d4ff800000 0 0
1 1 1 3841b51e7fc00000 0 0
1 1 1 cdbb02e8ff800000 0 0
1 1 1 4e6631177f800000 0 0
1 1 1 3bfccef87f800000 0 0
1 1 1 c0c282307fc00000 0 0
1 1 1 bd61a4f17fc00000 0 0
1 1 1 3cab0d8c7f800000 0 0
1 1 1 487250307f800000 0 0
1 1 1 c867e8857fc00000 0 0
1 1 1 c20bc1bfff800000 0 0
1 1 1 c4a6bad77fc00000 0 0
1 1 1 3a7542787fc00000 0 0
1 1 1 4002f7e37f800000 0 0
1 1 1 c12b617dff800000 0 0
1 1 1 3f97dc227f800000 0 0
1 1 1 b2c13df17f800000 0 0
1 1 1 3797e9e5ff800000 0 0
1 1 1 3dc3027b7fc00000 0 0
1 1 1 4a89685cff800000 0 0
1 1 1 3d039bc67f800000 0 0
1 1 1 b9f2950fff800000 0 0
1 1 1 c6b7d36aff800000 0 0
1 1 1 4881e50b7fc00000 0 0
1 1 1 be21ac41ff800000 0 0
1 1 1 b4cc4762ff800000 0 0
1 1 1 48836440ff800000 0 0
1 1 1 cd70a9557fc00000 0 0
1 1 1 370bd32d7f800000 0 0
1 1 1 3b5ed7b97f800000 0 0
1 1 1 cb19c0317f800000 0 0
1 1 1 b8fc6d43ff800000 0 0
1 1 1 44a677f7ff800000 0 0
1 1 1 c3fc313fff800000 0 0
1 1 1 b73b6d3cff800000 0 0
1 1 1 c506dcbf7fc00000 0 0
1 1 1 bf84a3057fc00000 0 0
1 1 1 b580776b7fc00000 0 0
1 1 1 35b5d4197f800000 0 0
1 1 1 b437e3777fc00000 0 0
1 1 1 3ea1a2d87f800000 0 0
1 1 1 4e8ff83a7f800000 0 0
1 1 1 3ebd8e2f7f800000 0 0
1 1 1 393453b9ff800000 0 0
1 1 1 ccdccb24ff800000 0 0
1 1 1 b8b73918ff800000 0 0
1 1 1 b574b0fc7fc00000 0 0
1 1 1 38ecb1a27f800000 0 0
1 1 1 ca7890467fc00000 0 0
1 1 1 b6b2a2a37fc00000 0 0
1 1 1 c7119e897fc00000 0 0
1 1 1 3f31664f7fc00000 0 0
1 1 1 443339acff800000 0 0
1 1 1 32e7b8297f800000 0 0
1 1 1 cba0dcb27fc00000 0 0
1 1 1 3da4dd0f7fc00000 0 0
1 1 1 3956b5aaff800000 0 0
1 1 1 b7ee135a7f800000 0 0
1 1 1 31875d9dff800000 0 0
1 1 1 cc9cc57bff800000 0 0
1 1 1 335adeb17fc00000 0 0
1 1 1 cec5fb6cff800000 0 0
1 1 1 3a9afe057fc00000 0 0
1 1 1 b5ddccf37f800000 0 0
1 1 1 4203dcba7fc00000 0 0
1 1 1 4a33374dff800000 0 0
1 1 1 4c1f28a17f800000 0 0
1 1 1 c12a003b7fc00000 0 0
1 1 1 48fb69ad7f800000 0 0
1 1 1 3a9a6411ff800000 0 0
1 1 1 c50508e2ff800000 0 0
1 1 1 4c44425bff800000 0 0
1 1 1 bb4b48857fc00000 0 0
1 1 1 3142fa49ff800000 0 0
1 1 1 392fe565ff800000 0 0
1 1 1 b2de7cabff800000 0 0
1 1 1 cc462bf77f800000 0 0
1 1 1 342674417f800000 0 0
1 1 1 4448ff587f800000 0 0
1 1 1 4319910b7fc00000 0 0
1 1 1 c8122d457fc00000 0 0
1 1 1 3e56926f7fc00000 0 0
1 1 1 447ac9e5ff800000 0 0
1 1 1 b45d2bf47fc00000 0 0
1 1 1 4474cb147fc00000 0 0
1 1 1 36c43ef47fc00000 0 0
1 1 1 bfcf27a97fc00000 0 0
1 1 1 c3b357cf7f800000 0 0
1 1 1 c3ecc08c7f800000 0 0
1 1 1 490285d37fc00000 0 0
1 1 1 b4148179ff800000 0 0
1 1 1 32ed70d07f800000 0 0
1 1 1 4dba73d9ff800000 0 0
1 1 1 309d3eabff800000 0 0
1 1 1 b97b2aa87f800000 0 0
1 1 1 4860561eff800000 0 0
1 1 1 cdbad27b7fc00000 0 0
1 1 1 3a09e7257f800000 0 0
1 1 1 cc4c377a7fc00000 0 0
1 1 1 c276229a7f800000 0 0
1 1 1 b3c954a17fc00000 0 0
1 1 1 cbfe7601ff800000 0 0
1 1 1 4e3534d67f800000 0 0
1 1 1 c1caec277fc00000 0 0
1 1 1 cda3849b7f800000 0 0
1 1 1 b63ec5ac7fc00000 0 0
1 1 1 ca3f0df1ff800000 0 0
1 1 1 b63892b57f800000 0 0
1 1 1 44b2b0c27f800000 0 0
1 1 1 421e561d7f800000 0 0
1 1 1 c7d0e9d97fc00000 0 0
1 1 1 cd6afbffff800000 0 0
1 1 1 47656663ff800000 0 0
1 1 1 b6536abe7fc00000 0 0
1 1 1 3767f3e1ff800000 0 0
1 1 1 421719f27f800000 0 0
1 1 1 31970c647f800000 0 0
1 1 1 4ce3a5b17fc00000 0 0
1 1 1 c371be837f800000 0 0
1 1 1 b53da1e07f800000 0 0
1 1 1 4829913e7fc00000 0 0
1 1 1 36466b937fc00000 0 0
1 1 1 cbf10c957f800000 0 0
1 1 1 c39b73e47f800000 0 0
1 1 1 485c11627fc00000 0 0
1 1 1 c4921bbd7fc00000 0 0
1 1 1 b5385016ff800000 0 0
1 1 1 33402e5f7f800000 0 0
1 1 1 43db3680ff800000 0 0
1 1 1 c7f9563eff800000 0 0
1 1 1 358d78c67fc00000 0 0
1 1 1 30ac0fd0ff800000 0 0
1 1 1 b8f2cce87fc00000 0 0
1 1 1 34a1be8e7f800000 0 0
1 1 1 ccfd7f12ff800000 0 0
1 1 1 421cd4247fc00000 0 0
1 1 1 3dcb372bff800000 0 0
1 1 1 405c21d67f800000 0 0
1 1 1 cacc677cff800000 0 0
1 1 1 48c1dfd5ff800000 0 0
1 1 1 bafc6275ff800000 0 0
1 1 1 bffaaebcff800000 0 0
1 1 1 bc32a2797f800000 0 0
1 1 1 c6bced777f800000 0 0
1 1 1 457bb6877f800000 0 0
1 1 1 b5f00525ff800000 0 0
1 1 1 cd53399bff800000 0 0
1 1 1 349391357f800000 0 0
1 1 1 b0d954527f800000 0 0
1 1 1 317f3ea27f800000 0 0
1 1 1 c2803b037f800000 0 0
1 1 1 c433ba7c7fc00000 0 0
1 1 1 b72e58e57f800000 0 0
1 1 1 c93694ef7f800000 0 0
1 1 1 4c6c761b7fc00000 0 0
1 1 1 c6665bdcff800000 0 0
1 1 1 bfb89ba77fc00000 0 0
1 1 1 cb49dad67f800000 0 0
1 1 1 b6d98b917fc00000 0 0
1 1 1 b75a0642ff800000 0 0
1 1 1 46e1567fff800000 0 0
1 1 1 445976d97fc00000 0 0
1 1 1 bb7ff47d7fc00000 0 0
1 1 1 386861e97f800000 0 0
1 1 1 3ac336407f800000 0 0
1 1 1 3632e971ff800000 0 0
1 1 1 45f205867fc00000 0 0
1 1 1 c8716e30ff800000 0 0
1 1 1 b6c022ab7f800000 0 0
1 1 1 ca1d3e857fc00000 0 0
1 1 1 ce5e9edc7fc00000 0 0
1 1 1 b1282015ff800000 0 0
1 1 1 c1b1b27d7fc00000 0 0
1 1 1 be73deceff800000 0 0
1 1 1 bc5153b57fc00000 0 0
1 1 1 b482d8197f800000 0 0
1 1 1 349fe5b07fc00000 0 0
1 1 1 c2d979dc7fc00000 0 0
1 1 1 bf695ad4ff800000 0 0
1 1 1 4b16fcc77fc00000 0 0
1 1 1 4849598eff800000 0 0
1 1 1 4d860b9e7fc00000 0 0
1 1 1 b608580c7f800000 0 0
1 1 1 c360f8707f800000 0 0
1 1 1 b24f77c2ff800000 0 0
1 1 1 bd35a6c3ff800000 0 0
1 1 1 c3ad4f71ff800000 0 0
1 1 1 30d169cfff800000 0 0
1 1 1 c518a0697fc00000 0 0
1 1 1 c1941f857f800000 0 0
1 1 1 b7c782b07fc00000 0 0
1 1 1 b8e8f354ff800000 0 0
1 1 1 c3b24db9ff800000 0 0
1 1 1 c510f728ff800000 0 0
1 1 1 c95f00187fc00000 0 0
1 1 1 4865a4657f800000 0 0
1 1 1 349f021e7fc00000 0 0
1 1 1 32c92c927f800000 0 0
1 1 1 4327626a7fc00000 0 0
1 1 1 b518fc317fc00000 0 0
1 1 1 4ec6d284ff800000 0 0
1 1 1 bae49c2e7f800000 0 0
1 1 1 38edc0437fc00000 0 0
1 1 1 bf675412ff800000 0 0
1 1 1 b9d824a97fc00000 0 0
1 1 1 3942b11f7f800000 0 0
1 1 1 4a2d393e7f800000 0 0
1 1 1 3455a43a7fc00000 0 0
1 1 1 cb1dc0417f800000 0 0
1 1 1 3df0542d7fc00000 0 0
1 1 1 36f54e8f7fc00000 0 0
1 1 1 32bdc3977fc00000 0 0
1 1 1 3507ff507f800000 0 0
1 1 1 c863c1237fc00000 0 0
1 1 1 35593405ff800000 0 0
1 1 1 b4b94d4d7f800000 0 0
1 1 1 bb0a419e7f800000 0 0
1 1 1 b470b158ff800000 0 0
1 1 1 c96746b77fc00000 0 0
1 1 1 cc27832f7fc00000 0 0
1 1 1 34c80be6ff800000 0 0
1 1 1 ca27e708ff800000 0 0
1 1 1 be41693eff800000 0 0
1 1 1 3f135091ff800000 0 0
1 1 1 ba81432d7f800000 0 0
1 1 1 3b71430aff800000 0 0
1 1 1 4bfbe0977f800000 0 0
1 1 1 c1149d547f800000 0 0
1 1 1 c690ddac7fc00000 0 0
1 1 1 be5ab0ecff800000 0 0
1 1 1 382f7f617fc00000 0 0
1 1 1 32135bb27f800000 0 0
1 1 1 376cf6507f800000 0 0
1 1 1 b4201f0b7fc00000 0 0
1 1 1 42349e1eff800000 0 0
1 1 1 c6a13d957f800000 0 0
1 1 1 b29d3358ff800000 0 0
1 1 1 b3c78a247f800000 0 0
1 1 1 36de5a547f800000 0 0
1 1 1 b55fa8797fc00000 0 0
1 1 1 34a75fd3ff800000 0 0
1 1 1 b4eb681bff800000 0 0
1 1 1 c970190a7f800000 0 0
1 1 1 b76fcb7d7fc00000 0 0
1 1 1 4e3042f1ff800000 0 0
1 1 1 b3fa13e17fc00000 0 0
1 1 1 30a74c74ff800000 0 0
1 1 1 cebab9fdff800000 0 0
1 1 1 448dffad7fc00000 0 0
1 1 1 c694ee657fc00000 0 0
1 1 1 cb554ff67fc00000 0 0
1 1 1 48422100ff800000 0 0
1 1 1 cbeffba77fc00000 0 0
1 1 1 b5eeac557fc00000 0 0
1 1 1 b9d5810d7f800000 0 0
1 1 1 4d927b107f800000 0 0
1 1 1 b3b656f07f800000 0 0
1 1 1 b72faed37fc00000 0 0
1 1 1 3d3c70497fc00000 0 0
1 1 1 4098e0c37fc00000 0 0
1 1 1 343da3dc7f800000 0 0
1 1 1 442537faff800000 0 0
1 1 1 43ebf3917f800000 0 0
1 1 1 41ad15737fc00000 0 0
1 1 1 4b5bd88f7fc00000 0 0
1 1 1 cd25ce4e7f800000 0 0
1 1 1 4e8a1bab7fc00000 0 0
1 1 1 cea3a9de7fc00000 0 0
1 1 1 c01e88347f800000 0 0
1 1 1 35d725afff800000 0 0
1 1 1 c16771ce7f800000 0 0
1 1 1 49149aab7fc00000 0 0
1 1 1 b12ad9c17f800000 0 0
1 1 1 331919597fc00000 0 0
1 1 1 ce04f47f7fc00000 0 0
1 1 1 bec3879f7f800000 0 0
1 1 1 3e8eb3547f800000 0 0
1 1 1 4da5cdd9ff800000 0 0
1 1 1 c110f630ff800000 0 0
1 1 1 4ed797787f800000 0 0
1 1 1 caf0641cff800000 0 0
1 1 1 cbee78707fc00000 0 0
1 1 1 3c4b53907fc00000 0 0
1 1 1 393c61597f800000 0 0
1 1 1 c2501186ff800000 0 0
1 1 1 40b641127f800000 0 0
1 1 1 4a3a6b627f800000 0 0
1 1 1 c00a5fd17f800000 0 0
1 1 1 bff62c88ff800000 0 0
1 1 1 cc07b1d0ff800000 0 0
1 1 1 49ffd0497f800000 0 0
1 1 1 b4a810cf7fc00000 0 0
1 1 1 bf83bb39ff800000 0 0
1 1 1 43ca3ec07f800000 0 0
1 1 1 cdb34158ff800000 0 0
1 1 1 b9fa6be87fc00000 0 0
1 1 1 c8d692487fc00000 0 0
1 1 1 33efab43ff800000 0 0
1 1 1 bbae68987fc00000 0 0
1 1 1 c6d0c6a87f800000 0 0
1 1 1 c77abc7b7f800000 0 0
1 1 1 31956d417fc00000 0 0
1 1 1 4d4fc8e37fc00000 0 0
1 1 1 bdef0a64ff800000 0 0
1 1 1 3f75c80c7f800000 0 0
1 1 1 4d309292ff800000 0 0
1 1 1 b11e2a967f800000 0 0
1 1 1 b865691f7f800000 0 0
1 1 1 c23226547f800000 0 0
1 1 1 c94532c17fc00000 0 0
1 1 1 4bb1832aff800000 0 0
1 1 1 b17d98d97fc00000 0 0
1 1 1 b7cdc9b2ff800000 0 0
1 1 1 b187f5bcff800000 0 0
1 1 1 bea20dac7fc00000 0 0
1 1 1 c5ce793b7fc00000 0 0
1 1 1 3690b3c0ff800000 0 0
1 1 1 cc99a0d97f800000 0 0
1 1 1 3a0546e8ff800000 0 0
1 1 1 bd9dcd37ff800000 0 0
1 1 1 c1a8c7367fc00000 0 0
1 1 1 3103d8467fc00000 0 0
1 1 1 324349d87fc00000 0 0
1 1 1 349d52837f800000 0 0
1 1 1 c68cd0797f800000 0 0
1 1 1 49bb3a16ff800000 0 0
1 1 1 c80582f3ff800000 0 0
1 1 1 c4dfb143ff800000 0 0
1 1 1 309f61057f800000 0 0
1 1 1 3eb9a6c9ff800000 0 0
1 1 1 4760256f7f800000 0 0
1 1 1 c32ff6037f800000 0 0
1 1 1 be5f19847fc00000 0 0
1 1 1 3559af4c7f800000 0 0
1 1 1 c84e2cc67f800000 0 0
1 1 1 423c734bff800000 0 0
1 1 1 3e35ee6bff800000 0 0
1 1 1 c8b61c557fc00000 0 0
1 1 1 c82c30bdff800000 0 0
1 1 1 487c0888ff800000 0 0
1 1 1 485cd3227f800000 0 0
1 1 1 ba4bf8c5ff800000 0 0
1 1 1 c5bbac557f800000 0 0
1 1 1 3434912fff800000 0 0
1 1 1 c59e6e8dff800000 0 0
1 1 1 c8660c9f7f800000 0 0
1 1 1 3d88a76b7f800000 0 0
1 1 1 39fe2ab0ff800000 0 0
1 1 1 b0f9b57c7f800000 0 0
1 1 1 c7b56ef07f800000 0 0
1 1 1 485bfb047fc00000 0 0
1 1 1 c51d78f37f800000 0 0
1 1 1 bfc3cb6c7fc00000 0 0
1 1 1 387b5b05ff800000 0 0
1 1 1 3fb3822e7fc00000 0 0
1 1 1 bc7a4bdeff800000 0 0
1 1 1 be0d181d7fc00000 0 0
1 1 1 ce5f4dd0ff800000 0 0
1 1 1 44b12a31ff800000 0 0
1 1 1 32da3ffb7f800000 0 0
1 1 1 3ad7a169ff800000 0 0
1 1 1 397879587fc00000 0 0
1 1 1 b6a281c27fc00000 0 0
1 1 1 4b73a616ff800000 0 0
1 1 1 ce0400f1ff800000 0 0
1 1 1 3d032ff17f800000 0 0
1 1 1 ca4ba3717f800000 0 0
1 1 1 3d25aa1f7f800000 0 0
1 1 1 c37c4f027fc00000 0 0
1 1 1 3b3d90a57f800000 0 0
1 1 1 b7c299747fc00000 0 0
1 1 1 b260a0a6ff800000 0 0
1 1 1 4491b3ba7fc00000 0 0
1 1 1 38f28c087fc00000 0 0
1 1 1 33d44edf7f800000 0 0
1 1 1 bbe1d8787fc00000 0 0
1 1 1 33b9f52f7fc00000 0 0
1 1 1 be8941c07fc00000 0 0
1 1 1 bd4d46dfff800000 0 0
1 1 1 bdb1dd9a7f800000 0 0
1 1 1 3c282f787f800000 0 0
1 1 1 c13662bdff800000 0 0
1 1 1 4ba3cea7ff800000 0 0
1 1 1 457e68b2ff800000 0 0
1 1 1 3663b1087f800000 0 0
1 1 1 3e0653bcff800000 0 0
1 1 1 c5481ece7fc00000 0 0
1 1 1 44bd57f87fc00000 0 0
1 1 1 42199018ff800000 0 0
1 1 1 3961748d7fc00000 0 0
1 1 1 c192509a7fc00000 0 0
1 1 1 46a2bac77f800000 0 0
1 1 1 3bf6d72c7fc00000 0 0
1 1 1 42c20e5d7fc00000 0 0
1 1 1 b23d8ac9ff800000 0 0
1 1 1 308283157f800000 0 0
1 1 1 b79028c57f800000 0 0
1 1 1 c9e6922d7fc00000 0 0
1 1 1 4d780efa7fc00000 0 0
1 1 1 b574c644ff800000 0 0
1 1 1 c2e133acff800000 0 0
1 1 1 32fc618f7fc00000 0 0
1 1 1 3eeef44f7fc00000 0 0
1 1 1 409f88db7fc00000 0 0
1 1 1 bd2df78e7fc00000 0 0
1 1 1 c92089dd7f800000 0 0
1 1 1 30d34b487f800000 0 0
1 1 1 b989a7a7ff800000 0 0
1 1 1 44205c92ff800000 0 0
1 1 1 ce5b24637fc00000 0 0
1 1 1 c3cceea87f800000 0 0
1 1 1 b556dc4e7fc00000 0 0
1 1 1 35f289347f800000 0 0
1 1 1 c60c9447ff800000 0 0
1 1 1 3265abae7f800000 0 0
1 1 1 c0335436ff800000 0 0
1 1 1 b99a624aff800000 0 0
1 1 1 b1da852e7fc00000 0 0
1 1 1 b0d1023cff800000 0 0
1 1 1 3fc9d5cd7f800000 0 0
1 1 1 4dbe45d9ff800000 0 0
1 1 1 b741dcc87f800000 0 0
1 1 1 3c1b3e587fc00000 0 0
1 1 1 4a5f689fff800000 0 0
1 1 1 4cafbf98ff800000 0 0
1 1 1 ce649b56ff800000 0 0
1 1 1 469c09217fc00000 0 0
1 1 1 357759707fc00000 0 0
1 1 1 b0e11954ff800000 0 0
1 1 1 36a07ef67f800000 0 0
1 1 1 b48e085aff800000 0 0
1 1 1 339b24dc7fc00000 0 0
1 1 1 ce52c0c67fc00000 0 0
1 1 1 b9c6d0967fc00000 0 0
1 1 1 3f87210eff800000 0 0
1 1 1 b3c6be117fc00000 0 0
1 1 1 3cc82d277f800000 0 0
1 1 1 36baaab97fc00000 0 0
1 1 1 3e56d4087fc00000 0 0
1 1 1 cc8c8e757f800000 0 0
1 1 1 c4e330e77f800000 0 0
1 1 1 3f2985b1ff800000 0 0
1 1 1 c2cfdeaa7f800000 0 0
1 1 1 be5bbe707f800000 0 0
1 1 1 4ab23b367fc00000 0 0
1 1 1 39f5d5517fc00000 0 0
1 1 1 3db213d9ff800000 0 0
1 1 1 c8c079bf7f800000 0 0
1 1 1 4668082bff800000 0 0
1 1 1 46373f547fc00000 0 0
1 1 1 454129fc7f800000 0 0
1 1 1 c524e6b27f800000 0 0
1 1 1 c8f798a2ff800000 0 0
1 1 1 b52dfcce7fc00000 0 0
1 1 1 b35d34ccff800000 0 0
1 1 1 b6be50977fc00000 0 0
1 1 1 cebf4c02ff800000 0 0
1 1 1 4018a0beff800000 0 0
1 1 1 b8d6653b7f800000 0 0
1 1 1 cea2a787ff800000 0 0
1 1 1 42db7660ff800000 0 0
1 1 1 3e7c15497fc00000 0 0
1 1 1 c06ceb397fc00000 0 0
1 1 1 b321303dff800000 0 0
1 1 1 b141b1907f800000 0 0
1 1 1 b72d8ede7fc00000 0 0
1 1 1 3136d2f4ff800000 0 0
1 1 1 37c9ddfb7fc00000 0 0
1 1 1 4e7363927f800000 0 0
1 1 1 cbfbe6beff800000 0 0
1 1 1 b0ec1ece7fc00000 0 0
1 1 1 b2903769ff800000 0 0
1 1 1 be8995c9ff800000 0 0
1 1 1 ce491c28ff800000 0 0
1 1 1 b1159b4fff800000 0 0
1 1 1 40b12a9eff800000 0 0
1 1 1 39d536aa7f800000 0 0
1 1 1 c1d227acff800000 0 0
1 1 1 c82f32767f800000 0 0
1 1 1 329856e87f800000 0 0
1 1 1 4700acf57fc00000 0 0
1 1 1 b7cc0f467f800000 0 0
1 1 1 c968ecdaff800000 0 0
1 1 1 364b6503ff800000 0 0
1 1 1 bd4bbbd87f800000 0 0
1 1 1 4cd4f46dff800000 0 0
1 1 1 4957a9c27f800000 0 0
1 1 1 3afced8d7f800000 0 0
1 1 1 38de297aff800000 0 0
1 1 1 338790587fc00000 0 0
1 1 1 349f146eff800000 0 0
1 1 1 3d1cc9e07fc00000 0 0
1 1 1 c63854607fc00000 0 0
1 1 1 b45090157f800000 0 0
1 1 1 48ca88317fc00000 0 0
1 1 1 3fed52b87f800000 0 0
1 1 1 4e5f845a7fc00000 0 0
1 1 1 4b3ced0cff800000 0 0
1 1 1 4608f2c87fc00000 0 0
1 1 1 468103057fc00000 0 0
1 1 1 43f4071b7f800000 0 0
1 1 1 bbfe8f1cff800000 0 0
1 1 1 4b10583f7f800000 0 0
1 1 1 bd4f6294ff800000 0 0
1 1 1 c80f1497ff800000 0 0
1 1 1 3fc9b02e7fc00000 0 0
1 1 1 b4e16f2d7f800000 0 0
1 1 1 c23e9c757fc00000 0 0
1 1 1 39de7ed2ff800000 0 0
1 1 1 c26192c37fc00000 0 0
1 1 1 3489c87c7f800000 0 0
1 1 1 b759ec1e7f800000 0 0
1 1 1 b2eea4137fc00000 0 0
1 1 1 3bdfb80c7fc00000 0 0
1 1 1 4d10952c7f800000 0 0
1 1 1 b7a1585c7fc00000 0 0
1 1 1 c087f1867fc00000 0 0
1 1 1 373dc43c7f800000 0 0
1 1 1 3c3536daff800000 0 0
1 1 1 4cbbf65fff800000 0 0
1 1 1 b15c07c57f800000 0 0
1 1 1 40832fe97f800000 0 0
1 1 1 310352b77f800000 0 0
1 1 1 c5508cc5ff800000 0 0
1 1 1 cec0d01f7fc00000 0 0
1 1 1 b51ea3167f800000 0 0
1 1 1 b55965587fc00000 0 0
1 1 1 cbfe3b7c7f800000 0 0
1 1 1 31da139a7fc00000 0 0
1 1 1 c92fc93a7fc00000 0 0
1 1 1 34e669a87f800000 0 0
1 1 1 cd152f6f7fc00000 0 0
1 1 1 bd31742b7f800000 0 0
1 1 1 409c65927fc00000 0 0
1 1 1 409fecf07f800000 0 0
1 1 1 bc324a5bff800000 0 0
1 1 1 3cf1a4417f800000 0 0
1 1 1 41695a447fc00000 0 0
1 1 1 3a3d01ed7f800000 0 0
1 1 1 39381e067fc00000 0 0
1 1 1 b5c70e107f800000 0 0
1 1 1 be6c0c787fc00000 0 0
1 1 1 45d480ca7fc00000 0 0
1 1 1 b3c3c60f7f800000 0 0
1 1 1 49c0f9387fc00000 0 0
1 1 1 cdf382c57f800000 0 0
1 1 1 3fe51542ff800000 0 0
1 1 1 c5b0b9e37fc00000 0 0
1 1 1 42bf33d87f800000 0 0
1 1 1 b989d2ef7f800000 0 0
1 1 1 340aec4c7fc00000 0 0
1 1 1 c87aad00ff800000 0 0
1 1 1 bf166643ff800000 0 0
1 1 1 3ffba3d47f800000 0 0
1 1 1 ce593d847f800000 0 0
1 1 1 b8a29e7bff800000 0 0
1 1 1 b1a57643ff800000 0 0
1 1 1 b2100f8e7fc00000 0 0
1 1 1 3348f8537f800000 0 0
1 1 1 c8121cdfff800000 0 0
1 1 1 cd066a37ff800000 0 0
1 1 1 455d67317f800000 0 0
1 1 1 b23dafd6ff800000 0 0
1 1 1 3ad13a9dff800000 0 0
1 1 1 c04c03f5ff800000 0 0
1 1 1 4c5683ec7fc00000 0 0
1 1 1 4b8d817e7fc00000 0 0
1 1 1 4840ecb17f800000 0 0
1 1 1 ce900e34ff800000 0 0
1 1 1 4c2dae4f7f800000 0 0
1 1 1 c43bdd697f800000 0 0
1 1 1 475c3e447f800000 0 0
1 1 1 b6a631237f800000 0 0
1 1 1 c9ea289c7fc00000 0 0
1 1 1 371578d9ff800000 0 0
1 1 1 358b70acff800000 0 0
1 1 1 cd1e00987fc00000 0 0
1 1 1 b3526f0eff800000 0 0
1 1 1 ceb890a27f800000 0 0
1 1 1 b32c87717f800000 0 0
1 1 1 bc7dc92d7fc00000 0 0
1 1 1 b414b12e7f800000 0 0
1 1 1 bdfe44577f800000 0 0
1 1 1 42af39167f800000 0 0
1 1 1 ce8509567fc00000 0 0
1 1 1 3ae0d129ff800000 0 0
1 1 1 c875ed777f800000 0 0
1 1 1 b667764f7fc00000 0 0
1 1 1 c2dd60faff800000 0 0
1 1 1 b601e503ff800000 0 0
1 1 1 362f93f8ff800000 0 0
1 1 1 c6c76e6e7fc00000 0 0
1 1 1 3b301df67fc00000 0 0
1 1 1 b94f03727f800000 0 0
1 1 1 3d0d90037f800000 0 0
1 1 1 b23712b6ff800000 0 0
1 1 1 b50ea51b7f800000 0 0
1 1 1 b624d2aa7fc00000 0 0
1 1 1 c60359f6ff800000 0 0
1 1 1 c835ea817fc00000 0 0
1 1 1 30a61f2b7f800000 0 0
1 1 1 c1f524f07f800000 0 0
1 1 1 32cf48357fc00000 0 0
1 1 1 b456d9b77f800000 0 0
1 1 1 3a074ab77fc00000 0 0
1 1 1 b786ce797fc00000 0 0
1 1 1 c4751f57ff800000 0 0
1 1 1 3b103643ff800000 0 0
1 1 1 39cb0245ff800000 0 0
1 1 1 461d75ee7fc00000 0 0
1 1 1 b2be2289ff800000 0 0
1 1 1 c9d54b2dff800000 0 0
1 1 1 4b1d2bb67f800000 0 0
1 1 1 4164b9d57f800000 0 0
1 1 1 ce7c6d617fc00000 0 0
1 1 1 45ee3d46ff800000 0 0
1 1 1 4345228c7fc00000 0 0
1 1 1 3b3f63807f800000 0 0
1 1 1 3e74da95ff800000 0 0
1 1 1 47109199ff800000 0 0
1 1 1 ca8d08c6ff800000 0 0
1 1 1 caf1f364ff800000 0 0
1 1 1 cb080e4bff800000 0 0
1 1 1 bee1c07aff800000 0 0
1 1 1 c05bda967f800000 0 0
1 1 1 b88b40d67f800000 0 0
1 1 1 346ed720ff800000 0 0
1 1 1 c408786b7f800000 0 0
1 1 1 317298a7ff800000 0 0
1 1 1 36f632517fc00000 0 0
1 1 1 b47760097f800000 0 0
1 1 1 b9582470ff800000 0 0
1 1 1 3f1beb4fff800000 0 0
1 1 1 b84722a17f800000 0 0
1 1 1 4d3a57a17f800000 0 0
1 1 1 412409807f800000 0 0
1 1 1 4c04f3aa7f800000 0 0
1 1 1 bbea30d07f800000 0 0
1 1 1 371bb8337fc00000 0 0
1 1 1 b8b677397f800000 0 0
1 1 1 491a68ac7f800000 0 0
1 1 1 bcd6b86e7f800000 0 0
1 1 1 369043ffff800000 0 0
1 1 1 44067c3d7f800000 0 0
1 1 1 4ba8e26f7fc00000 0 0
1 1 1 329307c77f800000 0 0
1 1 1 466d61977f800000 0 0
1 1 1 b1039e7eff800000 0 0
1 1 1 be401a977fc00000 0 0
1 1 1 422721beff800000 0 0
1 1 1 b689ea69ff800000 0 0
1 1 1 b1efdb337fc00000 0 0
1 1 1 c989bf577f800000 0 0
1 1 1 44e204b5ff800000 0 0
1 1 1 455756ed7f800000 0 0
1 1 1 45c5f88c7f800000 0 0
1 1 1 35747db87fc00000 0 0
1 1 1 30bf2ed87f800000 0 0
1 1 1 b99766fdff800000 0 0
1 1 1 4203f658ff800000 0 0
1 1 1 b3b8c10d7f800000 0 0
1 1 1 3b2fcfc77fc00000 0 0
1 1 1 b8c5d98aff800000 0 0
1 1 1 30e3c8d37f800000 0 0
1 1 1 32f6ba6c7fc00000 0 0
1 1 1 cc9a49f37f800000 0 0
1 1 1 ba0712f6ff800000 0 0
1 1 1 c11610e47fc00000 0 0
1 1 1 3f1d22077fc00000 0 0
1 1 1 38291c95ff800000 0 0
1 1 1 38b7d2b07f800000 0 0
1 1 1 bda16c447f800000 0 0
1 1 1 443471007f800000 0 0
1 1 1 36d3ae547fc00000 0 0
1 1 1 3328d967ff800000 0 0
1 1 1 c31a25107fc00000 0 0
1 1 1 b4e812207fc00000 0 0
1 1 1 cc413fd67f800000 0 0
1 1 1 c205906f7f800000 0 0
1 1 1 c8a133157f800000 0 0
1 1 1 b08518bdff800000 0 0
1 1 1 466f8de27fc00000 0 0
1 1 1 4976ae5a7fc00000 0 0
1 1 1 4418e055ff800000 0 0
1 1 1 311c2a6f7f800000 0 0
1 1 1 bb9b3f4c7f800000 0 0
1 1 1 34272253ff800000 0 0
1 1 1 c971c7ec7f800000 0 0
1 1 1 cc6d74687f800000 0 0
1 1 1 c3220fb3ff800000 0 0
1 1 1 4692f80a7fc00000 0 0
1 1 1 b2ccb7d8ff800000 0 0
1 1 1 42c0b7417f800000 0 0
1 1 1 ce3601887f800000 0 0
1 1 1 4dcd7b017fc00000 0 0
1 1 1 3664bf537fc00000 0 0
1 1 1 cd533baf7fc00000 0 0
1 1 1 494034807fc00000 0 0
1 1 1 4c0b5f6b7f800000 0 0
1 1 1 c4d6e70cff800000 0 0
1 1 1 3f85c78d7fc00000 0 0
1 1 1 48c152077fc00000 0 0
1 1 1 401f172b7fc00000 0 0
1 1 1 3b7612a6ff800000 0 0
1 1 1 3ee92638ff800000 0 0
1 1 1 c8f9d0d8ff800000 0 0
1 1 1 3ee7ac10ff800000 0 0
1 1 1 b6553a2e7fc00000 0 0
1 1 1 b19e5e9f7f800000 0 0
1 1 1 c3a4f4d87fc00000 0 0
1 1 1 ca96a2e2ff800000 0 0
1 1 1 b6242e43ff800000 0 0
1 1 1 bd594e4d7fc00000 0 0
1 1 1 31fc46737fc00000 0 0
1 1 1 bd66a386ff800000 0 0
1 1 1 b7a2f520ff800000 0 0
1 1 1 b7a1f4bd7fc00000 0 0
1 1 1 42225aaf7f800000 0 0
1 1 1 4323aaf57fc00000 0 0
1 1 1 c7db7012ff800000 0 0
1 1 1 c634e5eaff800000 0 0
1 1 1 4b93b6f97fc00000 0 0
1 1 1 4b8c4f587fc00000 0 0
1 1 1 492b3c52ff800000 0 0
1 1 1 3b91bfa17f800000 0 0
1 1 1 c4cb73997f800000 0 0
1 1 1 404b55417f800000 0 0
1 1 1 4e9ec5147f800000 0 0
1 1 1 bd8b8c227f800000 0 0
1 1 1 499da94e7fc00000 0 0
1 1 1 b43d3e297fc00000 0 0
1 1 1 b23f4f757f800000 0 0
1 1 1 bd192bbcff800000 0 0
1 1 1 cdcb3f177fc00000 0 0
1 1 1 3e9ebbb47f800000 0 0
1 1 1 472f81b97f800000 0 0
1 1 1 3456daacff800000 0 0
1 1 1 408b14a6ff800000 0 0
1 1 1 b9b836927fc00000 0 0
1 1 1 cbab648c7f800000 0 0
1 1 1 c93ca9d9ff800000 0 0
1 1 1 c8ef9da6ff800000 0 0
1 1 1 4d7d402eff800000 0 0
1 1 1 409d1b5dff800000 0 0
1 1 1 48ae17b1ff800000 0 0
1 1 1 cdacb4e07fc00000 0 0
1 1 1 4b6112207f800000 0 0
1 1 1 4987c055ff800000 0 0
1 1 1 4e15d7c67f800000 0 0
1 1 1 bbf50b087fc00000 0 0
1 1 1 3967b91cff800000 0 0
1 1 1 47d5c00eff800000 0 0
1 1 1 b1a53e407f800000 0 0
1 1 1 3e72b71d7f800000 0 0
1 1 1 bd2e300e7fc00000 0 0
1 1 1 42295d397fc00000 0 0
1 1 1 47ddbe76ff800000 0 0
1 1 1 ce5de0037fc00000 0 0
1 1 1 3a911fb77fc00000 0 0
1 1 1 4488fbd87f800000 0 0
1 1 1 429e16f07fc00000 0 0
1 1 1 4d6ac8817fc00000 0 0
1 1 1 ce868664ff800000 0 0
1 1 1 4ec41aaf7f800000 0 0
1 1 1 b64d02267f800000 0 0
1 1 1 451e26907f800000 0 0
1 1 1 34dc0e52ff800000 0 0
1 1 1 48cf37b4ff800000 0 0
1 1 1 bdac79b07fc00000 0 0
1 1 1 cd95a52f7f800000 0 0
1 1 1 b61529767f800000 0 0
1 1 1 c7970f6c7fc00000 0 0
1 1 1 bd4108777f800000 0 0
1 1 1 3bc10bf57fc00000 0 0
1 1 1 3c7f63107f800000 0 0
1 1 1 cc3040acff800000 0 0
1 1 1 3a7b5b4dff800000 0 0
1 1 1 be9bfc527fc00000 0 0
1 1 1 347f4c9b7f800000 0 0
1 1 1 404dad307f800000 0 0
1 1 1 b8328bf27fc00000 0 0
1 1 1 369c16867fc00000 0 0
1 1 1 b1460a067fc00000 0 0
1 1 1 c1f7d7c9ff800000 0 0
1 1 1 c0ff8f597fc00000 0 0
1 1 1 b70c25b17fc00000 0 0
1 1 1 356b999eff800000 0 0
1 1 1 b845c9f67f800000 0 0
1 1 1 c16d21af7fc00000 0 0
1 1 1 b9b65cec7f800000 0 0
1 1 1 b131f4f37fc00000 0 0
1 1 1 cc5e0d517f800000 0 0
1 1 1 c1dad3a2ff800000 0 0
1 1 1 3a3d5abc7fc00000 0 0
1 1 1 4d34e488ff800000 0 0
1 1 1 b0b4583cff800000 0 0
1 1 1 cb66819f7f800000 0 0
1 1 1 b1fb7b20ff800000 0 0
1 1 1 b1fd931fff800000 0 0
1 1 1 4b54b4b47f800000 0 0
1 1 1 3855c5d57fc00000 0 0
1 1 1 b58828277fc00000 0 0
1 1 1 45067e5b7fc00000 0 0
1 1 1 4a069aad7f800000 0 0
1 1 1 bcdb51d67fc00000 0 0
1 1 1 458e92627fc00000 0 0
1 1 1 4b26c091ff800000 0 0
1 1 1 b30466127fc00000 0 0
1 1 1 3cd9f2ba7fc00000 0 0
1 1 1 cdac0b497fc00000 0 0
1 1 1 3646b85c7fc00000 0 0
1 1 1 43429a8f7fc00000 0 0
1 1 1 3542a8077f800000 0 0
1 1 1 bdf27cb57f800000 0 0
1 1 1 b3f79462ff800000 0 0
1 1 1 c339e66eff800000 0 0
1 1 1 3da94a757fc00000 0 0
1 1 1 b98026307fc00000 0 0
1 1 1 ce68ad8b7fc00000 0 0
1 1 1 b92841967fc00000 0 0
1 1 1 b649a847ff800000 0 0
1 1 1 382124c97f800000 0 0
1 1 1 4a831b287fc00000 0 0
1 1 1 c6e586f1ff800000 0 0
1 1 1 45db4cf5ff800000 0 0
1 1 1 b528d08aff800000 0 0
1 1 1 4810cde8ff800000 0 0
1 1 1 ccb20c9dff800000 0 0
1 1 1 b93e98a3ff800000 0 0
1 1 1 cb89780b7fc00000 0 0
1 1 1 31a398047fc00000 0 0
1 1 1 41a4fcb07f800000 0 0
1 1 1 b61ac0497fc00000 0 0
1 1 1 4936b5627f800000 0 0
1 1 1 b316235eff800000 0 0
1 1 1 b5e68905ff800000 0 0
1 1 1 b591c745ff800000 0 0
1 1 1 bef48e187f800000 0 0
1 1 1 b38758f37f800000 0 0
1 1 1 b9405f6dff800000 0 0
1 1 1 b51b7dbdff800000 0 0
1 1 1 3f98bcae7fc00000 0 0
1 1 1 b127b0a7ff800000 0 0
1 1 1 c53165767fc00000 0 0
1 1 1 b9efabda7f800000 0 0
1 1 1 c9374f7c7f800000 0 0
1 1 1 3c38b8c27f800000 0 0
1 1 1 4c3a997c7f800000 0 0
1 1 1 3806dfe17fc00000 0 0
1 1 1 c9137a6cff800000 0 0
1 1 1 b37c27c57f800000 0 0
1 1 1 4df7d10a7f800000 0 0
1 1 1 c160e2b37f800000 0 0
1 1 1 bbd3a3d27f800000 0 0
1 1 1 433dae6eff800000 0 0
1 1 1 489638f17f800000 0 0
1 1 1 cadc7fd1ff800000 0 0
1 1 1 b99783faff800000 0 0
1 1 1 42b30a9aff800000 0 0
1 1 1 46dbdc047fc00000 0 0
1 1 1 b25b20f57f800000 0 0
1 1 1 3e17b1fbff800000 0 0
1 1 1 33a6cae87f800000 0 0
1 1 1 35ca3258ff800000 0 0
1 1 1 328823637fc00000 0 0
1 1 1 cb72f2337f800000 0 0
1 1 1 c5524295ff800000 0 0
1 1 1 47a898eaff800000 0 0
1 1 1 434884317fc00000 0 0
1 1 1 c58f1b34ff800000 0 0
1 1 1 403090ec7f800000 0 0
1 1 1 42d457baff800000 0 0
1 1 1 3f657c4fff800000 0 0
1 1 1 3cee1e8b7f800000 0 0
1 1 1 424594487fc00000 0 0
1 1 1 b255a3017f800000 0 0
1 1 1 b1bc1ff77fc00000 0 0
1 1 1 c92d3d627f800000 0 0
1 1 1 b73b0627ff800000 0 0
1 1 1 4822a42b7fc00000 0 0
1 1 1 4135e15f7f800000 0 0
1 1 1 423aa1737f800000 0 0
1 1 1 378db4a87f800000 0 0
1 1 1 3436c01cff800000 0 0
1 1 1 32545fb3ff800000 0 0
1 1 1 b1ee48367f800000 0 0
1 1 1 469b27ce7fc00000 0 0
1 1 1 4271c7547f800000 0 0
1 1 1 33a04c43ff800000 0 0
1 1 1 420db7417f800000 0 0
1 1 1 ca3ea67c7f800000 0 0
1 1 1 408dd95aff800000 0 0
1 1 1 b83276a47f800000 0 0
1 1 1 30f969d17f800000 0 0
1 1 1 b79fd507ff800000 0 0
1 1 1 3fea35a8ff800000 0 0
1 1 1 ba74ff5dff800000 0 0
1 1 1 c51cbd207fc00000 0 0
1 1 1 b0a024a47fc00000 0 0
1 1 1 c4065e307f800000 0 0
1 1 1 ca1359217f800000 0 0
1 1 1 bb24f0c77f800000 0 0
1 1 1 b61812ebff800000 0 0
1 1 1 36c8e21eff800000 0 0
1 1 1 3461ecad7f800000 0 0
1 1 1 c3688ee5ff800000 0 0
1 1 1 bd03d4917fc00000 0 0
1 1 1 3b30a1bb7fc00000 0 0
1 1 1 cd02ec017f800000 0 0
1 1 1 38b289c17f800000 0 0
1 1 1 c0ca9b2dff800000 0 0
1 1 1 c29a2f1b7fc00000 0 0
1 1 1 3a3acf6c7f800000 0 0
1 1 1 4be56c6d7fc00000 0 0
1 1 1 bafce2e0ff800000 0 0
1 1 1 4c3e70b2ff800000 0 0
1 1 1 3d8cd2c77f800000 0 0
1 1 1 c195effe7fc00000 0 0
1 1 1 b250ab097fc00000 0 0
1 1 1 3854d5ee7f800000 0 0
1 1 1 3a2d8e207f800000 0 0
1 1 1 c299917c7fc00000 0 0
1 1 1 c652e5297f800000 0 0
1 1 1 cd8b8d73ff800000 0 0
1 1 1 b32972c77f800000 0 0
1 1 1 bf9ea336ff800000 0 0
1 1 1 39bf2324ff800000 0 0
1 1 1 b2a0fb477fc00000 0 0
1 1 1 4c6299197f800000 0 0
1 1 1 4b6ebe0eff800000 0 0
1 1 1 ba2c3fd87f800000 0 0
1 1 1 c981b421ff800000 0 0
1 1 1 3a4c6510ff800000 0 0
1 1 1 33af9e27ff800000 0 0
1 1 1 30d15b87ff800000 0 0
1 1 1 46ff08f07fc00000 0 0
1 1 1 4e8fd806ff800000 0 0
1 1 1 b15fffc07fc00000 0 0
1 1 1 bef987827f800000 0 0
1 1 1 c4aac1cfff800000 0 0
1 1 1 bab4a6487f800000 0 0
1 1 1 caca265fff800000 0 0
1 1 1 433988df7fc00000 0 0
1 1 1 378a4e917fc00000 0 0
1 1 1 4bc9b0967fc00000 0 0
1 1 1 4bcf620e7f800000 0 0
1 1 1 4851dd28ff800000 0 0
1 1 1 c035e4b37f800000 0 0
1 1 1 42c23accff800000 0 0
1 1 1 49ca4a117f800000 0 0
1 1 1 c05b83e67fc00000 0 0
1 1 1 4a221ca1ff800000 0 0
1 1 1 cc212e6a7f800000 0 0
1 1 1 3f1e58937f800000 0 0
1 1 1 b9e957d97f800000 0 0
1 1 1 3cbd75d37f800000 0 0
1 1 1 43aa968eff800000 0 0
1 1 1 bcfb26407f800000 0 0
1 1 1 4bd54ea77fc00000 0 0
1 1 1 3c182c1f7fc00000 0 0
1 1 1 c971c5187f800000 0 0
1 1 1 45a33f20ff800000 0 0
1 1 1 b4eb21597f800000 0 0
1 1 1 4bceb9d8ff800000 0 0
1 1 1 407f9a38ff800000 0 0
1 1 1 bcb892b2ff800000 0 0
1 1 1 b70588f97f800000 0 0
1 1 1 46b89329ff800000 0 0
1 1 1 3a8547907f800000 0 0
1 1 1 c3624c917fc00000 0 0
1 1 1 b709335a7f800000 0 0
1 1 1 35c6cb92ff800000 0 0
1 1 1 b6facfb97fc00000 0 0
1 1 1 4a533a0fff800000 0 0
1 1 1 43d2110c7f800000 0 0
1 1 1 489bc49eff800000 0 0
1 1 1 48c28ed7ff800000 0 0
1 1 1 c0a061127fc00000 0 0
1 1 1 c01a70df7fc00000 0 0
1 1 1 4b0148ff7f800000 0 0
1 1 1 3811d2977fc00000 0 0
1 1 1 b543ef5cff800000 0 0
1 1 1 ca00c1677fc00000 0 0
1 1 1 3d285df0ff800000 0 0
1 1 1 b92fe4fdff800000 0 0
1 1 1 4c13faaa7f800000 0 0
1 1 1 3899005eff800000 0 0
1 1 1 3de9bbb07f800000 0 0
1 1 1 b3afc7737fc00000 0 0
1 1 1 c51475b57f800000 0 0
1 1 1 c8ac76b47f800000 0 0
1 1 1 b4092b2fff800000 0 0
1 1 1 bb383ad17fc00000 0 0
1 1 1 3165386cff800000 0 0
1 1 1 4eac46dd7fc00000 0 0
1 1 1 b617bbfa7f800000 0 0
1 1 1 b0e99d487f800000 0 0
1 1 1 4e74c82f7fc00000 0 0
1 1 1 40af0eeb7f800000 0 0
1 1 1 b980f9c1ff800000 0 0
1 1 1 c2ffaca27fc00000 0 0
1 1 1 c272c619ff800000 0 0
1 1 1 39e302fb7fc00000 0 0
1 1 1 43a64e0d7f800000 0 0
1 1 1 3f0c50817fc00000 0 0
1 1 1 4ebaf566ff800000 0 0
1 1 1 36ad09b97f800000 0 0
1 1 1 4c0924667f800000 0 0
1 1 1 c73250d07f800000 0 0
1 1 1 cef7b4d87f800000 0 0
1 1 1 30ca2b87ff800000 0 0
1 1 1 4ac61704ff800000 0 0
1 1 1 40123f47ff800000 0 0
1 1 1 4e9e62d47fc00000 0 0
1 1 1 49835cee7f800000 0 0
1 1 1 ba97c552ff800000 0 0
1 1 1 39952e797fc00000 0 0
1 1 1 c92f5be17fc00000 0 0
1 1 1 4b8b2a06ff800000 0 0
1 1 1 441243efff800000 0 0
1 1 1 36c6c34b7fc00000 0 0
1 1 1 b5a850df7fc00000 0 0
1 1 1 c2e22393ff800000 0 0
1 1 1 c97ec1f87fc00000 0 0
1 1 1 4bec4d5aff800000 0 0
1 1 1 b94c392eff800000 0 0
1 1 1 bf826685ff800000 0 0
1 1 1 cd0f4eae7fc00000 0 0
1 1 1 b3ba8c1dff800000 0 0
1 1 1 b9483102ff800000 0 0
1 1 1 3791bf8a7fc00000 0 0
1 1 1 c8267b6c7f800000 0 0
1 1 1 36731ff17f800000 0 0
1 1 1 409e8d337f800000 0 0
1 1 1 4ce54d287f800000 0 0
1 1 1 c7702e187fc00000 0 0
1 1 1 3e48ef3a7f800000 0 0
1 1 1 47ca6e497fc00000 0 0
1 1 1 c71d8f287fc00000 0 0
1 1 1 40d23f9aff800000 0 0
1 1 1 bf620fedff800000 0 0
1 1 1 b54c4c117fc00000 0 0
1 1 1 3bb9e6327f800000 0 0
1 1 1 432e28c67fc00000 0 0
1 1 1 ca18bd077fc00000 0 0
1 1 1 391273307f800000 0 0
1 1 1 31f3474c7f800000 0 0
1 1 1 ccd078097f800000 0 0
1 1 1 43b0aea77fc00000 0 0
1 1 1 cd118f507fc00000 0 0
1 1 1 34ed2823ff800000 0 0
1 1 1 4c8020c1ff800000 0 0
1 1 1 c33b6baf7fc00000 0 0
1 1 1 bb589b7bff800000 0 0
1 1 1 b67827d47fc00000 0 0
1 1 1 ba84e086ff800000 0 0
1 1 1 c1995ea67f800000 0 0
1 1 1 b5c537e1ff800000 0 0
1 1 1 b38e04c57f800000 0 0
1 1 1 c677cf377f800000 0 0
1 1 1 484e21e87fc00000 0 0
1 1 1 39862a967fc00000 0 0
1 1 1 4d19db72ff800000 0 0
1 1 1 b23a76527fc00000 0 0
1 1 1 404ad11a7fc00000 0 0
1 1 1 3e2163777fc00000 0 0
1 1 1 36dacfa57fc00000 0 0
1 1 1 c9df9166ff800000 0 0
1 1 1 3f7d7eef7f800000 0 0
1 1 1 b6fb7a21ff800000 0 0
1 1 1 c8ededc0ff800000 0 0
1 1 1 328f67f8ff800000 0 0
1 1 1 346312f97f800000 0 0
1 1 1 4acfedb5ff800000 0 0
1 1 1 39f2d696ff800000 0 0
1 1 1 31ef168dff800000 0 0
1 1 1 cb08fc3fff800000 0 0
1 1 1 35dcc4917f800000 0 0
1 1 1 474eae257fc00000 0 0
1 1 1 c918864a7fc00000 0 0
1 1 1 bdff32c37fc00000 0 0
1 1 1 34efe80f7f800000 0 0
1 1 1 3e742e807f800000 0 0
1 1 1 b2e4df107fc00000 0 0
1 1 1 42688308ff800000 0 0
1 1 1 3faa6e727fc00000 0 0
1 1 1 3946deec7f800000 0 0
1 1 1 3d5241057fc00000 0 0
1 1 1 4b37c7e9ff800000 0 0
1 1 1 3dc5cd377f800000 0 0
1 1 1 c15b88877f800000 0 0
1 1 1 b1b216c57fc00000 0 0
1 1 1 384441f4ff800000 0 0
1 1 1 b3a300ce7fc00000 0 0
1 1 1 3db61386ff800000 0 0
1 1 1 b7ebeb797fc00000 0 0
1 1 1 b105d07f7f800000 0 0
1 1 1 4535bc707fc00000 0 0
1 1 1 ca00b0157fc00000 0 0
1 1 1 3112db487fc00000 0 0
1 1 1 ca29477dff800000 0 0
1 1 1 3cc13aefff800000 0 0
1 1 1 474819627fc00000 0 0
1 1 1 372585daff800000 0 0
1 1 1 bdb474257f800000 0 0
1 1 1 4b3691fc7f800000 0 0
1 1 1 3e5e4198ff800000 0 0
1 1 1 3e00e7ed7f800000 0 0
1 1 1 3968b625ff800000 0 0
1 1 1 46a8e0d37f800000 0 0
1 1 1 48c10ff97fc00000 0 0
1 1 1 37a0c98a7fc00000 0 0
1 1 1 3400403b7f800000 0 0
1 1 1 32f34e34ff800000 0 0
1 1 1 3462ba1b7f800000 0 0
1 1 1 32e38c60ff800000 0 0
1 1 1 b5c167247f800000 0 0
1 1 1 3efad6a6ff800000 0 0
1 1 1 4507503b7f800000 0 0
1 1 1 b5b092d27fc00000 0 0
1 1 1 316f793c7f800000 0 0
1 1 1 c47f0b9b7f800000 0 0
1 1 1 c3d75deaff800000 0 0
1 1 1 41758b617fc00000 0 0
1 1 1 c6732e127fc00000 0 0
1 1 1 b37a93707f800000 0 0
1 1 1 33d4ed1e7f800000 0 0
1 1 1 43ecf00b7fc00000 0 0
1 1 1 cd4a77b1ff800000 0 0
1 1 1 c865d5ac7fc00000 0 0
1 1 1 476293d4ff800000 0 0
1 1 1 b8263f727fc00000 0 0
1 1 1 cc28319f7f800000 0 0
1 1 1 cc2e3c077f800000 0 0
1 1 1 c2baee7aff800000 0 0
1 1 1 3dc3e4e17f800000 0 0
1 1 1 46a55ab47fc00000 0 0
1 1 1 b797970fff800000 0 0
1 1 1 381174cc7fc00000 0 0
1 1 1 c6e106fcff800000 0 0
1 1 1 320279457f800000 0 0
1 1 1 31b997db7f800000 0 0
1 1 1 cd3ac2207fc00000 0 0
1 1 1 b7df40397f800000 0 0
1 1 1 4efb052c7fc00000 0 0
1 1 1 46eb1f997f800000 0 0
1 1 1 4bb1b9207fc00000 0 0
1 1 1 c9db1a387fc00000 0 0
1 1 1 b2ccdbee7f800000 0 0
1 1 1 394be46c7f800000 0 0
1 1 1 30c4c6feff800000 0 0
1 1 1 b7155bcf7fc00000 0 0
1 1 1 caee975f7fc00000 0 0
1 1 1 c7c240f47fc00000 0 0
1 1 1 bd4f7d067fc00000 0 0
1 1 1 48a874767f800000 0 0
1 1 1 414d54797fc00000 0 0
1 1 1 3f64d1b0ff800000 0 0
1 1 1 3dec9a797f800000 0 0
1 1 1 b3ae9f597f800000 0 0
1 1 1 cae0e11b7f800000 0 0
1 1 1 401d73377fc00000 0 0
1 1 1 c91a25e87fc00000 0 0
1 1 1 ccf76fa1ff800000 0 0
1 1 1 c0bb2a957fc00000 0 0
1 1 1 c7c3e8ff7fc00000 0 0
1 1 1 386ee14d7f800000 0 0
1 1 1 425e6d657f800000 0 0
1 1 1 c09eee93ff800000 0 0
1 1 1 370749f6ff800000 0 0
1 1 1 cef374857fc00000 0 0
1 1 1 34bb01687fc00000 0 0
1 1 1 ca9d5555ff800000 0 0
1 1 1 b188d214ff800000 0 0
1 1 1 b69bea9c7fc00000 0 0
1 1 1 4548f3aeff800000 0 0
1 1 1 36f1383cff800000 0 0
1 1 1 b3e9e1ec7f800000 0 0
1 1 1 b400ce1aff800000 0 0
1 1 1 c7f9b0a97fc00000 0 0
1 1 1 4d7f29337f800000 0 0
1 1 1 c081f79eff800000 0 0
1 1 1 c0fd5d9dff800000 0 0
1 1 1 ce2a84307f800000 0 0
1 1 1 bb5a61c07fc00000 0 0
1 1 1 4e57e2a97f800000 0 0
1 1 1 bef177c0ff800000 0 0
1 1 1 4ec44984ff800000 0 0
1 1 1 486ebc7bff800000 0 0
1 1 1 41416b447f800000 0 0
1 1 1 b48b798aff800000 0 0
1 1 1 394e1e29ff800000 0 0
1 1 1 c0f38e9f7f800000 0 0
1 1 1 44cce55f7f800000 0 0
1 1 1 31da0ed17f800000 0 0
1 1 1 cb9ed13e7fc00000 0 0
1 1 1 b9ba78187f800000 0 0
1 1 1 c6312fbdff800000 0 0
1 1 1 430f5344ff800000 0 0
1 1 1 43a519ae7f800000 0 0
1 1 1 bffa6c1c7fc00000 0 0
1 1 1 b48802b2ff800000 0 0
1 1 1 c286afc4ff800000 0 0
1 1 1 4cd2ad877f800000 0 0
1 1 1 c2edc96bff800000 0 0
1 1 1 ba8487f6ff800000 0 0
1 1 1 b3b620f67f800000 0 0
1 1 1 b6bbd3037fc00000 0 0
1 1 1 bfe623c67fc00000 0 0
1 1 1 c1209d037f800000 0 0
1 1 1 ce9a72ab7f800000 0 0
1 1 1 3deae703ff800000 0 0
1 1 1 b39e5d557fc00000 0 0
1 1 1 c6d574747fc00000 0 0
1 1 1 335c03047fc00000 0 0
1 1 1 b4eca312ff800000 0 0
1 1 1 436d87747fc00000 0 0
1 1 1 b9dc25987f800000 0 0
1 1 1 b6d0ab1a7fc00000 0 0
1 1 1 3bc178087fc00000 0 0
1 1 1 3c8a91057fc00000 0 0
1 1 1 438c32fe7fc00000 0 0
1 1 1 33659e40ff800000 0 0
1 1 1 4cbeba9bff800000 0 0
1 1 1 317fe8f97fc00000 0 0
1 1 1 c695cc8f7fc00000 0 0
1 1 1 469aa03b7fc00000 0 0
1 1 1 3fbd3e8dff800000 0 0
1 1 1 4cdcbe357fc00000 0 0
1 1 1 c80853057f800000 0 0
1 1 1 c93d635c7fc00000 0 0
1 1 1 b0832e1f7f800000 0 0
1 1 1 43fea951ff800000 0 0
1 1 1 3c35cbc27f800000 0 0
1 1 1 312a7c357fc00000 0 0
1 1 1 b35cf4927f800000 0 0
1 1 1 4ec8ba4bff800000 0 0
1 1 1 b77daccf7f800000 0 0
1 1 1 4664f11b7fc00000 0 0
1 1 1 43fd6a547fc00000 0 0
1 1 1 cc1fb1be7f800000 0 0
1 1 1 b80a3c347f800000 0 0
1 1 1 b3d991427f800000 0 0
1 1 1 3f9eba4d7fc00000 0 0
1 1 1 3cf119c87fc00000 0 0
1 1 1 b8599e1b7f800000 0 0
1 1 1 c051d59bff800000 0 0
1 1 1 b2ad1caa7f800000 0 0
1 1 1 309d96387f800000 0 0
1 1 1 b7bf64a37fc00000 0 0
1 1 1 b8b70dd47fc00000 0 0
1 1 1 bc636d657f800000 0 0
1 1 1 cab092d17f800000 0 0
1 1 1 c6e0f3af7fc00000 0 0
1 1 1 323069f77f800000 0 0
1 1 1 b2052db67fc00000 0 0
1 1 1 41b33fbbff800000 0 0
1 1 1 3fddfa2b7f800000 0 0
1 1 1 b22773917f800000 0 0
1 1 1 b31cb9747fc00000 0 0
1 1 1 32a842d2ff800000 0 0
1 1 1 4b34b250ff800000 0 0
1 1 1 48c7c4d17fc00000 0 0
1 1 1 37ccc3757fc00000 0 0
1 1 1 4759b1c77fc00000 0 0
1 1 1 458154007fc00000 0 0
1 1 1 3a6158a8ff800000 0 0
1 1 1 c945f2f27fc00000 0 0
1 1 1 38086b837f800000 0 0
1 1 1 b7d0ab477fc00000 0 0
1 1 1 c8380b437f800000 0 0
1 1 1 c792465f7f800000 0 0
1 1 1 baba30017fc00000 0 0
1 1 1 31132cf1ff800000 0 0
1 1 1 3f85aac5ff800000 0 0
1 1 1 451fcadd7fc00000 0 0
1 1 1 b7f27b8a7f800000 0 0
1 1 1 48cd3089ff800000 0 0
1 1 1 b20fd72eff800000 0 0
1 1 1 47b1dead7fc00000 0 0
1 1 1 442d55537fc00000 0 0
1 1 1 c5e21e237fc00000 0 0
1 1 1 b4c2e9587f800000 0 0
1 1 1 c2481f727fc00000 0 0
1 1 1 bf19cac27f800000 0 0
1 1 1 b9acda177f800000 0 0
1 1 1 3dd113507fc00000 0 0
1 1 1 337c4a7c7fc00000 0 0
1 1 1 b50f7db8ff800000 0 0
1 1 1 c10415d4ff800000 0 0
1 1 1 ca6265e47f800000 0 0
1 1 1 347e9c107fc00000 0 0
1 1 1 38afc53d7f800000 0 0
1 1 1 ca6d0a4aff800000 0 0
1 1 1 cafe8d367f800000 0 0
1 1 1 b5df8b3a7fc00000 0 0
1 1 1 cc043de77f800000 0 0
1 1 1 467a7257ff800000 0 0
1 1 1 4ab4094b7fc00000 0 0
1 1 1 bd9d84587fc00000 0 0
1 1 1 42c5a1feff800000 0 0
1 1 1 39e4ae01ff800000 0 0
1 1 1 b4ca97597fc00000 0 0
1 1 1 c798dcb77f800000 0 0
1 1 1 3576db7c7f800000 0 0
1 1 1 bf3b240fff800000 0 0
1 1 1 b8d5bf6aff800000 0 0
1 1 1 31b9e189ff800000 0 0
1 1 1 34b338b57fc00000 0 0
1 1 1 49d4c390ff800000 0 0
1 1 1 b20ce2157f800000 0 0
1 1 1 bbc2646d7f800000 0 0
1 1 1 c018115b7f800000 0 0
1 1 1 baca2ee47f800000 0 0
1 1 1 ce7386f47f800000 0 0
1 1 1 b7ec7aae7fc00000 0 0
1 1 1 b990a861ff800000 0 0
1 1 1 3b1ee4d47f800000 0 0
1 1 1 321f76eaff800000 0 0
1 1 1 438f3f717f800000 0 0
1 1 1 42fd59ba7f800000 0 0
1 1 1 c8cb7e367fc00000 0 0
1 1 1 b81afee27f800000 0 0
1 1 1 b0f129dfff800000 0 0
1 1 1 c837d8297fc00000 0 0
1 1 1 b787996d7fc00000 0 0
1 1 1 b19745517fc00000 0 0
1 1 1 3492a14e7f800000 0 0
1 1 1 cd528371ff800000 0 0
1 1 1 c0b3ffbc7f800000 0 0
1 1 1 c38720ec7fc00000 0 0
1 1 1 cd7c49f27f800000 0 0
1 1 1 475ee82cff800000 0 0
1 1 1 c47e62b17f800000 0 0
1 1 1 c16ec1af7fc00000 0 0
1 1 1 b32d74857f800000 0 0
1 1 1 316ee89d7fc00000 0 0
1 1 1 485210747f800000 0 0
1 1 1 3dda1b477fc00000 0 0
1 1 1 c01243f6ff800000 0 0
1 1 1 ba4be163ff800000 0 0
1 1 1 3707acf17fc00000 0 0
1 1 1 3d52d6187fc00000 0 0
1 1 1 c73b2ec27f800000 0 0
1 1 1 4e191ef57f800000 0 0
1 1 1 3e63bed37fc00000 0 0
1 1 1 49d90a19ff800000 0 0
1 1 1 b55b8e647f800000 0 0
1 1 1 b44266217f800000 0 0
1 1 1 bb602a71ff800000 0 0
1 1 1 bfb6babb7fc00000 0 0
1 1 1 34b7870a7fc00000 0 0
1 1 1 3d10610b7f800000 0 0
1 1 1 3567bb24ff800000 0 0
1 1 1 3d5befc67f800000 0 0
1 1 1 42f25a7a7f800000 0 0
1 1 1 48bc5520ff800000 0 0
1 1 1 3de3787cff800000 0 0
1 1 1 4708de857f800000 0 0
1 1 1 488f31477fc00000 0 0
1 1 1 4730beed7fc00000 0 0
1 1 1 441a13bbff800000 0 0
1 1 1 4e8f324b7fc00000 0 0
1 1 1 b70be0e67f800000 0 0
1 1 1 c7fc84a6ff800000 0 0
1 1 1 380de228ff800000 0 0
1 1 1 b1c5c1797f800000 0 0
1 1 1 443b056c7f800000 0 0
1 1 1 4a30765b7fc00000 0 0
1 1 1 3f60ef4b7fc00000 0 0
1 1 1 b6c3d4897f800000 0 0
1 1 1 43ecaa477f800000 0 0
1 1 1 4628d1d07f800000 0 0
1 1 1 c77ec9aa7fc00000 0 0
1 1 1 335c833d7fc00000 0 0
1 1 1 c605a8e5ff800000 0 0
1 1 1 46af170a7f800000 0 0
1 1 1 3eada72dff800000 0 0
1 1 1 cb93406bff800000 0 0
1 1 1 cd4218157fc00000 0 0
1 1 1 c5c010bd7f800000 0 0
1 1 1 c3ef8be6ff800000 0 0
1 1 1 3f0bc60b7f800000 0 0
1 1 1 b67d613a7fc00000 0 0
1 1 1 4cb317537fc00000 0 0
1 1 1 4e293a627f800000 0 0
1 1 1 befef1e0ff800000 0 0
1 1 1 b6108e0bff800000 0 0
1 1 1 ca5b87767f800000 0 0
1 1 1 b879eaf57fc00000 0 0
1 1 1 cef0dcdd7f800000 0 0
1 1 1 b60ba5c87fc00000 0 0
1 1 1 b3d9bea97f800000 0 0
1 1 1 b78e9cd47fc00000 0 0
1 1 1 c565debaff800000 0 0
1 1 1 cb306ddaff800000 0 0
1 1 1 3f29613a7f800000 0 0
1 1 1 3c899f5e7fc00000 0 0
1 1 1 b0f30dcd7f800000 0 0
1 1 1 c65c3a8d7fc00000 0 0
1 1 1 393611dc7fc00000 0 0
1 1 1 cb17d5deff800000 0 0
1 1 1 3d801365ff800000 0 0
1 1 1 b2f0bc967f800000 0 0
1 1 1 4d9b5ea27f800000 0 0
1 1 1 4a55c12f7fc00000 0 0
1 1 1 b7549fb97f800000 0 0
1 1 1 4528d7a8ff800000 0 0
1 1 1 c45f22487f800000 0 0
1 1 1 38e49b3b7f800000 0 0
1 1 1 ba6480e7ff800000 0 0
1 1 1 3fc403e97fc00000 0 0
1 1 1 bddff19f7f800000 0 0
1 1 1 38d59410ff800000 0 0
1 1 1 475277b9ff800000 0 0
1 1 1 c803e3c17f800000 0 0
1 1 1 4c28276c7fc00000 0 0
1 1 1 bd20d8757f800000 0 0
1 1 1 bd004c267fc00000 0 0
1 1 1 cd8e043dff800000 0 0
1 1 1 c960e6857fc00000 0 0
1 1 1 4144d3337f800000 0 0
1 1 1 383adaa57f800000 0 0
1 1 1 3b5ed33c7fc00000 0 0
1 1 1 b7dd9c8c7f800000 0 0
1 1 1 3dc1fdea7f800000 0 0
1 1 1 bfe36c4e7fc00000 0 0
1 1 1 b5a926e1ff800000 0 0
1 1 1 395f526a7f800000 0 0
1 1 1 c0bab9c07f800000 0 0
1 1 1 b5ee08847f800000 0 0
1 1 1 43f8a0507fc00000 0 0
1 1 1 c7572ebb7f800000 0 0
1 1 1 c6733d767f800000 0 0
1 1 1 c1492ba17fc00000 0 0
1 1 1 46ceaed27fc00000 0 0
1 1 1 b963b04a7f800000 0 0
1 1 1 3d4ad6797f800000 0 0
1 1 1 c7c4f2fa7fc00000 0 0
1 1 1 3c021c007fc00000 0 0
1 1 1 bb2c043e7fc00000 0 0
1 1 1 403b05367f800000 0 0
1 1 1 bb5d33e97fc00000 0 0
1 1 1 3a0295357fc00000 0 0
1 1 1 4b8b38b97f800000 0 0
1 1 1 bb6728baff800000 0 0
1 1 1 4ed73484ff800000 0 0
1 1 1 4c0e93b37f800000 0 0
1 1 1 c477dfa47fc00000 0 0
1 1 1 cc8a5bf77f800000 0 0
1 1 1 b82936d87fc00000 0 0
1 1 1 c875b6337f800000 0 0
1 1 1 3e6d48b27f800000 0 0
1 1 1 47d459cd7fc00000 0 0
1 1 1 4eb4e90aff800000 0 0
1 1 1 3e86324fff800000 0 0
1 1 1 33d0d389ff800000 0 0
1 1 1 39fd10f97fc00000 0 0
1 1 1 bc5260c67fc00000 0 0
1 1 1 3c89c48a7f800000 0 0
1 1 1 3c1ed5f27fc00000 0 0
1 1 1 c87af55f7fc00000 0 0
1 1 1 482957107fc00000 0 0
1 1 1 4e962369ff800000 0 0
1 1 1 41b1fd577fc00000 0 0
1 1 1 4d615a8dff800000 0 0
1 1 1 c818827aff800000 0 0
1 1 1 b86fd3417f800000 0 0
1 1 1 be7dd2f07f800000 0 0
1 1 1 46cad2117fc00000 0 0
1 1 1 c8ee8e177f800000 0 0
1 1 1 cde29bc97fc00000 0 0
1 1 1 c61281c17fc00000 0 0
1 1 1 c598fcb87fc00000 0 0
1 1 1 426cf07eff800000 0 0
1 1 1 c94ba8d37f800000 0 0
1 1 1 4b1cd1f77fc00000 0 0
1 1 1 b29be903ff800000 0 0
1 1 1 481b30317f800000 0 0
1 1 1 bef646f07f800000 0 0
1 1 1 392d3bfaff800000 0 0
1 1 1 3fc6ed097f800000 0 0
1 1 1 40081a9e7fc00000 0 0
1 1 1 465345a17fc00000 0 0
1 1 1 3c21b9997fc00000 0 0
1 1 1 36e97633ff800000 0 0
1 1 1 3bef5110ff800000 0 0
1 1 1 3c2adb8a7f800000 0 0
1 1 1 c98638f07f800000 0 0
1 1 1 4b825be47f800000 0 0
1 1 1 bbfa9a23ff800000 0 0
1 1 1 b13bfb61ff800000 0 0
1 1 1 3b55c2457f800000 0 0
1 1 1 4aa5ce3a7f800000 0 0
1 1 1 48202d217f800000 0 0
1 1 1 c7fa3ea37fc00000 0 0
1 1 1 36706b1e7fc00000 0 0
1 1 1 407374287f800000 0 0
1 1 1 4e4d232eff800000 0 0
1 1 1 c3c53fd1ff800000 0 0
1 1 1 c28954df7f800000 0 0
1 1 1 c44a11217f800000 0 0
1 1 1 b8ec57be7fc00000 0 0
1 1 1 b6c15fc97fc00000 0 0
1 1 1 437660e37fc00000 0 0
1 1 1 3f0fe85e7fc00000 0 0
1 1 1 cac6a4cc7f800000 0 0
1 1 1 439a824d7f800000 0 0
1 1 1 cc472bd37fc00000 0 0
1 1 1 c45873977fc00000 0 0
1 1 1 38c0276e7f800000 0 0
1 1 1 459bedb27fc00000 0 0
1 1 1 ca999ab67fc00000 0 0
1 1 1 b1b4bb677f800000 0 0
1 1 1 4638a0a7ff800000 0 0
1 1 1 b6ee0f9e7f800000 0 0
1 1 1 4a80388f7fc00000 0 0
1 1 1 b1861a477f800000 0 0
1 1 1 3afb6168ff800000 0 0
1 1 1 cbc1ec837fc00000 0 0
1 1 1 4c6cef56ff800000 0 0
1 1 1 48df633cff800000 0 0
1 1 1 c61a6fa67fc00000 0 0
1 1 1 c0673c407fc00000 0 0
1 1 1 359015b6ff800000 0 0
1 1 1 c04d7c997fc00000 0 0
1 1 1 b7c676eb7f800000 0 0
1 1 1 be9273fe7f800000 0 0
1 1 1 4a19f1927fc00000 0 0
1 1 1 b2d8a99cff800000 0 0
1 1 1 31ccd0237fc00000 0 0
1 1 1 4b1ed6b27fc00000 0 0
1 1 1 cbc933fe7f800000 0 0
1 1 1 b6456f4fff800000 0 0
1 1 1 b1c8eb5b7fc00000 0 0
1 1 1 b6ab78cd7f800000 0 0
1 1 1 4562c5247fc00000 0 0
1 1 1 31691ecaff800000 0 0
1 1 1 324a52587fc00000 0 0
1 1 1 cea5ac957f800000 0 0
1 1 1 3a335a247fc00000 0 0
1 1 1 450f2ab57f800000 0 0
1 1 1 4a7e6e277f800000 0 0
1 1 1 cdd557b77fc00000 0 0
1 1 1 320888477f800000 0 0
1 1 1 b8adc8bf7fc00000 0 0
1 1 1 b82e94fa7f800000 0 0
1 1 1 cb6b284c7f800000 0 0
1 1 1 4c08e442ff800000 0 0
1 1 1 4d8e19d37fc00000 0 0
1 1 1 b445e47b7fc00000 0 0
1 1 1 361a5718ff800000 0 0
1 1 1 c7aeebc37f800000 0 0
1 1 1 38635b9f7f800000 0 0
1 1 1 bf3de9947fc00000 0 0
1 1 1 bd7e0f58ff800000 0 0
1 1 1 385370457fc00000 0 0
1 1 1 b211db967fc00000 0 0
1 1 1 b5685f42ff800000 0 0
1 1 1 c7d876537f800000 0 0
1 1 1 ce97a2feff800000 0 0
1 1 1 458d9ca87fc00000 0 0
1 1 1 39f7103e7f800000 0 0
1 1 1 3dfc86857fc00000 0 0
1 1 1 c612f0147f800000 0 0
1 1 1 460900e5ff800000 0 0
1 1 1 b94787907f800000 0 0
1 1 1 49e64223ff800000 0 0
1 1 1 b50d2ea2ff800000 0 0
1 1 1 3cd7f3e07f800000 0 0
1 1 1 48470783ff800000 0 0
1 1 1 373122c27f800000 0 0
1 1 1 3eb4abfbff800000 0 0
1 1 1 bad55fb1ff800000 0 0
1 1 1 c9d18dce7f800000 0 0
1 1 1 bce68e5b7f800000 0 0
1 1 1 cb35b0e07fc00000 0 0
1 1 1 be348e107f800000 0 0
1 1 1 bc148bf1ff800000 0 0
1 1 1 bf62973b7f800000 0 0
1 1 1 384bff63ff800000 0 0
1 1 1 cea11bb67fc00000 0 0
1 1 1 c3aa3459ff800000 0 0
1 1 1 b2d4b0fbff800000 0 0
1 1 1 b872c59e7f800000 0 0
1 1 1 421b50487fc00000 0 0
1 1 1 3b91d71aff800000 0 0
1 1 1 37a71ba67f800000 0 0
1 1 1 477b2e827fc00000 0 0
1 1 1 c0ba72b97fc00000 0 0
1 1 1 c8d620b7ff800000 0 0
1 1 1 ba9f210d7f800000 0 0
1 1 1 bf93d8c27fc00000 0 0
1 1 1 344f7f54ff800000 0 0
1 1 1 c64697a67f800000 0 0
1 1 1 b4d48f857f800000 0 0
1 1 1 b8accb65ff800000 0 0
1 1 1 c094a8347fc00000 0 0
1 1 1 4b653720ff800000 0 0
1 1 1 bf5e31a57fc00000 0 0
1 1 1 3b32ad797f800000 0 0
1 1 1 475e2a807fc00000 0 0
1 1 1 3fac9f50ff800000 0 0
1 1 1 b3442be87fc00000 0 0
1 1 1 440ff48aff800000 0 0
1 1 1 bed324197fc00000 0 0
1 1 1 b09bf32f7f800000 0 0
1 1 1 4a1d1f917f800000 0 0
1 1 1 c52e95afff800000 0 0
1 1 1 ba8e178e7fc00000 0 0
1 1 1 c392ba77ff800000 0 0
1 1 1 30d5e5f77f800000 0 0
1 1 1 4982e0aa7f800000 0 0
1 1 1 b6af517dff800000 0 0
1 1 1 3e9aba25ff800000 0 0
1 1 1 bbb94bc87f800000 0 0
1 1 1 4c6cf93e7f800000 0 0
1 1 1 c2003520ff800000 0 0
1 1 1 bbf3acb07f800000 0 0
1 1 1 c453df0f7f800000 0 0
1 1 1 3aa9872b7f800000 0 0
1 1 1 33d363bd7fc00000 0 0
1 1 1 3ee2f3e97f800000 0 0
1 1 1 c60972a57f800000 0 0
1 1 1 b23070c67f800000 0 0
1 1 1 c7e59f617f800000 0 0
1 1 1 4ee88fdb7fc00000 0 0
1 1 1 c4c83cb07fc00000 0 0
1 1 1 c04e46437fc00000 0 0
1 1 1 bb75ef71ff800000 0 0
1 1 1 350192e87fc00000 0 0
1 1 1 bbf6dada7f800000 0 0
1 1 1 b13faa337fc00000 0 0
1 1 1 bf22447b7f800000 0 0
1 1 1 bdd075957fc00000 0 0
1 1 1 3818d7837fc00000 0 0
1 1 1 4c5ab4a17f800000 0 0
1 1 1 ca7001e37f800000 0 0
1 1 1 4537db977f800000 0 0
1 1 1 411f36a57fc00000 0 0
1 1 1 32176f19ff800000 0 0
1 1 1 b40daff77f800000 0 0
1 1 1 be37127aff800000 0 0
1 1 1 3219e7ee7f800000 0 0
1 1 1 c3775c807fc00000 0 0
1 1 1 40fc3c0dff800000 0 0
1 1 1 4ac065247fc00000 0 0
1 1 1 3a690b7eff800000 0 0
1 1 1 c7eb2beaff800000 0 0
1 1 1 4cb05108ff800000 0 0
1 1 1 3e6c85e5ff800000 0 0
1 1 1 4ad52492ff800000 0 0
1 1 1 4e2a9867ff800000 0 0
1 1 1 333686aa7fc00000 0 0
1 1 1 bd436a3dff800000 0 0
1 1 1 4550ffb6ff800000 0 0
1 1 1 cc56b72a7f800000 0 0
1 1 1 b674d8767fc00000 0 0
1 1 1 c9af8d4b7f800000 0 0
1 1 1 b21ef7a97fc00000 0 0
1 1 1 493dc4d57fc00000 0 0
1 1 1 47ea5940ff800000 0 0
1 1 1 441e18167f800000 0 0
1 1 1 c2b860177f800000 0 0
1 1 1 b15f8d0f7f800000 0 0
1 1 1 4e37c6027f800000 0 0
1 1 1 b3c3bb29ff800000 0 0
1 1 1 c56595cf7f800000 0 0
1 1 1 3b1ecc327fc00000 0 0
1 1 1 cd5efcafff800000 0 0
1 1 1 31195d5a7f800000 0 0
1 1 1 cc22d456ff800000 0 0
1 1 1 3ac2362cff800000 0 0
1 1 1 c7c02acbff800000 0 0
1 1 1 c007cf027f800000 0 0
1 1 1 497fb0bfff800000 0 0
1 1 1 b8faabbbff800000 0 0
1 1 1 3237c80dff800000 0 0
1 1 1 c0f0ff34ff800000 0 0
1 1 1 425ad55e7f800000 0 0
1 1 1 c0444d767f800000 0 0
1 1 1 3db0d93f7fc00000 0 0
1 1 1 43c3b8fb7f800000 0 0
1 1 1 442d5a20ff800000 0 0
1 1 1 3f5a59127f800000 0 0
1 1 1 c2dc5b1c7fc00000 0 0
1 1 1 b470cd3fff800000 0 0
1 1 1 b8b00926ff800000 0 0
1 1 1 ca7aa09c7fc00000 0 0
1 1 1 b3a7720eff800000 0 0
1 1 1 ca5c56f6ff800000 0 0
1 1 1 c7b03df5ff800000 0 0
1 1 1 3dc6431e7fc00000 0 0
1 1 1 b1256d317fc00000 0 0
1 1 1 b66df28f7fc00000 0 0
1 1 1 4c3424fe7fc00000 0 0
1 1 1 c5cc61f17f800000 0 0
1 1 1 cb0d90007f800000 0 0
1 1 1 3117b139ff800000 0 0
1 1 1 37933d2c7f800000 0 0
1 1 1 be11b7d47f800000 0 0
1 1 1 42bb3a21ff800000 0 0
1 1 1 401046e77fc00000 0 0
1 1 1 3eae48c57fc00000 0 0
1 1 1 b0ed4d367f800000 0 0
1 1 1 c9c96c3e7fc00000 0 0
1 1 1 399d9e577fc00000 0 0
1 1 1 4c455d9fff800000 0 0
1 1 1 be4d8cd67f800000 0 0
1 1 1 bf4492c4ff800000 0 0
1 1 1 b0ecea797f800000 0 0
1 1 1 400121edff800000 0 0
1 1 1 bcde8964ff800000 0 0
1 1 1 bcd53a107f800000 0 0
1 1 1 c420b6e47fc00000 0 0
1 1 1 ba2bdda77f800000 0 0
1 1 1 b5068de47fc00000 0 0
1 1 1 4cb907647fc00000 0 0
1 1 1 b7412add7f800000 0 0
1 1 1 b33ab1517f800000 0 0
1 1 1 3231cedcff800000 0 0
1 1 1 ba0aed9aff800000 0 0
1 1 1 4501a4ea7f800000 0 0
1 1 1 c00682a97f800000 0 0
1 1 1 cdf540577fc00000 0 0
1 1 1 478c99707fc00000 0 0
1 1 1 3ab224f8ff800000 0 0
1 1 1 ba1a7b927f800000 0 0
1 1 1 3f5096ba7fc00000 0 0
1 1 1 bb4a443bff800000 0 0
1 1 1 4dfe4cc2ff800000 0 0
1 1 1 b6e2be2c7f800000 0 0
1 1 1 c5bda75bff800000 0 0
1 1 1 3284d83eff800000 0 0
1 1 1 44faf82bff800000 0 0
1 1 1 b54304b2ff800000 0 0
1 1 1 42b8f22aff800000 0 0
1 1 1 b84022c0ff800000 0 0
1 1 1 4e61170e7fc00000 0 0
1 1 1 3cb8111b7f800000 0 0
1 1 1 ba6dc9d4ff800000 0 0
1 1 1 47fc80847f800000 0 0
1 1 1 4a1b3900ff800000 0 0
1 1 1 3bc369baff800000 0 0
1 1 1 c6dcca387fc00000 0 0
1 1 1 cdc8ad037fc00000 0 0
1 1 1 be2cd5cbff800000 0 0
1 1 1 461334087fc00000 0 0
1 1 1 b7bad4e37fc00000 0 0
1 1 1 c1011c7c7fc00000 0 0
1 1 1 35f16a7a7f800000 0 0
1 1 1 cea579f7ff800000 0 0
1 1 1 c3399c767f800000 0 0
1 1 1 b45b842eff800000 0 0
1 1 1 45d6e744ff800000 0 0
1 1 1 bd53dd7aff800000 0 0
1 1 1 c5eee3bc7fc00000 0 0
1 1 1 465564d87fc00000 0 0
1 1 1 b0e9ee617fc00000 0 0
1 1 1 bb1198827fc00000 0 0
1 1 1 b937ad7d7fc00000 0 0
1 1 1 3ced84917f800000 0 0
1 1 1 c52d702aff800000 0 0
1 1 1 b4fc842e7fc00000 0 0
1 1 1 34ca1e4f7fc00000 0 0
1 1 1 490afe2dff800000 0 0
1 1 1 36101ef47fc00000 0 0
1 1 1 bcbcc5a17fc00000 0 0
1 1 1 3f7888ea7fc00000 0 0
1 1 1 37a2af5dff800000 0 0
1 1 1 4528ad137fc00000 0 0
1 1 1 4b8875ddff800000 0 0
1 1 1 cea54f8bff800000 0 0
1 1 1 3df07ab07f800000 0 0
1 1 1 c7476a7f7f800000 0 0
1 1 1 c59c5af37fc00000 0 0
1 1 1 c5ea2186ff800000 0 0
1 1 1 c81a19a17f800000 0 0
1 1 1 39152132ff800000 0 0
1 1 1 c6fac6247fc00000 0 0
1 1 1 3089748c7f800000 0 0
1 1 1 352b96627f800000 0 0
1 1 1 c36cf60b7f800000 0 0
1 1 1 c52404907f800000 0 0
1 1 1 c1663b127fc00000 0 0
1 1 1 3e34a4f17fc00000 0 0
1 1 1 b3fbaff6ff800000 0 0
1 1 1 3ed0c17c7f800000 0 0
1 1 1 4e9c6b1bff800000 0 0
1 1 1 37d5b0737fc00000 0 0
1 1 1 c7da7010ff800000 0 0
1 1 1 b5559098ff800000 0 0
1 1 1 c73b28c67fc00000 0 0
1 1 1 490ee87a7fc00000 0 0
1 1 1 be029055ff800000 0 0
1 1 1 b39465567fc00000 0 0
1 1 1 39d0e7157f800000 0 0
1 1 1 4b863973ff800000 0 0
1 1 1 c03af8f57fc00000 0 0
1 1 1 332f596dff800000 0 0
1 1 1 456d87b7ff800000 0 0
1 1 1 4bfc61ab7fc00000 0 0
1 1 1 4540031b7f800000 0 0
1 1 1 c2e812f07fc00000 0 0
1 1 1 445f7f4e7f800000 0 0
1 1 1 b6f251efff800000 0 0
1 1 1 41472f3aff800000 0 0
1 1 1 399c994e7f800000 0 0
1 1 1 3e75b1287f800000 0 0
1 1 1 32103fe27fc00000 0 0
1 1 1 48181f057fc00000 0 0
1 1 1 4e409f8dff800000 0 0
1 1 1 350f7e477f800000 0 0
1 1 1 4c82dd0eff800000 0 0
1 1 1 3ad090827fc00000 0 0
1 1 1 bde201bc7f800000 0 0
1 1 1 cbe15680ff800000 0 0
1 1 1 c934cb0f7f800000 0 0
1 1 1 3196442cff800000 0 0
1 1 1 450fdced7f800000 0 0
1 1 1 c3c00b237fc00000 0 0
1 1 1 4b6f81657fc00000 0 0
1 1 1 b38e2bbbff800000 0 0
1 1 1 325c27c97fc00000 0 0
1 1 1 c621f9277fc00000 0 0
1 1 1 b66f3f96ff800000 0 0
1 1 1 cafadc03ff800000 0 0
1 1 1 43b6f57eff800000 0 0
1 1 1 b6cb25677f800000 0 0
1 1 1 4c1a73ceff800000 0 0
1 1 1 4a5b1f337f800000 0 0
1 1 1 be6284867f800000 0 0
1 1 1 c11443aeff800000 0 0
1 1 1 42cfe08b7fc00000 0 0
1 1 1 33d87ad17f800000 0 0
1 1 1 3602c5447f800000 0 0
1 1 1 bd319bd27fc00000 0 0
1 1 1 bd53811dff800000 0 0
1 1 1 46c81da47fc00000 0 0
1 1 1 ba405c5fff800000 0 0
1 1 1 b991208f7fc00000 0 0
1 1 1 48b851047fc00000 0 0
1 1 1 39d429337fc00000 0 0
1 1 1 456b2a2e7fc00000 0 0
1 1 1 4d09451bff800000 0 0
1 1 1 4032bd397fc00000 0 0
1 1 1 335340677f800000 0 0
1 1 1 48a051fbff800000 0 0
1 1 1 b5822fa27fc00000 0 0
1 1 1 b22f86af7fc00000 0 0
1 1 1 bd071d9d7fc00000 0 0
1 1 1 33ae70ac7fc00000 0 0
1 1 1 4730d9d1ff800000 0 0
1 1 1 b0fddb0b7f800000 0 0
1 1 1 baf55b607f800000 0 0
1 1 1 cda60e1d7fc00000 0 0
1 1 1 c43a323a7f800000 0 0
1 1 1 c3b34cc37fc00000 0 0
1 1 1 b3a7234d7fc00000 0 0
1 1 1 4250d921ff800000 0 0
1 1 1 bc7b3c677fc00000 0 0
1 1 1 47abdc59ff800000 0 0
1 1 1 b23cd01dff800000 0 0
1 1 1 b7f52d4f7f800000 0 0
1 1 1 3ce17c457fc00000 0 0
1 1 1 c4fbb7857fc00000 0 0
1 1 1 bdc43bdeff800000 0 0
1 1 1 4e3d86207fc00000 0 0
1 1 1 c59012157fc00000 0 0
1 1 1 c90d57407fc00000 0 0
1 1 1 cdc256ad7f800000 0 0
1 1 1 b0ec989a7fc00000 0 0
1 1 1 b80d5ec77f800000 0 0
1 1 1 341a33027fc00000 0 0
1 1 1 b08db8857f800000 0 0
1 1 1 4aeafef2ff800000 0 0
1 1 1 389d0f8e7fc00000 0 0
1 1 1 cd36bc307f800000 0 0
1 1 1 b44e87cd7fc00000 0 0
1 1 1 b4f598dd7f800000 0 0
1 1 1 38a8657e7f800000 0 0
1 1 1 45fa695d7f800000 0 0
1 1 1 34008a6f7fc00000 0 0
1 1 1 32669e637fc00000 0 0
1 1 1 4e1aed4aff800000 0 0
1 1 1 4c38f006ff800000 0 0
1 1 1 3ea462bc7f800000 0 0
1 1 1 3d19a0d3ff800000 0 0
1 1 1 405d86517f800000 0 0
1 1 1 cac784db7fc00000 0 0
1 1 1 4a8934b1ff800000 0 0
1 1 1 38682ad87f800000 0 0
1 1 1 459185597fc00000 0 0
1 1 1 bad460157f800000 0 0
1 1 1 428664c4ff800000 0 0
1 1 1 b3c09a6c7f800000 0 0
1 1 1 be174b9b7fc00000 0 0
1 1 1 c93a9ebe7f800000 0 0
1 1 1 cb4e70e5ff800000 0 0
1 1 1 be7cdfd27fc00000 0 0
1 1 1 bb1be99aff800000 0 0
1 1 1 354676f77fc00000 0 0
1 1 1 c94a5b84ff800000 0 0
1 1 1 c3823f267fc00000 0 0
1 1 1 c31bf0527f800000 0 0
1 1 1 bee95d167fc00000 0 0
1 1 1 c47aba00ff800000 0 0
1 1 1 be010aff7fc00000 0 0
1 1 1 3791b8067f800000 0 0
1 1 1 bd76056a7fc00000 0 0
1 1 1 4e93f9cc7f800000 0 0
1 1 1 47f59be77f800000 0 0
1 1 1 32702d90ff800000 0 0
1 1 1 34db9875ff800000 0 0
1 1 1 3f1aa7bfff800000 0 0
1 1 1 b5b7fa797fc00000 0 0
1 1 1 4aba63637f800000 0 0
1 1 1 3e4984d87f800000 0 0
1 1 1 c082f94f7f800000 0 0
1 1 1 3217d5c67f800000 0 0
1 1 1 c59a29837f800000 0 0
1 1 1 42cb62f57fc00000 0 0
1 1 1 cd6a065d7fc00000 0 0
1 1 1 3191b7c17fc00000 0 0
1 1 1 3de424717fc00000 0 0
1 1 1 cb22874cff800000 0 0
1 1 1 c78b3da3ff800000 0 0
1 1 1 38661f50ff800000 0 0
1 1 1 3a0f2cf37fc00000 0 0
1 1 1 c06410137f800000 0 0
1 1 1 ca73fa8e7fc00000 0 0
1 1 1 c8b744f57fc00000 0 0
1 1 1 477c53fd7fc00000 0 0
1 1 1 38f0b9a37fc00000 0 0
1 1 1 495c63ae7f800000 0 0
1 1 1 30a067c1ff800000 0 0
1 1 1 c8c0cf2bff800000 0 0
1 1 1 bf89ab557f800000 0 0
1 1 1 4dc971407f800000 0 0
1 1 1 cc172b187fc00000 0 0
1 1 1 c0311b9d7f800000 0 0
1 1 1 b2bcc9ee7f800000 0 0
1 1 1 4cb8ce257f800000 0 0
1 1 1 b96f7a147fc00000 0 0
1 1 1 41fe5c047fc00000 0 0
1 1 1 b17a32c37f800000 0 0
1 1 1 3db08ce6ff800000 0 0
1 1 1 ccbb5c0dff800000 0 0
1 1 1 363462d27f800000 0 0
1 1 1 c2ba0dd6ff800000 0 0
1 1 1 cb676df17f800000 0 0
1 1 1 43b04cf1ff800000 0 0
1 1 1 4c6149e77fc00000 0 0
1 1 1 3f48dad67f800000 0 0
1 1 1 bd956fb67f800000 0 0
1 1 1 c3ceef837fc00000 0 0
1 1 1 38329b477f800000 0 0
1 1 1 c0998ac7ff800000 0 0
1 1 1 4b4ee280ff800000 0 0
1 1 1 c5beb1947fc00000 0 0
1 1 1 ba8b989eff800000 0 0
1 1 1 3d2d392a7f800000 0 0
1 1 1 477b1c50ff800000 0 0
1 1 1 3ff4bf0f7f800000 0 0
1 1 1 49827a98ff800000 0 0
1 1 1 366922c77fc00000 0 0
1 1 1 33b332b7ff800000 0 0
1 1 1 bf6c7a6c7f800000 0 0
1 1 1 3f4307f37f800000 0 0
1 1 1 34cddd497f800000 0 0
1 1 1 c3db70507fc00000 0 0
1 1 1 4b97a876ff800000 0 0
1 1 1 b49ac62fff800000 0 0
1 1 1 c2c87bb27fc00000 0 0
1 1 1 bf8ea0757f800000 0 0
1 1 1 460fb3c3ff800000 0 0
1 1 1 495d8f087fc00000 0 0
1 1 1 4b9c28e17f800000 0 0
1 1 1 3141436aff800000 0 0
1 1 1 b15ec1357fc00000 0 0
1 1 1 35eeb6e1ff800000 0 0
1 1 1 4a87be607fc00000 0 0
1 1 1 3c36a6dcff800000 0 0
1 1 1 42456c0cff800000 0 0
1 1 1 42b6d644ff800000 0 0
1 1 1 bad3773b7fc00000 0 0
1 1 1 b57d1abc7fc00000 0 0
1 1 1 317c45677fc00000 0 0
1 1 1 48049a427f800000 0 0
1 1 1 b493fcddff800000 0 0
1 1 1 b8628d6a7f800000 0 0
1 1 1 3180c3457f800000 0 0
1 1 1 40c200657fc00000 0 0
1 1 1 b8fa3fdc7fc00000 0 0
1 1 1 407f9d49ff800000 0 0
1 1 1 497ecefc7f800000 0 0
1 1 1 47e5852a7fc00000 0 0
1 1 1 38628e86ff800000 0 0
1 1 1 b1af3a597f800000 0 0
1 1 1 4dc9870dff800000 0 0
1 1 1 c058d7f1ff800000 0 0
1 1 1 31cb095f7fc00000 0 0
1 1 1 33b22ead7fc00000 0 0
1 1 1 3dca75be7fc00000 0 0
1 1 1 3ea8b182ff800000 0 0
1 1 1 3d7a24447f800000 0 0
1 1 1 bcd698a4ff800000 0 0
1 1 1 341972727f800000 0 0
1 1 1 41654d14ff800000 0 0
1 1 1 483e98c97fc00000 0 0
1 1 1 4a52f302ff800000 0 0
1 1 1 314c1a6e7fc00000 0 0
1 1 1 cd0a3e9eff800000 0 0
1 1 1 c045dcb27f800000 0 0
1 1 1 b4f8d7617fc00000 0 0
1 1 1 3fe6d2417f800000 0 0
1 1 1 caa8573a7f800000 0 0
1 1 1 cd7e06987f800000 0 0
1 1 1 312808acff800000 0 0
1 1 1 3c3686347f800000 0 0
1 1 1 ce88ef1b7f800000 0 0
1 1 1 33ca31d87fc00000 0 0
1 1 1 332ace3dff800000 0 0
1 1 1 b87b00637f800000 0 0
1 1 1 4a04b9e07fc00000 0 0
1 1 1 c7aee3d8ff800000 0 0
1 1 1 bac159f87f800000 0 0
1 1 1 b0a5ccda7f800000 0 0
1 1 1 3b8d6d4b7f800000 0 0
1 1 1 3ba4a4197f800000 0 0
1 1 1 ca88bb37ff800000 0 0
1 1 1 bbdb3cbb7f800000 0 0
1 1 1 ca7ba6eeff800000 0 0
1 1 1 364893197f800000 0 0
1 1 1 bbf48b807f800000 0 0
1 1 1 c51e05fa7f800000 0 0
1 1 1 33b44306ff800000 0 0
1 1 1 3e860023ff800000 0 0
1 1 1 4e6819f27f800000 0 0
1 1 1 cac49fd57fc00000 0 0
1 1 1 4e4a12c4ff800000 0 0
1 1 1 4234b7d6ff800000 0 0
1 1 1 3a5d558b7f800000 0 0
1 1 1 338820907f800000 0 0
1 1 1 4d7d52117fc00000 0 0
1 1 1 333c97f97f800000 0 0
1 1 1 373e6059ff800000 0 0
1 1 1 4666b712ff800000 0 0
1 1 1 3a763c7c7f800000 0 0
1 1 1 ba105617ff800000 0 0
1 1 1 c361117e7f800000 0 0
1 1 1 be0b97667fc00000 0 0
1 1 1 b364e0897fc00000 0 0
1 1 1 36764706ff800000 0 0
1 1 1 446fedbc7fc00000 0 0
1 1 1 3b75365fff800000 0 0
1 1 1 c3729c817f800000 0 0
1 1 1 467dfe37ff800000 0 0
1 1 1 3343a18c7f800000 0 0
1 1 1 ca0f4e8e7f800000 0 0
1 1 1 48efc28dff800000 0 0
1 1 1 3db3bbffff800000 0 0
1 1 1 c7a9f90fff800000 0 0
1 1 1 4e098f8eff800000 0 0
1 1 1 ca68fd887fc00000 0 0
1 1 1 b0a0fd44ff800000 0 0
1 1 1 3b2549faff800000 0 0
1 1 1 b75e4a78ff800000 0 0
1 1 1 b9ed903d7fc00000 0 0
1 1 1 48465a8c7fc00000 0 0
1 1 1 b3250b237f800000 0 0
1 1 1 c46fb52e7f800000 0 0
1 1 1 c9f7d83b7f800000 0 0
1 1 1 3ab182247f800000 0 0
1 1 1 41b94dde7f800000 0 0
1 1 1 cb8e22327fc00000 0 0
1 1 1 b83ba42f7fc00000 0 0
1 1 1 c5b7f7927f800000 0 0
1 1 1 cc002df47fc00000 0 0
1 1 1 4146efebff800000 0 0
1 1 1 c84e1af17f800000 0 0
1 1 1 366b68047fc00000 0 0
1 1 1 c3bf8ae87f800000 0 0
1 1 1 c4a399b77f800000 0 0
1 1 1 4c3079517f800000 0 0
1 1 1 47a89a4a7fc00000 0 0
1 1 1 38b2dea87fc00000 0 0
1 1 1 b70cc9a27fc00000 0 0
1 1 1 cd9ca3057fc00000 0 0
1 1 1 c125e1d87f800000 0 0
1 1 1 40e507647f800000 0 0
1 1 1 4923f6347f800000 0 0
1 1 1 45445780ff800000 0 0
1 1 1 4e3870487fc00000 0 0
1 1 1 c2cd2d467fc00000 0 0
1 1 1 3ec8096aff800000 0 0
1 1 1 b5d523497f800000 0 0
1 1 1 b905d1d37f800000 0 0
1 1 1 44502374ff800000 0 0
1 1 1 4ac2a851ff800000 0 0
1 1 1 45c417f37fc00000 0 0
1 1 1 34a76e3a7f800000 0 0
1 1 1 323d5e9f7f800000 0 0
1 1 1 bf0260687fc00000 0 0
1 1 1 c9f86740ff800000 0 0
1 1 1 3e4e1a2d7fc00000 0 0
1 1 1 433105ee7f800000 0 0
1 1 1 b40004817fc00000 0 0
1 1 1 40a29b707f800000 0 0
1 1 1 47c8bd3cff800000 0 0
1 1 1 4ba669437f800000 0 0
1 1 1 4136c0f0ff800000 0 0
1 1 1 3fc3cae17f800000 0 0
1 1 1 b5fa74227f800000 0 0
1 1 1 40dd1ea7ff800000 0 0
1 1 1 33ac91967f800000 0 0
1 1 1 c732c6077f800000 0 0
1 1 1 3cad46b7ff800000 0 0
1 1 1 380aaf617fc00000 0 0
1 1 1 bd54e3d8ff800000 0 0
1 1 1 4196426a7fc00000 0 0
1 1 1 c275aeddff800000 0 0
1 1 1 b8b2153e7fc00000 0 0
1 1 1 45902f397fc00000 0 0
1 1 1 cd31b0ae7f800000 0 0
1 1 1 45bf6d237f800000 0 0
1 1 1 c0a57ab4ff800000 0 0
1 1 1 353fde9d7fc00000 0 0
1 1 1 c7836621ff800000 0 0
1 1 1 4b4f5bac7f800000 0 0
1 1 1 c696aecd7fc00000 0 0
1 1 1 b71594a37f800000 0 0
1 1 1 c164922b7f800000 0 0
1 1 1 b3c91ef0ff800000 0 0
1 1 1 3d2a2d0eff800000 0 0
1 1 1 c71bf1ec7f800000 0 0
1 1 1 bf6f20907fc00000 0 0
1 1 1 c143f8bf7f800000 0 0
1 1 1 b2d2b0d87fc00000 0 0
1 1 1 c9264ae27fc00000 0 0
1 1 1 408e3ef67f800000 0 0
1 1 1 c151c8ea7fc00000 0 0
1 1 1 4cb9e1277f800000 0 0
1 1 1 ca4cfbb87fc00000 0 0
1 1 1 47f702c07fc00000 0 0
1 1 1 3b77f9bdff800000 0 0
1 1 1 b3a6bac47f800000 0 0
1 1 1 b2eaa4d7ff800000 0 0
1 1 1 471d56287f800000 0 0
1 1 1 b19db9dd7fc00000 0 0
1 1 1 b27d36017fc00000 0 0
1 1 1 b96208ec7f800000 0 0
1 1 1 49e8d1de7fc00000 0 0
1 1 1 3ecb0c077fc00000 0 0
1 1 1 4a3cd4afff800000 0 0
1 1 1 c2a69cdcff800000 0 0
1 1 1 c3e6d81d7f800000 0 0
1 1 1 b1abbb3c7f800000 0 0
1 1 1 466a40d4ff800000 0 0
1 1 1 c16a23067fc00000 0 0
1 1 1 32f5cbe97fc00000 0 0
1 1 1 cbddc6397fc00000 0 0
1 1 1 3c066f5a7f800000 0 0
1 1 1 3ae25d357f800000 0 0
1 1 1 37eab3707fc00000 0 0
1 1 1 ba2df1217f800000 0 0
1 1 1 b9e5c6eaff800000 0 0
1 1 1 3cabe1f57f800000 0 0
1 1 1 b589c6467fc00000 0 0
1 1 1 4876d7c47fc00000 0 0
1 1 1 c4c39d037fc00000 0 0
1 1 1 469104587f800000 0 0
1 1 1 3537ead3ff800000 0 0
1 1 1 c3cf600d7f800000 0 0
1 1 1 b5eea602ff800000 0 0
1 1 1 4e46903c7f800000 0 0
1 1 1 3a7590467f800000 0 0
1 1 1 43efa0c57fc00000 0 0
1 1 1 44e430ba7fc00000 0 0
1 1 1 cae5c8117fc00000 0 0
1 1 1 462d886cff800000 0 0
1 1 1 b2d817647fc00000 0 0
1 1 1 3bf9c93d7fc00000 0 0
1 1 1 4af737907f800000 0 0
1 1 1 b3b7af9fff800000 0 0
1 1 1 4bae88907fc00000 0 0
1 1 1 cd7864fa7fc00000 0 0
1 1 1 bc9510b77f800000 0 0
1 1 1 3d7e0869ff800000 0 0
1 1 1 c794c9a8ff800000 0 0
1 1 1 34299782ff800000 0 0
1 1 1 cdc00a9f7fc00000 0 0
1 1 1 ccacf4647fc00000 0 0
1 1 1 c51070787fc00000 0 0
1 1 1 c40931a8ff800000 0 0
1 1 1 4077a5537fc00000 0 0
1 1 1 38449857ff800000 0 0
1 1 1 381475a47fc00000 0 0
1 1 1 bed2702eff800000 0 0
1 1 1 4769c0e67fc00000 0 0
1 1 1 b3826ca67fc00000 0 0
1 1 1 348d9c007f800000 0 0
1 1 1 3bbe005cff800000 0 0
1 1 1 4624883c7fc00000 0 0
1 1 1 b80cd4dcff800000 0 0
1 1 1 c0d7dba0ff800000 0 0
1 1 1 4a35e5de7fc00000 0 0
1 1 1 322c1a477f800000 0 0
1 1 1 b36925b57fc00000 0 0
1 1 1 31a0be367fc00000 0 0
1 1 1 36335e5fff800000 0 0
1 1 1 4c83e504ff800000 0 0
1 1 1 4861ae387fc00000 0 0
1 1 1 320b9b197fc00000 0 0
1 1 1 42afd82c7f800000 0 0
1 1 1 bd8d115d7fc00000 0 0
1 1 1 331b75487f800000 0 0
1 1 1 444ae7967f800000 0 0
1 1 1 b6c4f18eff800000 0 0
1 1 1 c808f9007fc00000 0 0
1 1 1 b0aa47537f800000 0 0
1 1 1 3b7ac9ee7f800000 0 0
1 1 1 37e732637fc00000 0 0
1 1 1 bd2513e67f800000 0 0
1 1 1 30dc29427fc00000 0 0
1 1 1 3dad4e81ff800000 0 0
1 1 1 3704c4df7f800000 0 0
1 1 1 44417b077f800000 0 0
1 1 1 ce2d46cd7f800000 0 0
1 1 1 c47d25867fc00000 0 0
1 1 1 39d2000f7fc00000 0 0
1 1 1 3eccd4fa7f800000 0 0
1 1 1 cd809e147f800000 0 0
1 1 1 befa0c51ff800000 0 0
1 1 1 3b7f21ac7fc00000 0 0
1 1 1 c20fbc1a7fc00000 0 0
1 1 1 b345b832ff800000 0 0
1 1 1 3c54c6327fc00000 0 0
1 1 1 4b28e1b37fc00000 0 0
1 1 1 b89d1a467fc00000 0 0
1 1 1 4473de727fc00000 0 0
1 1 1 3eaa2c847f800000 0 0
1 1 1 c9031ae8ff800000 0 0
1 1 1 3df11162ff800000 0 0
1 1 1 ce72c0d5ff800000 0 0
1 1 1 4b9f0f2a7fc00000 0 0
1 1 1 cbe1cdc57f800000 0 0
1 1 1 451e9cbc7f800000 0 0
1 1 1 310cc615ff800000 0 0
1 1 1 3588322d7fc00000 0 0
1 1 1 c82932e4ff800000 0 0
1 1 1 3a7a10ecff800000 0 0
1 1 1 c8124df57fc00000 0 0
1 1 1 326d52ab7fc00000 0 0
1 1 1 c341e5f4ff800000 0 0
1 1 1 b84a85297fc00000 0 0
1 1 1 47e798ffff800000 0 0
1 1 1 b2753b73ff800000 0 0
1 1 1 3f83215b7f800000 0 0
1 1 1 35df2e9f7f800000 0 0
1 1 1 34be2ec77fc00000 0 0
1 1 1 b11bc04d7fc00000 0 0
1 1 1 bb08d55cff800000 0 0
1 1 1 b58bd36c7fc00000 0 0
1 1 1 38ad3b727fc00000 0 0
1 1 1 46423a037fc00000 0 0
1 1 1 cdeed3467f800000 0 0
1 1 1 b937b410ff800000 0 0
1 1 1 b146956d7f800000 0 0
1 1 1 384e95327fc00000 0 0
1 1 1 b1cc6643ff800000 0 0
1 1 1 bdb2b46fff800000 0 0
1 1 1 4b7282ce7fc00000 0 0
1 1 1 cc78a8a77f800000 0 0
1 1 1 37d64b38ff800000 0 0
1 1 1 415e816d7f800000 0 0
1 1 1 491d52caff800000 0 0
1 1 1 4329a19dff800000 0 0
1 1 1 3db2d82dff800000 0 0
1 1 1 c222c6a87fc00000 0 0
1 1 1 3a68be2cff800000 0 0
1 1 1 35af3feb7f800000 0 0
1 1 1 baf7fe1c7fc00000 0 0
1 1 1 b9c05224ff800000 0 0
1 1 1 c48445817f800000 0 0
1 1 1 31b3757c7fc00000 0 0
1 1 1 c15076baff800000 0 0
1 1 1 c305de017fc00000 0 0
1 1 1 3bb0c707ff800000 0 0
1 1 1 3bd214b77fc00000 0 0
1 1 1 c45206b4ff800000 0 0
1 1 1 4b9937df7f800000 0 0
1 1 1 3dfd506cff800000 0 0
1 1 1 3678df547fc00000 0 0
1 1 1 b142fe127fc00000 0 0
1 1 1 455a23c6ff800000 0 0
1 1 1 4ae4a9727fc00000 0 0
1 1 1 3b2da555ff800000 0 0
1 1 1 c3d629d17fc00000 0 0
1 1 1 cd4a3b037f800000 0 0
1 1 1 cc27c8dcff800000 0 0
1 1 1 4e2250da7f800000 0 0
1 1 1 32e6b52dff800000 0 0
1 1 1 37f16853ff800000 0 0
1 1 1 43e51ae07f800000 0 0
1 1 1 bfd54113ff800000 0 0
1 1 1 b985046bff800000 0 0
1 1 1 3631d275ff800000 0 0
1 1 1 b98f7fe2ff800000 0 0
1 1 1 42dabb64ff800000 0 0
1 1 1 3ee981877f800000 0 0
1 1 1 3f3acad7ff800000 0 0
1 1 1 4d5862047fc00000 0 0
1 1 1 bf6d6aeaff800000 0 0
1 1 1 c67217dc7fc00000 0 0
1 1 1 3eecc2fa7fc00000 0 0
1 1 1 ce6bed727fc00000 0 0
1 1 1 c22bc84b7f800000 0 0
1 1 1 ca7c20ee7f800000 0 0
1 1 1 4607e6a47fc00000 0 0
1 1 1 37980198ff800000 0 0
1 1 1 b4b273667f800000 0 0
1 1 1 3f375b997fc00000 0 0
1 1 1 3e27dfc6ff800000 0 0
1 1 1 b69f825a7f800000 0 0
1 1 1 3cf154b67fc00000 0 0
1 1 1 3f1e143cff800000 0 0
1 1 1 bcdcbdcdff800000 0 0
1 1 1 42a2151eff800000 0 0
1 1 1 35d04e1e7f800000 0 0
1 1 1 4b4e43157fc00000 0 0
1 1 1 cbceb8e0ff800000 0 0
1 1 1 cc140ad87f800000 0 0
1 1 1 4b8b19beff800000 0 0
1 1 1 bbe96d697fc00000 0 0
1 1 1 4c2749517f800000 0 0
1 1 1 443913eb7f800000 0 0
1 1 1 c2f7abb07f800000 0 0
1 1 1 c4a2df5b7f800000 0 0
1 1 1 4c439032ff800000 0 0
1 1 1 398989987f800000 0 0
1 1 1 bf01bd6dff800000 0 0
1 1 1 372a3a797f800000 0 0
1 1 1 c1a7ef957fc00000 0 0
1 1 1 b6c911887fc00000 0 0
1 1 1 b8b6bbde7f800000 0 0
1 1 1 c91e8e77ff800000 0 0
1 1 1 c28339117f800000 0 0
1 1 1 c7c0eda17f800000 0 0
1 1 1 c1bda4b77fc00000 0 0
1 1 1 c5b484887fc00000 0 0
1 1 1 ba05a6ad7f800000 0 0
1 1 1 4a33bdf47fc00000 0 0
1 1 1 44687c6dff800000 0 0
1 1 1 49adc659ff800000 0 0
1 1 1 b16c51927fc00000 0 0
1 1 1 c1d3ae21ff800000 0 0
1 1 1 4503e4a87f800000 0 0
1 1 1 b524ed1c7f800000 0 0
1 1 1 3ac27e247f800000 0 0
1 1 1 c1c7eb3f7f800000 0 0
1 1 1 c06968ea7f800000 0 0
1 1 1 4bd40b407f800000 0 0
1 1 1 4358ba07ff800000 0 0
1 1 1 c876af8bff800000 0 0
1 1 1 3218ceb27f800000 0 0
1 1 1 43f6e5a7ff800000 0 0
1 1 1 44439bf3ff800000 0 0
1 1 1 4dba41ba7f800000 0 0
1 1 1 3c3f88907fc00000 0 0
1 1 1 b531810c7fc00000 0 0
1 1 1 49039a207fc00000 0 0
1 1 1 bed88a21ff800000 0 0
1 1 1 495907a77f800000 0 0
1 1 1 ba9cfede7fc00000 0 0
1 1 1 43a45424ff800000 0 0
1 1 1 bfd80c61ff800000 0 0
1 1 1 409b20dd7f800000 0 0
1 1 1 42830a537f800000 0 0
1 1 1 3def9ddcff800000 0 0
1 1 1 45ed7bb9ff800000 0 0
1 1 1 bbe39a967f800000 0 0
1 1 1 3f1068177f800000 0 0
1 1 1 468d52487fc00000 0 0
1 1 1 b35f6faa7fc00000 0 0
1 1 1 45fcc4e17fc00000 0 0
1 1 1 ccb4674b7f800000 0 0
1 1 1 48a30965ff800000 0 0
1 1 1 c85c1c637f800000 0 0
1 1 1 399c54f67fc00000 0 0
1 1 1 b90aa127ff800000 0 0
1 1 1 b440ab347f800000 0 0
1 1 1 b69680e07f800000 0 0
1 1 1 46df79537f800000 0 0
1 1 1 be9a318aff800000 0 0
1 1 1 39950c717fc00000 0 0
1 1 1 c31d49d07fc00000 0 0
1 1 1 ce467aadff800000 0 0
1 1 1 4e2f0da9ff800000 0 0
1 1 1 38ec65b9ff800000 0 0
1 1 1 ba01b894ff800000 0 0
1 1 1 45d50d937fc00000 0 0
1 1 1 cc84bb527f800000 0 0
1 1 1 41b8e4067f800000 0 0
1 1 1 48944e94ff800000 0 0
1 1 1 b472cb427fc00000 0 0
1 1 1 4b6c7bcbff800000 0 0
1 1 1 b0decd9b7fc00000 0 0
1 1 1 311cd8c8ff800000 0 0
1 1 1 ce5e14a37f800000 0 0
1 1 1 b0d9f116ff800000 0 0
1 1 1 421064fd7f800000 0 0
1 1 1 bda26d017f800000 0 0
1 1 1 bbf60f8a7fc00000 0 0
1 1 1 c3402d5b7f800000 0 0
1 1 1 cbfbeca37fc00000 0 0
1 1 1 4652c6467fc00000 0 0
1 1 1 c2f974877f800000 0 0
1 1 1 cec47013ff800000 0 0
1 1 1 b1d846efff800000 0 0
1 1 1 345ae6cb7f800000 0 0
1 1 1 4a39663a7f800000 0 0
1 1 1 44ea7e317fc00000 0 0
1 1 1 46a067fb7f800000 0 0
1 1 1 c2e683fa7f800000 0 0
1 1 1 347f7d007fc00000 0 0
1 1 1 cd011f9d7f800000 0 0
1 1 1 42b0ead67fc00000 0 0
1 1 1 b291964eff800000 0 0
1 1 1 38ed0b217f800000 0 0
1 1 1 431ab6c4ff800000 0 0
1 1 1 b5f0f3617f800000 0 0
1 1 1 48a96b8f7f800000 0 0
1 1 1 c22a8d6a7f800000 0 0
1 1 1 314440467f800000 0 0
1 1 1 c42fb5707fc00000 0 0
1 1 1 be9addd17f800000 0 0
1 1 1 4eac51077fc00000 0 0
1 1 1 4d5748867fc00000 0 0
1 1 1 b47777f37fc00000 0 0
1 1 1 ce96da6cff800000 0 0
1 1 1 3f26680e7fc00000 0 0
1 1 1 c2bf52a57fc00000 0 0
1 1 1 3926c7a57fc00000 0 0
1 1 1 40e2b4fc7f800000 0 0
1 1 1 c9e5c63a7f800000 0 0
1 1 1 c516eac0ff800000 0 0
1 1 1 37d4e4e0ff800000 0 0
1 1 1 c07f713d7f800000 0 0
1 1 1 3dfa3785ff800000 0 0
1 1 1 30dad441ff800000 0 0
1 1 1 411e865dff800000 0 0
1 1 1 b08fc19c7f800000 0 0
1 1 1 b60c9902ff800000 0 0
1 1 1 c57debf9ff800000 0 0
1 1 1 ce7f6c497f800000 0 0
1 1 1 3fdecb9c7f800000 0 0
1 1 1 c909a13f7f800000 0 0
1 1 1 493e39ef7f800000 0 0
1 1 1 c422f20aff800000 0 0
1 1 1 4c8597137fc00000 0 0
1 1 1 c17b0a58ff800000 0 0
1 1 1 c5bd1d337f800000 0 0
1 1 1 32ed3e19ff800000 0 0
1 1 1 ba7f18caff800000 0 0
1 1 1 3f22d69dff800000 0 0
1 1 1 c92af3607f800000 0 0
1 1 1 36fa5cf5ff800000 0 0
1 1 1 bb3feb8dff800000 0 0
1 1 1 429675deff800000 0 0
1 1 1 cd4ff1887fc00000 0 0
1 1 1 cb3fa7547fc00000 0 0
1 1 1 3dfbad4a7fc00000 0 0
1 1 1 b70e13f77fc00000 0 0
1 1 1 c4585b2e7f800000 0 0
1 1 1 462b440f7f800000 0 0
1 1 1 4e3e860f7fc00000 0 0
1 1 1 3c51615dff800000 0 0
1 1 1 c0cf7f8f7f800000 0 0
1 1 1 4d189eb4ff800000 0 0
1 1 1 433df3efff800000 0 0
1 1 1 c79f4cefff800000 0 0
1 1 1 b94f9067ff800000 0 0
1 1 1 c56096987f800000 0 0
1 1 1 c2a4746c7fc00000 0 0
1 1 1 3339d9a07fc00000 0 0
1 1 1 400c81de7f800000 0 0
1 1 1 323ff5ef7fc00000 0 0
1 1 1 439a42627f800000 0 0
1 1 1 32469bafff800000 0 0
1 1 1 b8cd513f7fc00000 0 0
1 1 1 39c28284ff800000 0 0
1 1 1 4783c9917fc00000 0 0
1 1 1 c65c17e5ff800000 0 0
1 1 1 be39325e7fc00000 0 0
1 1 1 c6cf1cc17fc00000 0 0
1 1 1 ccfa236a7fc00000 0 0
1 1 1 bd5a68cf7fc00000 0 0
1 1 1 4502207dff800000 0 0
1 1 1 c41b8b927fc00000 0 0
1 1 1 364c4e227fc00000 0 0
1 1 1 3095d5d67fc00000 0 0
1 1 1 3fd2182dff800000 0 0
1 1 1 bfd7d4547fc00000 0 0
1 1 1 c908f6867f800000 0 0
1 1 1 bcaf4ce4ff800000 0 0
1 1 1 3b03e8177fc00000 0 0
1 1 1 bdd46af17f800000 0 0
1 1 1 b1d7ef357fc00000 0 0
1 1 1 c3d0db7b7fc00000 0 0
1 1 1 bcaccafb7f800000 0 0
1 1 1 c911cddf7fc00000 0 0
1 1 1 ce6a261e7fc00000 0 0
1 1 1 b5888230ff800000 0 0
1 1 1 c19ecb697f800000 0 0
1 1 1 c56206947f800000 0 0
1 1 1 3cd8242d7f800000 0 0
1 1 1 42248be07fc00000 0 0
1 1 1 47b16e557f800000 0 0
1 1 1 3bedf186ff800000 0 0
1 1 1 bae1d0f67f800000 0 0
1 1 1 b7018bb17f800000 0 0
1 1 1 310156c5ff800000 0 0
1 1 1 34f248ab7f800000 0 0
1 1 1 bc50d1df7f800000 0 0
1 1 1 4c0a35ee7fc00000 0 0
1 1 1 314815577fc00000 0 0
1 1 1 4419c577ff800000 0 0
1 1 1 4b27869b7fc00000 0 0
1 1 1 b279b6707f800000 0 0
1 1 1 c702d47d7f800000 0 0
1 1 1 3085491f7fc00000 0 0
1 1 1 b316f7fd7f800000 0 0
1 1 1 ba7a9901ff800000 0 0
1 1 1 4019ab197fc00000 0 0
1 1 1 b6b4dd327f800000 0 0
1 1 1 4a9cc518ff800000 0 0
1 1 1 b3b6fc5bff800000 0 0
1 1 1 c3366adc7f800000 0 0
1 1 1 be92c917ff800000 0 0
1 1 1 bd4c3ef77fc00000 0 0
1 1 1 b10d77647f800000 0 0
1 1 1 485c439dff800000 0 0
1 1 1 b66d2ea6ff800000 0 0
1 1 1 c05db4af7f800000 0 0
1 1 1 c48ece857fc00000 0 0
1 1 1 3c89e28a7f800000 0 0
1 1 1 c54768dc7f800000 0 0
1 1 1 c46a76b9ff800000 0 0
1 1 1 b207dacfff800000 0 0
1 1 1 c850c3397fc00000 0 0
1 1 1 c1fbd44b7fc00000 0 0
1 1 1 4344e5567f800000 0 0
1 1 1 b5fa71da7f800000 0 0
1 1 1 c2d53a2fff800000 0 0
1 1 1 b88c3ab57f800000 0 0
1 1 1 40dd95a1ff800000 0 0
1 1 1 3e1173267fc00000 0 0
1 1 1 bbb6419c7f800000 0 0
1 1 1 4d029297ff800000 0 0
1 1 1 47f5acacff800000 0 0
1 1 1 b8e3987e7f800000 0 0
1 1 1 c4339a327f800000 0 0
1 1 1 b4df536b7fc00000 0 0
1 1 1 42d138067f800000 0 0
1 1 1 3a7f3c89ff800000 0 0
1 1 1 4e77501f7fc00000 0 0
1 1 1 c34007e47f800000 0 0
1 1 1 42e85e5a7f800000 0 0
1 1 1 c6660075ff800000 0 0
1 1 1 46d097937fc00000 0 0
1 1 1 c25fdf42ff800000 0 0
1 1 1 47ced3797fc00000 0 0
1 1 1 bc402f337fc00000 0 0
1 1 1 4185b49f7f800000 0 0
1 1 1 4c34104c7f800000 0 0
1 1 1 4e2b36dc7f800000 0 0
1 1 1 cc4ae3b8ff800000 0 0
1 1 1 3e1e381b7f800000 0 0
1 1 1 494384857fc00000 0 0
1 1 1 3c4eadda7f800000 0 0
1 1 1 4551eeaa7f800000 0 0
1 1 1 c1f8260dff800000 0 0
1 1 1 3ce01e857f800000 0 0
1 1 1 bf0d38e87f800000 0 0
1 1 1 b1414526ff800000 0 0
1 1 1 b5144abcff800000 0 0
1 1 1 431f9900ff800000 0 0
1 1 1 bafebd8d7f800000 0 0
1 1 1 c218cb3bff800000 0 0
1 1 1 3a8f26e97fc00000 0 0
1 1 1 bd30f0117fc00000 0 0
1 1 1 45f3f1837fc00000 0 0
1 1 1 b995c132ff800000 0 0
1 1 1 40647e617f800000 0 0
1 1 1 b3cc91117fc00000 0 0
1 1 1 4b0081e07f800000 0 0
1 1 1 332a68737fc00000 0 0
1 1 1 b7633bf97fc00000 0 0
1 1 1 b9031c7a7fc00000 0 0
1 1 1 c6c0b82c7f800000 0 0
1 1 1 cdfdd3a27f800000 0 0
1 1 1 354be9ec7fc00000 0 0
1 1 1 35a7844cff800000 0 0
1 1 1 3b15afb17fc00000 0 0
1 1 1 be4071277f800000 0 0
1 1 1 cd21e7567fc00000 0 0
1 1 1 3302a11c7fc00000 0 0
1 1 1 3c43a16d7fc00000 0 0
1 1 1 387db2927f800000 0 0
1 1 1 3480ead77fc00000 0 0
1 1 1 3380bed97fc00000 0 0
1 1 1 4a20ede77fc00000 0 0
1 1 1 ba2597007f800000 0 0
1 1 1 ce1d97b5ff800000 0 0
1 1 1 b7ba5bb9ff800000 0 0
1 1 1 37c9a3edff800000 0 0
1 1 1 3d73be68ff800000 0 0
1 1 1 ceb8607c7fc00000 0 0
1 1 1 cd0f9c577f800000 0 0
1 1 1 45038e667fc00000 0 0
1 1 1 cbd0f8437fc00000 0 0
1 1 1 cdfa41ed7fc00000 0 0
1 1 1 b7a19115ff800000 0 0
1 1 1 35451a157f800000 0 0
1 1 1 44f096447fc00000 0 0
1 1 1 433c742fff800000 0 0
1 1 1 c0db7a3e7fc00000 0 0
1 1 1 31e822e57fc00000 0 0
1 1 1 456a82597fc00000 0 0
1 1 1 bc95a867ff800000 0 0
1 1 1 3b3de158ff800000 0 0
1 1 1 33f43da07f800000 0 0
1 1 1 cac938e1ff800000 0 0
1 1 1 c30c18297fc00000 0 0
1 1 1 3a7e43bbff800000 0 0
1 1 1 3e5875baff800000 0 0
1 1 1 c2515c387f800000 0 0
1 1 1 b17de950ff800000 0 0
1 1 1 358d685dff800000 0 0
1 1 1 3b9f348d7f800000 0 0
1 1 1 b593c3ae7f800000 0 0
1 1 1 b37bcbf97fc00000 0 0
1 1 1 427d05077fc00000 0 0
1 1 1 c5608c8aff800000 0 0
1 1 1 c7fa10fc7f800000 0 0
1 1 1 cab6271b7fc00000 0 0
1 1 1 bfd5e4107fc00000 0 0
1 1 1 c2e1c5387fc00000 0 0
1 1 1 c10ed6b27fc00000 0 0
1 1 1 b18a44a67f800000 0 0
1 1 1 c9ae5e737f800000 0 0
1 1 1 b690e1e17fc00000 0 0
1 1 1 bdc9581e7f800000 0 0
1 1 1 c1578e227f800000 0 0
1 1 1 4c2abec77f800000 0 0
1 1 1 439996ba7fc00000 0 0
1 1 1 32bcd4a07f800000 0 0
1 1 1 34fe1e47ff800000 0 0
1 1 1 cecb872c7fc00000 0 0
1 1 1 3d1907acff800000 0 0
1 1 1 c43779f07fc00000 0 0
1 1 1 cd95f7727fc00000 0 0
1 1 1 b97c5e98ff800000 0 0
1 1 1 b906f7ba7f800000 0 0
1 1 1 c199d5427fc00000 0 0
1 1 1 b2403d227f800000 0 0
1 1 1 30cb63fcff800000 0 0
1 1 1 c5d9178e7f800000 0 0
1 1 1 c71082c1ff800000 0 0
1 1 1 45853ec77fc00000 0 0
1 1 1 b48d3565ff800000 0 0
1 1 1 327e1a6f7f800000 0 0
1 1 1 389cce0a7f800000 0 0
1 1 1 431ba5517f800000 0 0
1 1 1 4b51841a7f800000 0 0
1 1 1 bebf9a9dff800000 0 0
1 1 1 bb8e219e7f800000 0 0
1 1 1 c5244bebff800000 0 0
1 1 1 bc3d732a7f800000 0 0
1 1 1 be4093477fc00000 0 0
1 1 1 c5962b737fc00000 0 0
1 1 1 c566078d7fc00000 0 0
1 1 1 4644b437ff800000 0 0
1 1 1 c29b0d4f7f800000 0 0
1 1 1 4ad9dcfc7f800000 0 0
1 1 1 c5f008b27fc00000 0 0
1 1 1 41ccd63fff800000 0 0
1 1 1 bf0a05ba7f800000 0 0
1 1 1 45c1ae68ff800000 0 0
1 1 1 3466aafb7f800000 0 0
1 1 1 c0142ee3ff800000 0 0
1 1 1 3b9dba887f800000 0 0
1 1 1 c3543e107f800000 0 0
1 1 1 42ebb6d3ff800000 0 0
1 1 1 3f780d977fc00000 0 0
1 1 1 44847da97fc00000 0 0
1 1 1 c6f9e399ff800000 0 0
1 1 1 45529d567fc00000 0 0
1 1 1 c06977f77fc00000 0 0
1 1 1 4b5f4efbff800000 0 0
1 1 1 3f3f4235ff800000 0 0
1 1 1 4a6c2f5e7fc00000 0 0
1 1 1 46ac3db5ff800000 0 0
1 1 1 311ab9eb7f800000 0 0
1 1 1 b9438c377f800000 0 0
1 1 1 b239ac407fc00000 0 0
1 1 1 c816d045ff800000 0 0
1 1 1 cedcc70f7f800000 0 0
1 1 1 44c5ed237f800000 0 0
1 1 1 39b8337bff800000 0 0
1 1 1 b81dadabff800000 0 0
1 1 1 45bbb880ff800000 0 0
1 1 1 c6c213357f800000 0 0
1 1 1 b36b23e4ff800000 0 0
1 1 1 cbd50d3c7f800000 0 0
1 1 1 c9462f777fc00000 0 0
1 1 1 4afe94b87f800000 0 0
1 1 1 c5638e2eff800000 0 0
1 1 1 483f898a7f800000 0 0
1 1 1 bf8db54b7f800000 0 0
1 1 1 396027ad7f800000 0 0
1 1 1 b8eb99b67fc00000 0 0
1 1 1 c0e5c675ff800000 0 0
1 1 1 3b2917ef7f800000 0 0
1 1 1 44a359497fc00000 0 0
1 1 1 39d35b71ff800000 0 0
1 1 1 cc6054d7ff800000 0 0
1 1 1 be5e61787f800000 0 0
1 1 1 3219c76cff800000 0 0
1 1 1 c687f1007fc00000 0 0
1 1 1 3300b761ff800000 0 0
1 1 1 350b9f747fc00000 0 0
1 1 1 4c81ab7d7f800000 0 0
1 1 1 b77bb0e57f800000 0 0
1 1 1 c735bc32ff800000 0 0
1 1 1 c3b93c8d7f800000 0 0
1 1 1 c3c75a6bff800000 0 0
1 1 1 b3ace7027f800000 0 0
1 1 1 bda4ecd3ff800000 0 0
1 1 1 4833ba487fc00000 0 0
1 1 1 3d206a637fc00000 0 0
1 1 1 bb1d35eeff800000 0 0
1 1 1 b73158617f800000 0 0
1 1 1 b5138ffeff800000 0 0
1 1 1 3ce137147fc00000 0 0
1 1 1 3132ee507fc00000 0 0
1 1 1 beec7880ff800000 0 0
1 1 1 4e1b34397f800000 0 0
1 1 1 b79f368fff800000 0 0
1 1 1 c635e3c67fc00000 0 0
1 1 1 c4fc8883ff800000 0 0
1 1 1 cba18be77fc00000 0 0
1 1 1 bf8e7fb07fc00000 0 0
1 1 1 37a55cb1ff800000 0 0
1 1 1 bf227cb77fc00000 0 0
1 1 1 38a6ffe37fc00000 0 0
1 1 1 436510177fc00000 0 0
1 1 1 4900dfc57f800000 0 0
1 1 1 c0f6cb6a7fc00000 0 0
1 1 1 b9e335097f800000 0 0
1 1 1 b2ba2bfaff800000 0 0
1 1 1 477fd5167f800000 0 0
1 1 1 c5b7e8aeff800000 0 0
1 1 1 b1ea3fcfff800000 0 0
1 1 1 bc80c1ea7fc00000 0 0
1 1 1 3bc4d451ff800000 0 0
1 1 1 3b7a59697fc00000 0 0
1 1 1 4893d910ff800000 0 0
1 1 1 c3f6aba4ff800000 0 0
1 1 1 344378867f800000 0 0
1 1 1 b894e4427fc00000 0 0
1 1 1 c2428c827f800000 0 0
1 1 1 bc8ae860ff800000 0 0
1 1 1 b0cafa61ff800000 0 0
1 1 1 c392d3757f800000 0 0
1 1 1 3b7ff6167f800000 0 0
1 1 1 b5645a4dff800000 0 0
1 1 1 33d9cbc7ff800000 0 0
1 1 1 385bbc3aff800000 0 0
1 1 1 49f86aff7fc00000 0 0
1 1 1 3e15ef967f800000 0 0
1 1 1 4d5fae167f800000 0 0
1 1 1 43e2f19c7f800000 0 0
1 1 1 47cfb51bff800000 0 0
1 1 1 34ceb7e7ff800000 0 0
1 1 1 3bc58bf6ff800000 0 0
1 1 1 421f959eff800000 0 0
1 1 1 b18ece577f800000 0 0
1 1 1 cda4390fff800000 0 0
1 1 1 3ac9f4237fc00000 0 0
1 1 1 b3d615bd7fc00000 0 0
1 1 1 3a6b0d4fff800000 0 0
1 1 1 47a1f6b37f800000 0 0
1 1 1 3676573e7fc00000 0 0
1 1 1 4de1b0097f800000 0 0
1 1 1 c2b971537fc00000 0 0
1 1 1 b801b8877fc00000 0 0
1 1 1 31ac5f38ff800000 0 0
1 1 1 cb444903ff800000 0 0
1 1 1 ce4b08c37f800000 0 0
1 1 1 4c12814aff800000 0 0
1 1 1 308f91787f800000 0 0
1 1 1 b1f462967f800000 0 0
1 1 1 bdf3c1bb7fc00000 0 0
1 1 1 42c0e8ba7fc00000 0 0
1 1 1 39ed422a7f800000 0 0
1 1 1 3688e3367f800000 0 0
1 1 1 c709f239ff800000 0 0
1 1 1 c6ae643c7f800000 0 0
1 1 1 ca07beae7fc00000 0 0
1 1 1 4b1be7887f800000 0 0
1 1 1 3bb537c77f800000 0 0
1 1 1 4e5cae0a7fc00000 0 0
1 1 1 c2a7f4fe7f800000 0 0
1 1 1 c7fd39477fc00000 0 0
1 1 1 c7bc273aff800000 0 0
1 1 1 ba0bcfa1ff800000 0 0
1 1 1 4062f8dc7f800000 0 0
1 1 1 3873cdfb7f800000 0 0
1 1 1 b8af324f7f800000 0 0
1 1 1 c348a6c87f800000 0 0
1 1 1 c88cc9c27fc00000 0 0
1 1 1 b1eeec067f800000 0 0
1 1 1 bdc7d3fe7fc00000 0 0
1 1 1 caab3ef17fc00000 0 0
1 1 1 cbc15ea4ff800000 0 0
1 1 1 cce6c9b4ff800000 0 0
1 1 1 4c861bcc7f800000 0 0
1 1 1 381e11f87fc00000 0 0
1 1 1 c8240e0e7f800000 0 0
1 1 1 b7e1d7b07fc00000 0 0
1 1 1 3c6cc3b6ff800000 0 0
1 1 1 b475a1fd7f800000 0 0
1 1 1 c8a527447f800000 0 0
1 1 1 35775e45ff800000 0 0
1 1 1 49543ba0ff800000 0 0
1 1 1 c5cc23e6ff800000 0 0
1 1 1 328ca0c47fc00000 0 0
1 1 1 ca2c52ac7f800000 0 0
1 1 1 46fef0677f800000 0 0
1 1 1 4b5a5cd17f800000 0 0
1 1 1 bf8e601b7fc00000 0 0
1 1 1 b5a6e560ff800000 0 0
1 1 1 b172a56c7f800000 0 0
1 1 1 bf4e6ea6ff800000 0 0
1 1 1 458692d6ff800000 0 0
1 1 1 cdfcb3ba7fc00000 0 0
1 1 1 c4b3e558ff800000 0 0
1 1 1 4e3875367f800000 0 0
1 1 1 cdd0167d7f800000 0 0
1 1 1 3897067e7fc00000 0 0
1 1 1 b9715fa7ff800000 0 0
1 1 1 c0a1f3327f800000 0 0
1 1 1 c6dced887fc00000 0 0
1 1 1 c17b44c47f800000 0 0
1 1 1 328a59a17fc00000 0 0
1 1 1 4b6298f4ff800000 0 0
1 1 1 3203d3cbff800000 0 0
1 1 1 484f2b697fc00000 0 0
1 1 1 cd27e20c7fc00000 0 0
1 1 1 34d1083cff800000 0 0
1 1 1 4adb4ea27f800000 0 0
1 1 1 48a427357fc00000 0 0
1 1 1 4943d4147f800000 0 0
1 1 1 ce25d3dc7fc00000 0 0
1 1 1 c6f1671cff800000 0 0
1 1 1 c956599b7fc00000 0 0
1 1 1 46731d497fc00000 0 0
1 1 1 36a54bf7ff800000 0 0
1 1 1 31104d35ff800000 0 0
1 1 1 4ebd0dd87f800000 0 0
1 1 1 4664c151ff800000 0 0
1 1 1 b898fec7ff800000 0 0
1 1 1 b66f8716ff800000 0 0
1 1 1 3bfdaf537f800000 0 0
1 1 1 c39f11747f800000 0 0
1 1 1 c54c7c62ff800000 0 0
1 1 1 41ef2f78ff800000 0 0
1 1 1 ca94c7dcff800000 0 0
1 1 1 b8eb9c9f7f800000 0 0
1 1 1 3e385fcbff800000 0 0
1 1 1 c697bd11ff800000 0 0
1 1 1 c13820c1ff800000 0 0
1 1 1 47c1c1447f800000 0 0
1 1 1 4a90add97f800000 0 0
1 1 1 c4cb82e3ff800000 0 0
1 1 1 4e2a78457f800000 0 0
1 1 1 cb44f54dff800000 0 0
1 1 1 397458887fc00000 0 0
1 1 1 475266787f800000 0 0
1 1 1 4beffbfb7fc00000 0 0
1 1 1 ccc62c5c7f800000 0 0
1 1 1 4409b9d3ff800000 0 0
1 1 1 3429de507f800000 0 0
1 1 1 c0492f28ff800000 0 0
1 1 1 c7da6fcc7f800000 0 0
1 1 1 b47006bbff800000 0 0
1 1 1 cdec89717fc00000 0 0
1 1 1 c0e504717fc00000 0 0
1 1 1 318fde1aff800000 0 0
1 1 1 c7e04fdf7f800000 0 0
1 1 1 b3242abfff800000 0 0
1 1 1 cc69da8a7fc00000 0 0
1 1 1 38acdf047f800000 0 0
1 1 1 ca9dbd1f7f800000 0 0
1 1 1 35d77c7b7f800000 0 0
1 1 1 ca9722c47f800000 0 0
1 1 1 3b49c69f7f800000 0 0
1 1 1 37c7e5a07f800000 0 0
1 1 1 c4a1381c7f800000 0 0
1 1 1 3323eea07fc00000 0 0
1 1 1 3eb86413ff800000 0 0
1 1 1 c8150994ff800000 0 0
1 1 1 b111ca727f800000 0 0
1 1 1 4993d3e27fc00000 0 0
1 1 1 b6ce40697fc00000 0 0
1 1 1 4452542e7fc00000 0 0
1 1 1 bfc602587fc00000 0 0
1 1 1 b166e4b57f800000 0 0
1 1 1 43aa2190ff800000 0 0
1 1 1 44d9da1f7f800000 0 0
1 1 1 359367c87f800000 0 0
1 1 1 bcb2b2af7fc00000 0 0
1 1 1 3171be337f800000 0 0
1 1 1 3ef19bcbff800000 0 0
1 1 1 c9912a8fff800000 0 0
1 1 1 c08390807f800000 0 0
1 1 1 3aee1463ff800000 0 0
1 1 1 c1d7c9fcff800000 0 0
1 1 1 368d1fbeff800000 0 0
1 1 1 453cfa3aff800000 0 0
1 1 1 cb419c0a7fc00000 0 0
1 1 1 4b3d4a367fc00000 0 0
1 1 1 4e41279cff800000 0 0
1 1 1 ca106edb7f800000 0 0
1 1 1 b4c922b07fc00000 0 0
1 1 1 bc3a411fff800000 0 0
1 1 1 3d03a678ff800000 0 0
1 1 1 c9eeb4857f800000 0 0
1 1 1 c257f8e17fc00000 0 0
1 1 1 c0e96b617f800000 0 0
1 1 1 443ae04f7fc00000 0 0
1 1 1 bcbafdff7fc00000 0 0
1 1 1 38a41210ff800000 0 0
1 1 1 c00cb4a27f800000 0 0
1 1 1 4b1e3ab6ff800000 0 0
1 1 1 b98004287fc00000 0 0
1 1 1 babb286fff800000 0 0
1 1 1 3db458207f800000 0 0
1 1 1 b0ef782c7fc00000 0 0
1 1 1 c0d624287fc00000 0 0
1 1 1 3ad05f7fff800000 0 0
1 1 1 424a5cea7f800000 0 0
1 1 1 b762f2afff800000 0 0
1 1 1 3592f9247fc00000 0 0
1 1 1 c64f40d9ff800000 0 0
1 1 1 b3fcca0e7f800000 0 0
1 1 1 431b9f2f7f800000 0 0
1 1 1 c9418122ff800000 0 0
1 1 1 c26e14d1ff800000 0 0
1 1 1 befc00b97f800000 0 0
1 1 1 431742ee7fc00000 0 0
1 1 1 3cf45f3e7fc00000 0 0
1 1 1 be4008c97fc00000 0 0
1 1 1 ccf05f42ff800000 0 0
1 1 1 3b666010ff800000 0 0
1 1 1 3a171f9aff800000 0 0
1 1 1 45241f807f800000 0 0
1 1 1 b9f938637f800000 0 0
1 1 1 c5fe2cf9ff800000 0 0
1 1 1 b1d8c3d7ff800000 0 0
1 1 1 c7dd259f7f800000 0 0
1 1 1 b822412d7f800000 0 0
1 1 1 388f7b697fc00000 0 0
1 1 1 31a9644aff800000 0 0
1 1 1 cbcedc087f800000 0 0
1 1 1 b3f7e6487f800000 0 0
1 1 1 cbded50c7f800000 0 0
1 1 1 b5af38bcff800000 0 0
1 1 1 bdc9c9b87f800000 0 0
1 1 1 c15bc777ff800000 0 0
1 1 1 b472930d7fc00000 0 0
1 1 1 36057f02ff800000 0 0
1 1 1 4732c7377f800000 0 0
1 1 1 cba0b143ff800000 0 0
1 1 1 bd8d95207f800000 0 0
1 1 1 c1e84838ff800000 0 0
1 1 1 3912355e7fc00000 0 0
1 1 1 b5ba79a7ff800000 0 0
1 1 1 341d22c3ff800000 0 0
1 1 1 3bc2957a7fc00000 0 0
1 1 1 400b2b817fc00000 0 0
1 1 1 4178bb657f800000 0 0
1 1 1 39780d71ff800000 0 0
1 1 1 499cc8f07fc00000 0 0
1 1 1 39847ffd7f800000 0 0
1 1 1 c8b330707f800000 0 0
1 1 1 3f636e1cff800000 0 0
1 1 1 41008bdb7fc00000 0 0
1 1 1 b4bc93977fc00000 0 0
1 1 1 4aa91746ff800000 0 0
1 1 1 c18ad9f17fc00000 0 0
1 1 1 3d01d49c7fc00000 0 0
1 1 1 3e3c0194ff800000 0 0
1 1 1 3664d6387f800000 0 0
1 1 1 c2c943cb7fc00000 0 0
1 1 1 b32012b2ff800000 0 0
1 1 1 b94c11f3ff800000 0 0
1 1 1 3fc807b4ff800000 0 0
1 1 1 c80a58947fc00000 0 0
1 1 1 372dc16d7fc00000 0 0
1 1 1 35c6bc6dff800000 0 0
1 1 1 cd326f317fc00000 0 0
1 1 1 c3129bca7f800000 0 0
1 1 1 b7627340ff800000 0 0
1 1 1 3a93c1d57fc00000 0 0
1 1 1 4954335e7fc00000 0 0
1 1 1 c5c7a5fbff800000 0 0
1 1 1 42154558ff800000 0 0
1 1 1 b14cac3a7fc00000 0 0
1 1 1 bc6359367fc00000 0 0
1 1 1 bf7c43537fc00000 0 0
1 1 1 4d577296ff800000 0 0
1 1 1 3d272d207fc00000 0 0
1 1 1 365cf2d37fc00000 0 0
1 1 1 4ca1781eff800000 0 0
1 1 1 c10ad3147f800000 0 0
1 1 1 347ff2c67fc00000 0 0
1 1 1 42e4a1bc7f800000 0 0
1 1 1 42e98ed07f800000 0 0
1 1 1 397519cbff800000 0 0
1 1 1 3ae528b1ff800000 0 0
1 1 1 3535e384ff800000 0 0
1 1 1 44db8e497fc00000 0 0
1 1 1 3c7213577f800000 0 0
1 1 1 386045c47f800000 0 0
1 1 1 bc2e66937fc00000 0 0
1 1 1 33fb26a67fc00000 0 0
1 1 1 454776c8ff800000 0 0
1 1 1 be4be2087fc00000 0 0
1 1 1 b8494fc07fc00000 0 0
1 1 1 36b7af7b7f800000 0 0
1 1 1 3caadb957f800000 0 0
1 1 1 4a2ff5087f800000 0 0
1 1 1 3f1268cc7f800000 0 0
1 1 1 c3c5e5f77f800000 0 0
1 1 1 427d7eb5ff800000 0 0
1 1 1 bb60f9247f800000 0 0
1 1 1 bdd89acd7fc00000 0 0
1 1 1 4102b5f87fc00000 0 0
1 1 1 440a8edbff800000 0 0
1 1 1 41f1fc477f800000 0 0
1 1 1 3ca9d8d9ff800000 0 0
1 1 1 49f22ff67f800000 0 0
1 1 1 4685f2c77f800000 0 0
1 1 1 3d78ff807fc00000 0 0
1 1 1 beafb0067fc00000 0 0
1 1 1 48016f6c7fc00000 0 0
1 1 1 b1eecdbe7f800000 0 0
1 1 1 49011bfc7fc00000 0 0
1 1 1 c17d87057fc00000 0 0
1 1 1 3fc946c6ff800000 0 0
1 1 1 c4794fb4ff800000 0 0
1 1 1 c0ecc35c7fc00000 0 0
1 1 1 4e575a5fff800000 0 0
1 1 1 340f126f7fc00000 0 0
1 1 1 bbe54b857f800000 0 0
1 1 1 41e2704bff800000 0 0
1 1 1 369329b07fc00000 0 0
1 1 1 b4568ca27f800000 0 0
1 1 1 3c7d632dff800000 0 0
1 1 1 b34fd89e7f800000 0 0
1 1 1 c105f2f97f800000 0 0
1 1 1 c49af8ae7f800000 0 0
1 1 1 40d1dbae7fc00000 0 0
1 1 1 39aa68ceff800000 0 0
1 1 1 458c02987f800000 0 0
1 1 1 4e58108a7fc00000 0 0
1 1 1 3203d3ba7fc00000 0 0
1 1 1 cd3479287f800000 0 0
1 1 1 c0d6cab87f800000 0 0
1 1 1 4e37ad277fc00000 0 0
1 1 1 b190d2b5ff800000 0 0
1 1 1 339b784fff800000 0 0
1 1 1 3af868667fc00000 0 0
1 1 1 c5f4d3167f800000 0 0
1 1 1 b17f547a7f800000 0 0
1 1 1 4db10d9b7fc00000 0 0
1 1 1 cda335d67f800000 0 0
1 1 1 34f2fb397f800000 0 0
1 1 1 c17d03fcff800000 0 0
1 1 1 3b60566f7f800000 0 0
1 1 1 bc4255947f800000 0 0
1 1 1 4b952eacff800000 0 0
1 1 1 37a4ad41ff800000 0 0
1 1 1 474bca42ff800000 0 0
1 1 1 b1fc7f207fc00000 0 0
1 1 1 3ac398ff7f800000 0 0
1 1 1 c4e8fa9e7fc00000 0 0
1 1 1 b386b803ff800000 0 0
1 1 1 b5edf7ef7f800000 0 0
1 1 1 bc8934fc7f800000 0 0
1 1 1 373051b77f800000 0 0
1 1 1 473d08287f800000 0 0
1 1 1 4150fffb7fc00000 0 0
1 1 1 3875ddb57f800000 0 0
1 1 1 492e44947fc00000 0 0
1 1 1 4e6d2c9bff800000 0 0
1 1 1 c148055f7fc00000 0 0
1 1 1 3994e9097f800000 0 0
1 1 1 c5b277707fc00000 0 0
1 1 1 b0eb252a7f800000 0 0
1 1 1 34826e527fc00000 0 0
1 1 1 c1d5c4ed7f800000 0 0
1 1 1 c6fe74a7ff800000 0 0
1 1 1 cd66abb77fc00000 0 0
1 1 1 37df33d07fc00000 0 0
1 1 1 b329e7ce7f800000 0 0
1 1 1 4b50f2257f800000 0 0
1 1 1 b64d86ab7f800000 0 0
1 1 1 4e10f0567f800000 0 0
1 1 1 404434a2ff800000 0 0
1 1 1 b95d1c977fc00000 0 0
1 1 1 4adc714e7fc00000 0 0
1 1 1 4089dabf7f800000 0 0
1 1 1 35b2a86a7f800000 0 0
1 1 1 cca294df7f800000 0 0
1 1 1 c19ca079ff800000 0 0
1 1 1 4995b3507fc00000 0 0
1 1 1 c1e84ffd7f800000 0 0
1 1 1 3479f0327f800000 0 0
1 1 1 c1231ed97f800000 0 0
1 1 1 32ce23da7f800000 0 0
1 1 1 48db87e67fc00000 0 0
1 1 1 b6b02789ff800000 0 0
1 1 1 4acc47c67fc00000 0 0
1 1 1 bd7ac2347fc00000 0 0
1 1 1 4ae81c727f800000 0 0
1 1 1 cab81b527f800000 0 0
1 1 1 3e5738347f800000 0 0
1 1 1 4442aae87fc00000 0 0
1 1 1 b2edf8fd7fc00000 0 0
1 1 1 49d46d5a7fc00000 0 0
1 1 1 30c8f5baff800000 0 0
1 1 1 40bd7f287f800000 0 0
1 1 1 b698b2ab7fc00000 0 0
1 1 1 463c8b7b7fc00000 0 0
1 1 1 41b45c6e7fc00000 0 0
1 1 1 ceb1c6487fc00000 0 0
1 1 1 bf99aab7ff800000 0 0
1 1 1 cde791ba7f800000 0 0
1 1 1 cb1a0bb3ff800000 0 0
1 1 1 358a01f37f800000 0 0
1 1 1 41ee18817fc00000 0 0
1 1 1 cdf765a8ff800000 0 0
1 1 1 48f333127f800000 0 0
1 1 1 b12ff2967fc00000 0 0
1 1 1 4cd564a6ff800000 0 0
1 1 1 339970fa7fc00000 0 0
1 1 1 b3a2ad167f800000 0 0
1 1 1 c49bfa5b7fc00000 0 0
1 1 1 3ca5b57eff800000 0 0
1 1 1 c6ed35007fc00000 0 0
1 1 1 38fd14b6ff800000 0 0
1 1 1 b35b03bf7fc00000 0 0
1 1 1 b260a88d7fc00000 0 0
1 1 1 bc78c59d7fc00000 0 0
1 1 1 4a5e5dd67fc00000 0 0
1 1 1 43888281ff800000 0 0
1 1 1 c9f3a7ed7fc00000 0 0
1 1 1 3125b9007f800000 0 0
1 1 1 47b1abb6ff800000 0 0
1 1 1 31355a857fc00000 0 0
1 1 1 b9507c367f800000 0 0
1 1 1 451b1a847f800000 0 0
1 1 1 be0cb0487f800000 0 0
1 1 1 bd0b8669ff800000 0 0
1 1 1 b81cea187fc00000 0 0
1 1 1 40974d917fc00000 0 0
1 1 1 45a595937f800000 0 0
1 1 1 b9d5611e7f800000 0 0
1 1 1 bc40034cff800000 0 0
1 1 1 3f136318ff800000 0 0
1 1 1 cc2c82f37f800000 0 0
1 1 1 4e2d07ee7fc00000 0 0
1 1 1 442ad9547fc00000 0 0
1 1 1 c04b0c857f800000 0 0
1 1 1 4ce4b72c7fc00000 0 0
1 1 1 4e4a8967ff800000 0 0
1 1 1 444bd30b7fc00000 0 0
1 1 1 4bf998687f800000 0 0
1 1 1 47dbd4ce7fc00000 0 0
1 1 1 bbd65e707fc00000 0 0
1 1 1 3cb346c2ff800000 0 0
1 1 1 c741034fff800000 0 0
1 1 1 b29749bb7f800000 0 0
1 1 1 41cba440ff800000 0 0
1 1 1 4adfc0c27f800000 0 0
1 1 1 ba1d9f107fc00000 0 0
1 1 1 bba7b84d7fc00000 0 0
1 1 1 40c4e56d7f800000 0 0
1 1 1 b1b574527f800000 0 0
1 1 1 4976c8807f800000 0 0
1 1 1 358320cf7f800000 0 0
1 1 1 b1eadf8aff800000 0 0
1 1 1 34e81e95ff800000 0 0
1 1 1 3364dc07ff800000 0 0
1 1 1 c052671e7f800000 0 0
1 1 1 c2395b167fc00000 0 0
1 1 1 c07655cfff800000 0 0
1 1 1 3f268c3c7f800000 0 0
1 1 1 3411f1b2ff800000 0 0
1 1 1 bb2996c47fc00000 0 0
1 1 1 b7d7edd37fc00000 0 0
1 1 1 c1833950ff800000 0 0
1 1 1 4549adb17fc00000 0 0
1 1 1 cbbb5a657fc00000 0 0
1 1 1 bba6fe5b7fc00000 0 0
1 1 1 b0bd54b5ff800000 0 0
1 1 1 cd8ac9627fc00000 0 0
1 1 1 c77989ee7f800000 0 0
1 1 1 47dee4307f800000 0 0
1 1 1 4cdcfd2a7f800000 0 0
1 1 1 b4f283067f800000 0 0
1 1 1 bd171999ff800000 0 0
1 1 1 3db0525f7f800000 0 0
1 1 1 410b9b9a7fc00000 0 0
1 1 1 b59e9d80ff800000 0 0
1 1 1 c5e66018ff800000 0 0
1 1 1 480b424bff800000 0 0
1 1 1 356b225fff800000 0 0
1 1 1 be67160d7fc00000 0 0
1 1 1 c3b731147f800000 0 0
1 1 1 c613bdb1ff800000 0 0
1 1 1 c7f60e4a7fc00000 0 0
1 1 1 4405b6617f800000 0 0
1 1 1 49ad90777f800000 0 0
1 1 1 c5a77f0cff800000 0 0
1 1 1 4d7913b17fc00000 0 0
1 1 1 c7e472457fc00000 0 0
1 1 1 bb216fa87f800000 0 0
1 1 1 c48cbcc8ff800000 0 0
1 1 1 3e1a4c407f800000 0 0
1 1 1 3c95234fff800000 0 0
1 1 1 4002445b7fc00000 0 0
1 1 1 475be848ff800000 0 0
1 1 1 429daf027f800000 0 0
1 1 1 c7f16379ff800000 0 0
1 1 1 bc5646c77fc00000 0 0
1 1 1 bd7981867fc00000 0 0
1 1 1 c7be8876ff800000 0 0
1 1 1 4b5cba677fc00000 0 0
1 1 1 bd8951777fc00000 0 0
1 1 1 ca6314c47fc00000 0 0
1 1 1 3ca5654f7fc00000 0 0
1 1 1 b49a957d7fc00000 0 0
1 1 1 bb945c1aff800000 0 0
1 1 1 3380c9617fc00000 0 0
1 1 1 37e5967a7fc00000 0 0
1 1 1 c61281af7fc00000 0 0
1 1 1 b9ecb770ff800000 0 0
1 1 1 3ecfe5327fc00000 0 0
1 1 1 bfda74bc7f800000 0 0
1 1 1 373f2ad07fc00000 0 0
1 1 1 417b90ed7fc00000 0 0
1 1 1 cbaf6f8c7fc00000 0 0
1 1 1 3570d51c7fc00000 0 0
1 1 1 3b7aff9c7fc00000 0 0
1 1 1 b24a5307ff800000 0 0
1 1 1 cd09dbbf7f800000 0 0
1 1 1 44db7edf7fc00000 0 0
1 1 1 309f42647fc00000 0 0
1 1 1 ccc2c3caff800000 0 0
1 1 1 cc0fed9f7f800000 0 0
1 1 1 c47dcc827f800000 0 0
1 1 1 c5c08bc97fc00000 0 0
1 1 1 498d790a7fc00000 0 0
1 1 1 bdf78afa7fc00000 0 0
1 1 1 b53d463a7f800000 0 0
1 1 1 457e02b9ff800000 0 0
1 1 1 c421e0727f800000 0 0
1 1 1 c6b997667f800000 0 0
1 1 1 c8d6d460ff800000 0 0
1 1 1 35cd88857f800000 0 0
1 1 1 38f725b07f800000 0 0
1 1 1 c1135aec7f800000 0 0
1 1 1 464698917f800000 0 0
1 1 1 3f9b9aedff800000 0 0
1 1 1 4447e61b7fc00000 0 0
1 1 1 3c4eb0037f800000 0 0
1 1 1 c9051049ff800000 0 0
1 1 1 b4550516ff800000 0 0
1 1 1 b647a1667f800000 0 0
1 1 1 ccb36376ff800000 0 0
1 1 1 b55d6c4a7f800000 0 0
1 1 1 cef0b6aa7f800000 0 0
1 1 1 b465c29c7fc00000 0 0
1 1 1 b6d8a464ff800000 0 0
1 1 1 b3fb9440ff800000 0 0
1 1 1 464bcbd47fc00000 0 0
1 1 1 c34873f77f800000 0 0
1 1 1 cb551c717fc00000 0 0
1 1 1 481ddfca7fc00000 0 0
1 1 1 37fc94feff800000 0 0
1 1 1 48bbf4c5ff800000 0 0
1 1 1 b13287bdff800000 0 0
1 1 1 34c8b279ff800000 0 0
1 1 1 3c684a51ff800000 0 0
1 1 1 3dd783b67fc00000 0 0
1 1 1 475936247fc00000 0 0
1 1 1 3af0b656ff800000 0 0
1 1 1 4b2f2edaff800000 0 0
1 1 1 c1866af6ff800000 0 0
1 1 1 c470e83c7fc00000 0 0
1 1 1 b6813da27fc00000 0 0
1 1 1 3eac76c07fc00000 0 0
1 1 1 310d4036ff800000 0 0
1 1 1 338897bd7fc00000 0 0
1 1 1 c96ea0e57fc00000 0 0
1 1 1 3d7067e87fc00000 0 0
1 1 1 4734128aff800000 0 0
1 1 1 47949e527f800000 0 0
1 1 1 47e5b6cc7fc00000 0 0
1 1 1 bf9064067fc00000 0 0
1 1 1 471c90cc7fc00000 0 0
1 1 1 ce710dd77f800000 0 0
1 1 1 4e1d6d037f800000 0 0
1 1 1 38501aff7fc00000 0 0
1 1 1 4396384c7fc00000 0 0
1 1 1 b2a0924dff800000 0 0
1 1 1 b9c245947fc00000 0 0
1 1 1 4e1d75a7ff800000 0 0
1 1 1 c74669167f800000 0 0
1 1 1 b0cb5dca7fc00000 0 0
1 1 1 c5cc1bf8ff800000 0 0
1 1 1 47af7eba7f800000 0 0
1 1 1 36cd02b07fc00000 0 0
1 1 1 42a7c3617f800000 0 0
1 1 1 c5633e4dff800000 0 0
1 1 1 49270f607f800000 0 0
1 1 1 b17d84d27fc00000 0 0
1 1 1 bb2bda257fc00000 0 0
1 1 1 c9b29742ff800000 0 0
1 1 1 4af6dc617f800000 0 0
1 1 1 bce565ca7fc00000 0 0
1 1 1 3aecee867f800000 0 0
1 1 1 3ed3ec927f800000 0 0
1 1 1 33cb4061ff800000 0 0
1 1 1 39e12d8e7fc00000 0 0
1 1 1 479521c07fc00000 0 0
1 1 1 41145ffcff800000 0 0
1 1 1 c79925c6ff800000 0 0
1 1 1 3c4f9cf17fc00000 0 0
1 1 1 babd243f7f800000 0 0
1 1 1 360744897f800000 0 0
1 1 1 3e03ff277fc00000 0 0
1 1 1 36f33fe77f800000 0 0
1 1 1 b1b16ad07fc00000 0 0
1 1 1 c51f5eccff800000 0 0
1 1 1 c986b4007fc00000 0 0
1 1 1 bf9af0277f800000 0 0
1 1 1 321bddd17f800000 0 0
1 1 1 b9fd3e4a7f800000 0 0
1 1 1 3438cfc4ff800000 0 0
1 1 1 4c568d30ff800000 0 0
1 1 1 ba05bb2a7fc00000 0 0
1 1 1 394acd7f7f800000 0 0
1 1 1 40bf9058ff800000 0 0
1 1 1 bae6f8167fc00000 0 0
1 1 1 4d76e26f7f800000 0 0
1 1 1 4a8756857f800000 0 0
1 1 1 363864e1ff800000 0 0
1 1 1 30ce8e507f800000 0 0
1 1 1 b60362e97fc00000 0 0
1 1 1 40e9a038ff800000 0 0
1 1 1 4ad77b997fc00000 0 0
1 1 1 3a773b677f800000 0 0
1 1 1 35dd4b977f800000 0 0
1 1 1 359fe34c7f800000 0 0
1 1 1 4780bb57ff800000 0 0
1 1 1 b76360d3ff800000 0 0
1 1 1 354d31f47f800000 0 0
1 1 1 4a6075847fc00000 0 0
1 1 1 cee11e347fc00000 0 0
1 1 1 41cd3d4dff800000 0 0
1 1 1 c764ad497f800000 0 0
1 1 1 be71341dff800000 0 0
1 1 1 c088ade77f800000 0 0
1 1 1 b876fa137fc00000 0 0
1 1 1 39fa56047f800000 0 0
1 1 1 bf35209a7fc00000 0 0
1 1 1 b9e98bfbff800000 0 0
1 1 1 4ba7781fff800000 0 0
1 1 1 bc70202a7f800000 0 0
1 1 1 cab44aabff800000 0 0
1 1 1 b6190b39ff800000 0 0
1 1 1 bf14e2c17f800000 0 0
1 1 1 bf45c5927f800000 0 0
1 1 1 b66c9455ff800000 0 0
1 1 1 b3270e1a7f800000 0 0
1 1 1 bc2ea1d7ff800000 0 0
1 1 1 cea2d1df7fc00000 0 0
1 1 1 4d34020fff800000 0 0
1 1 1 b5ed0c9c7fc00000 0 0
1 1 1 45094d0b7fc00000 0 0
1 1 1 48630d547f800000 0 0
1 1 1 4caa67a67fc00000 0 0
1 1 1 3c71c5097f800000 0 0
1 1 1 c8707fbb7fc00000 0 0
1 1 1 3b864ced7fc00000 0 0
1 1 1 bc62b380ff800000 0 0
1 1 1 425ab559ff800000 0 0
1 1 1 4455c74aff800000 0 0
1 1 1 bd79f3317fc00000 0 0
1 1 1 c5b35cb67fc00000 0 0
1 1 1 4d78af427f800000 0 0
1 1 1 3f51002cff800000 0 0
1 1 1 4d4ac92b7f800000 0 0
1 1 1 35e058627fc00000 0 0
1 1 1 4b09fd4fff800000 0 0
1 1 1 41080dfc7fc00000 0 0
1 1 1 393bcd1d7f800000 0 0
1 1 1 352052b07fc00000 0 0
1 1 1 400524077fc00000 0 0
1 1 1 4996e8dbff800000 0 0
1 1 1 c30c74a3ff800000 0 0
1 1 1 4ac8582d7f800000 0 0
1 1 1 c7651b417f800000 0 0
1 1 1 c00afe387fc00000 0 0
1 1 1 ce703e467fc00000 0 0
1 1 1 b5f2b5c17f800000 0 0
1 1 1 3816f48c7fc00000 0 0
1 1 1 ce6ef2aa7fc00000 0 0
1 1 1 339f80fcff800000 0 0
1 1 1 bdcac516ff800000 0 0
1 1 1 44fa49de7f800000 0 0
1 1 1 c38107f57fc00000 0 0
1 1 1 33deb6457fc00000 0 0
1 1 1 b2d80a8a7f800000 0 0
1 1 1 3db73243ff800000 0 0
1 1 1 bb390813ff800000 0 0
1 1 1 4a08faf7ff800000 0 0
1 1 1 c9acc4aaff800000 0 0
1 1 1 3979a9007f800000 0 0
1 1 1 b5d98687ff800000 0 0
1 1 1 3987acc9ff800000 0 0
1 1 1 b91d34b77fc00000 0 0
1 1 1 b3bd37b5ff800000 0 0
1 1 1 47585f637fc00000 0 0
1 1 1 4739e3c27fc00000 0 0
1 1 1 475226a8ff800000 0 0
1 1 1 4b2d046eff800000 0 0
1 1 1 39f52b707f800000 0 0
1 1 1 34a276de7f800000 0 0
1 1 1 4aac56e4ff800000 0 0
1 1 1 4e7c7a94ff800000 0 0
1 1 1 b2bda172ff800000 0 0
1 1 1 b89abc0c7f800000 0 0
1 1 1 cb32daf47fc00000 0 0
1 1 1 b3762979ff800000 0 0
1 1 1 4bbdfe8f7fc00000 0 0
1 1 1 b891e39c7f800000 0 0
1 1 1 b5a548b37f800000 0 0
1 1 1 4c5168cc7fc00000 0 0
1 1 1 be85c3027f800000 0 0
1 1 1 c234792cff800000 0 0
1 1 1 357536017fc00000 0 0
1 1 1 366bc5327fc00000 0 0
1 1 1 c388a473ff800000 0 0
1 1 1 4a95a6ff7fc00000 0 0
1 1 1 457d43d27f800000 0 0
1 1 1 4d0201667fc00000 0 0
1 1 1 3db4a3ab7fc00000 0 0
1 1 1 3d51dbabff800000 0 0
1 1 1 c2e41cad7fc00000 0 0
1 1 1 cbbffbf2ff800000 0 0
1 1 1 359478cdff800000 0 0
1 1 1 44947fdc7fc00000 0 0
1 1 1 bd6908afff800000 0 0
1 1 1 ba4381cd7fc00000 0 0
1 1 1 b9ff9da57f800000 0 0
1 1 1 33d46c74ff800000 0 0
1 1 1 bb2b39e87f800000 0 0
1 1 1 bd9baa087f800000 0 0
1 1 1 c4dca47dff800000 0 0
1 1 1 376954d8ff800000 0 0
1 1 1 4ece25927f800000 0 0
1 1 1 4136b66cff800000 0 0
1 1 1 ce6b63907fc00000 0 0
1 1 1 c711b87aff800000 0 0
1 1 1 b4068ece7fc00000 0 0
1 1 1 b219e9797fc00000 0 0
1 1 1 44af92d77f800000 0 0
1 1 1 b7144b60ff800000 0 0
1 1 1 c78606067fc00000 0 0
1 1 1 bd3ea218ff800000 0 0
1 1 1 46b655827fc00000 0 0
1 1 1 396946437f800000 0 0
1 1 1 311569ab7fc00000 0 0
1 1 1 b7a4e9517fc00000 0 0
1 1 1 c21f95507f800000 0 0
1 1 1 c7b1dc53ff800000 0 0
1 1 1 486176b97fc00000 0 0
1 1 1 3af7b0ba7f800000 0 0
1 1 1 40de3b297fc00000 0 0
1 1 1 c1b1e3cd7fc00000 0 0
1 1 1 4865fc957f800000 0 0
1 1 1 323521df7fc00000 0 0
1 1 1 4305482aff800000 0 0
1 1 1 be1248827f800000 0 0
1 1 1 c9d53ed67fc00000 0 0
1 1 1 bc348db27f800000 0 0
1 1 1 4d29b5407fc00000 0 0
1 1 1 31c7b5e47f800000 0 0
1 1 1 493c61927f800000 0 0
1 1 1 b57eacae7f800000 0 0
1 1 1 3954f433ff800000 0 0
1 1 1 42e1b4dbff800000 0 0
1 1 1 bad3fa8aff800000 0 0
1 1 1 bae070257f800000 0 0
1 1 1 b931358eff800000 0 0
1 1 1 43b2bd13ff800000 0 0
1 1 1 3432f885ff800000 0 0
1 1 1 3a26268e7fc00000 0 0
1 1 1 b73da9fa7fc00000 0 0
1 1 1 3d50748d7fc00000 0 0
1 1 1 4a0484b27fc00000 0 0
1 1 1 c7e13cfe7fc00000 0 0
1 1 1 ccaa6ffc7fc00000 0 0
1 1 1 33602f15ff800000 0 0
1 1 1 cd842b127f800000 0 0
1 1 1 3c0a25377fc00000 0 0
1 1 1 cca6bee57f800000 0 0
1 1 1 b96c1fbeff800000 0 0
1 1 1 b1786522ff800000 0 0
1 1 1 cb9341337fc00000 0 0
1 1 1 32feb02eff800000 0 0
1 1 1 3cf92151ff800000 0 0
1 1 1 bd05cedf7f800000 0 0
1 1 1 c2bee19e7f800000 0 0
1 1 1 43bc123eff800000 0 0
1 1 1 4df26f707f800000 0 0
1 1 1 bb7b195c7f800000 0 0
1 1 1 36a1bd03ff800000 0 0
1 1 1 bb43b0977fc00000 0 0
1 1 1 474c64a17f800000 0 0
1 1 1 3ea764aaff800000 0 0
1 1 1 ced8c72a7f800000 0 0
1 1 1 b61b635fff800000 0 0
1 1 1 b27ba562ff800000 0 0
1 1 1 486e16d9ff800000 0 0
1 1 1 43021b627f800000 0 0
1 1 1 cb2eb3df7fc00000 0 0
1 1 1 bc199d4d7fc00000 0 0
1 1 1 3b342b917fc00000 0 0
1 1 1 bd191743ff800000 0 0
1 1 1 b8f27e57ff800000 0 0
1 1 1 b7406e2eff800000 0 0
1 1 1 c2538342ff800000 0 0
1 1 1 c2b1aa047fc00000 0 0
1 1 1 b9c1e6537fc00000 0 0
1 1 1 c74e6af67fc00000 0 0
1 1 1 3e9ace577f800000 0 0
1 1 1 c47b1efa7fc00000 0 0
1 1 1 37bd92377f800000 0 0
1 1 1 c7c84002ff800000 0 0
1 1 1 b61316ec7f800000 0 0
1 1 1 3cac41887f800000 0 0
1 1 1 bd424a9fff800000 0 0
1 1 1 3171ec327fc00000 0 0
1 1 1 4869b4807fc00000 0 0
1 1 1 b30b6d497f800000 0 0
1 1 1 c51f88b8ff800000 0 0
1 1 1 4d2946197f800000 0 0
1 1 1 39526aafff800000 0 0
1 1 1 b5e306717fc00000 0 0
1 1 1 4eb35a1bff800000 0 0
1 1 1 c30d5013ff800000 0 0
1 1 1 4dcdab067fc00000 0 0
1 1 1 c991f1627f800000 0 0
1 1 1 bb0ecbb97f800000 0 0
1 1 1 3179a6e47fc00000 0 0
1 1 1 c34b0390ff800000 0 0
1 1 1 4b6caedbff800000 0 0
1 1 1 c7d641d17fc00000 0 0
1 1 1 cd4c37067fc00000 0 0
1 1 1 482a1899ff800000 0 0
1 1 1 bed2161e7fc00000 0 0
1 1 1 cc9b5868ff800000 0 0
1 1 1 309b683a7fc00000 0 0
1 1 1 c315a6fa7f800000 0 0
1 1 1 cb42a1a9ff800000 0 0
1 1 1 4cd9e8ecff800000 0 0
1 1 1 c4c480947f800000 0 0
1 1 1 b273913f7fc00000 0 0
1 1 1 4eaf0cfdff800000 0 0
1 1 1 30c720f37f800000 0 0
1 1 1 3bc424eeff800000 0 0
1 1 1 448144367fc00000 0 0
1 1 1 be35b4b57f800000 0 0
1 1 1 47ce3f337f800000 0 0
1 1 1 3de2b4ec7fc00000 0 0
1 1 1 b2c4b94c7f800000 0 0
1 1 1 36772334ff800000 0 0
1 1 1 b7aa8b097fc00000 0 0
1 1 1 434e626cff800000 0 0
1 1 1 baded2157f800000 0 0
1 1 1 c2f37fe0ff800000 0 0
1 1 1 368a5cdeff800000 0 0
1 1 1 bd8f58cf7f800000 0 0
1 1 1 b9e6df427fc00000 0 0
1 1 1 c1f32c6cff800000 0 0
1 1 1 b280d716ff800000 0 0
1 1 1 363edabf7fc00000 0 0
1 1 1 c1aa2f627fc00000 0 0
1 1 1 ba7a7efaff800000 0 0
1 1 1 3cc12377ff800000 0 0
1 1 1 43bf0576ff800000 0 0
1 1 1 b5b160117fc00000 0 0
1 1 1 b2adae9d7fc00000 0 0
1 1 1 4ccb0690ff800000 0 0
1 1 1 3620ccfb7f800000 0 0
1 1 1 b9a6788e7f800000 0 0
1 1 1 3b9576d87fc00000 0 0
1 1 1 cb6df4f3ff800000 0 0
1 1 1 b0a9c2bb7fc00000 0 0
1 1 1 c344207eff800000 0 0
1 1 1 b56b8acb7fc00000 0 0
1 1 1 ba5b3a167fc00000 0 0
1 1 1 ca3c9b17ff800000 0 0
1 1 1 4ac97d517f800000 0 0
1 1 1 c625ab137fc00000 0 0
1 1 1 ca411f8e7f800000 0 0
1 1 1 c1ed45b47f800000 0 0
1 1 1 3dd99ff1ff800000 0 0
1 1 1 bc9930267f800000 0 0
1 1 1 4b37957d7f800000 0 0
1 1 1 bae945057f800000 0 0
1 1 1 41ba703f7f800000 0 0
1 1 1 b60abf977fc00000 0 0
1 1 1 be98db2a7f800000 0 0
1 1 1 b570bb29ff800000 0 0
1 1 1 cbe419acff800000 0 0
1 1 1 bc50e6907f800000 0 0
1 1 1 3581db50ff800000 0 0
1 1 1 b0f7ec097f800000 0 0
1 1 1 cd2d16857fc00000 0 0
1 1 1 36c412667f800000 0 0
1 1 1 35f03ddf7fc00000 0 0
1 1 1 c73c21867f800000 0 0
1 1 1 36e78d327f800000 0 0
1 1 1 bcd38b647f800000 0 0
1 1 1 49fa3f2d7fc00000 0 0
1 1 1 3a452330ff800000 0 0
1 1 1 b6cd56007f800000 0 0
1 1 1 b929c0da7f800000 0 0
1 1 1 424ad239ff800000 0 0
1 1 1 36fe8e647fc00000 0 0
1 1 1 b934d6f07f800000 0 0
1 1 1 bbf413837fc00000 0 0
1 1 1 be3df3fbff800000 0 0
1 1 1 35dc85e5ff800000 0 0
1 1 1 3c2446f37fc00000 0 0
1 1 1 bca224587fc00000 0 0
1 1 1 ccdcc47e7f800000 0 0
1 1 1 be1714747fc00000 0 0
1 1 1 40140e78ff800000 0 0
1 1 1 b294c00eff800000 0 0
1 1 1 b5e42ed4ff800000 0 0
1 1 1 448b59257f800000 0 0
1 1 1 c881a9e77fc00000 0 0
1 1 1 3b673cd07f800000 0 0
1 1 1 c7289002ff800000 0 0
1 1 1 487d6c9fff800000 0 0
1 1 1 b61a3b5cff800000 0 0
1 1 1 4846575b7f800000 0 0
1 1 1 39a4515f7f800000 0 0
1 1 1 45cb2bb9ff800000 0 0
1 1 1 39097e1aff800000 0 0
1 1 1 c10a14ba7fc00000 0 0
1 1 1 b0ccf0a47fc00000 0 0
1 1 1 46f04dec7fc00000 0 0
1 1 1 cbbaea7cff800000 0 0
1 1 1 42964fce7fc00000 0 0
1 1 1 4256d0867f800000 0 0
1 1 1 bd4d5fc17f800000 0 0
1 1 1 47917164ff800000 0 0
1 1 1 bc8b33937fc00000 0 0
1 1 1 33cc97ed7fc00000 0 0
1 1 1 b9b73cfd7fc00000 0 0
1 1 1 c6797c107fc00000 0 0
1 1 1 cc0d763a7fc00000 0 0
1 1 1 c6201ce27fc00000 0 0
1 1 1 3423bb8a7fc00000 0 0
1 1 1 425acc36ff800000 0 0
1 1 1 4e8bf681ff800000 0 0
1 1 1 3eac669f7f800000 0 0
1 1 1 4866844cff800000 0 0
1 1 1 454acfc5ff800000 0 0
1 1 1 39fa7c22ff800000 0 0
1 1 1 b514aaf8ff800000 0 0
1 1 1 cb8daebd7f800000 0 0
1 1 1 31b0e4c37f800000 0 0
1 1 1 ce0cd9a6ff800000 0 0
1 1 1 3f0989527f800000 0 0
1 1 1 3e21ce0d7fc00000 0 0
1 1 1 b8b289457f800000 0 0
1 1 1 c518dbae7f800000 0 0
1 1 1 ba096495ff800000 0 0
1 1 1 b980acdc7fc00000 0 0
1 1 1 c0ae6f2dff800000 0 0
1 1 1 b24bf1d57f800000 0 0
1 1 1 3b0dff137fc00000 0 0
1 1 1 bad6830f7f800000 0 0
1 1 1 3fb854f6ff800000 0 0
1 1 1 4cb8c2b67fc00000 0 0
1 1 1 37fc52a17f800000 0 0
1 1 1 cd0a04757fc00000 0 0
1 1 1 37c7c7db7f800000 0 0
1 1 1 4ae0429f7f800000 0 0
1 1 1 34508c467f800000 0 0
1 1 1 42b260647f800000 0 0
1 1 1 32b99af17fc00000 0 0
1 1 1 cdb3fb85ff800000 0 0
1 1 1 344b08177fc00000 0 0
1 1 1 be2ece1f7f800000 0 0
1 1 1 39d725747fc00000 0 0
1 1 1 4618d939ff800000 0 0
1 1 1 3e0582317f800000 0 0
1 1 1 3e5cdc607f800000 0 0
1 1 1 437648efff800000 0 0
1 1 1 3fc87b557f800000 0 0
1 1 1 4c8948a77fc00000 0 0
1 1 1 43aadcb67f800000 0 0
1 1 1 c96e26517f800000 0 0
1 1 1 32ba9d5aff800000 0 0
1 1 1 3eaba1cb7fc00000 0 0
1 1 1 42a19a677f800000 0 0
1 1 1 34a02d4f7f800000 0 0
1 1 1 467cdb4a7f800000 0 0
1 1 1 3515b5f57f800000 0 0
1 1 1 cef2d72d7fc00000 0 0
1 1 1 4a96e1cfff800000 0 0
1 1 1 b49b132f7fc00000 0 0
1 1 1 3c28b4c27f800000 0 0
1 1 1 358ed3e9ff800000 0 0
1 1 1 b245ad19ff800000 0 0
1 1 1 ce6ef8bb7f800000 0 0
1 1 1 4915e3927f800000 0 0
1 1 1 3ad2ef5d7f800000 0 0
1 1 1 c916ec63ff800000 0 0
1 1 1 3b70d5c07f800000 0 0
1 1 1 cd3a0eb2ff800000 0 0
1 1 1 3b5560157f800000 0 0
1 1 1 be9e099a7f800000 0 0
1 1 1 b2c5e7447f800000 0 0
1 1 1 ba01515b7fc00000 0 0
1 1 1 cb7331797f800000 0 0
1 1 1 4d1247f67f800000 0 0
1 1 1 3cbafbb27fc00000 0 0
1 1 1 486e2e92ff800000 0 0
1 1 1 4471a2f37fc00000 0 0
1 1 1 3ba718677f800000 0 0
1 1 1 32c545fd7fc00000 0 0
1 1 1 4a90b1587f800000 0 0
1 1 1 bb2a7a447fc00000 0 0
1 1 1 3b890ab3ff800000 0 0
1 1 1 3e245f7aff800000 0 0
1 1 1 3963e293ff800000 0 0
1 1 1 c2a4f9447f800000 0 0
1 1 1 c7ba688d7f800000 0 0
1 1 1 bed790b6ff800000 0 0
1 1 1 ce8acbb87fc00000 0 0
1 1 1 430b90d67f800000 0 0
1 1 1 c1a857447f800000 0 0
1 1 1 48b692387fc00000 0 0
1 1 1 3a63ed557fc00000 0 0
1 1 1 3267297d7f800000 0 0
1 1 1 319076c1ff800000 0 0
1 1 1 4cf964bb7fc00000 0 0
1 1 1 ce16775dff800000 0 0
1 1 1 48b0a0727f800000 0 0
1 1 1 3da367b47fc00000 0 0
1 1 1 bb5ef75f7f800000 0 0
1 1 1 46ae974f7fc00000 0 0
1 1 1 c22898aeff800000 0 0
1 1 1 c5b4fc76ff800000 0 0
1 1 1 3d6b58687fc00000 0 0
1 1 1 ca6d6c1dff800000 0 0
1 1 1 3ff3c9137f800000 0 0
1 1 1 b38ca3707f800000 0 0
1 1 1 4cdaca6d7f800000 0 0
1 1 1 c132af727fc00000 0 0
1 1 1 460df0447fc00000 0 0
1 1 1 325047227fc00000 0 0
1 1 1 4c4ac86f7f800000 0 0
1 1 1 cd735e797f800000 0 0
1 1 1 b1b5c0fe7fc00000 0 0
1 1 1 40d7d360ff800000 0 0
1 1 1 b4073d13ff800000 0 0
1 1 1 35ffaae5ff800000 0 0
1 1 1 b7ead8d17f800000 0 0
1 1 1 b3fa18087fc00000 0 0
1 1 1 b7eafede7fc00000 0 0
1 1 1 c910fcccff800000 0 0
1 1 1 b7ac2f84ff800000 0 0
1 1 1 32ded42d7fc00000 0 0
1 1 1 4a92960c7fc00000 0 0
1 1 1 bce58828ff800000 0 0
1 1 1 c8945742ff800000 0 0
1 1 1 cbba29e4ff800000 0 0
1 1 1 49fe6a1d7fc00000 0 0
1 1 1 414b3d2bff800000 0 0
1 1 1 ccb7cbff7f800000 0 0
1 1 1 418e99c57fc00000 0 0
1 1 1 b11cb3657fc00000 0 0
1 1 1 c6a6b7507fc00000 0 0
1 1 1 be04b3477fc00000 0 0
1 1 1 3e498e1dff800000 0 0
1 1 1 cd9bc4fbff800000 0 0
1 1 1 40c559897f800000 0 0
1 1 1 cb15dd2cff800000 0 0
1 1 1 b7e520a97fc00000 0 0
1 1 1 cede58ca7f800000 0 0
1 1 1 c539d73dff800000 0 0
1 1 1 b69ffcc3ff800000 0 0
1 1 1 c4a30b73ff800000 0 0
1 1 1 c793ab75ff800000 0 0
1 1 1 4b2da1a2ff800000 0 0
1 1 1 4dc4efef7f800000 0 0
1 1 1 bb04af0a7fc00000 0 0
1 1 1 4686de7d7fc00000 0 0
1 1 1 391ff6b67fc00000 0 0
1 1 1 b29ea8d27fc00000 0 0
1 1 1 b2235fe27fc00000 0 0
1 1 1 4c67d5857fc00000 0 0
1 1 1 cb5b05e27f800000 0 0
1 1 1 bdaeafd77f800000 0 0
1 1 1 bf19e0837f800000 0 0
1 1 1 324196b2ff800000 0 0
1 1 1 c3a0f6b6ff800000 0 0
1 1 1 3b0063f77fc00000 0 0
1 1 1 bedd92447f800000 0 0
1 1 1 38e9e799ff800000 0 0
1 1 1 c8f8345b7f800000 0 0
1 1 1 35b99f2d7fc00000 0 0
1 1 1 428f29e0ff800000 0 0
1 1 1 3101656fff800000 0 0
1 1 1 b55c35397f800000 0 0
1 1 1 b9a57f3eff800000 0 0
1 1 1 40b7eb567fc00000 0 0
1 1 1 bb7786ff7f800000 0 0
1 1 1 cd4b40587fc00000 0 0
1 1 1 cec6b25f7f800000 0 0
1 1 1 3136117b7f800000 0 0
1 1 1 3499591d7fc00000 0 0
1 1 1 3f3acc3f7fc00000 0 0
1 1 1 c2c6d0a1ff800000 0 0
1 1 1 3e9a3c067f800000 0 0
1 1 1 49260ae9ff800000 0 0
1 1 1 446e94157f800000 0 0
1 1 1 ce1284a27fc00000 0 0
1 1 1 b7106fe17f800000 0 0
1 1 1 b5e44dd97fc00000 0 0
1 1 1 c9c185457f800000 0 0
1 1 1 3363e1b87f800000 0 0
1 1 1 c52100637fc00000 0 0
1 1 1 3d85337aff800000 0 0
1 1 1 3ece04d67fc00000 0 0
1 1 1 cc049b307fc00000 0 0
1 1 1 c40fe1b47f800000 0 0
1 1 1 ccbf6cc2ff800000 0 0
1 1 1 38d0468bff800000 0 0
1 1 1 320a906c7f800000 0 0
1 1 1 3e0523337f800000 0 0
1 1 1 c9e6ecea7fc00000 0 0
1 1 1 35b3ccf4ff800000 0 0
1 1 1 44c610d27f800000 0 0
1 1 1 413f20c57f800000 0 0
1 1 1 4667fd8a7fc00000 0 0
1 1 1 b9e61b93ff800000 0 0
1 1 1 32eb8255ff800000 0 0
1 1 1 cec7e1cc7fc00000 0 0
1 1 1 36e697827f800000 0 0
1 1 1 c240e8d67f800000 0 0
1 1 1 3a9b37757fc00000 0 0
1 1 1 ca689adc7f800000 0 0
1 1 1 c7982770ff800000 0 0
1 1 1 c5b5f13dff800000 0 0
1 1 1 4b832b5a7fc00000 0 0
1 1 1 3b0be98f7fc00000 0 0
1 1 1 41f0a4dfff800000 0 0
1 1 1 373f1efb7f800000 0 0
1 1 1 b93ada04ff800000 0 0
1 1 1 bf4a81387fc00000 0 0
1 1 1 b63b21167f800000 0 0
1 1 1 b0c386527f800000 0 0
1 1 1 4053c207ff800000 0 0
1 1 1 382e226cff800000 0 0
1 1 1 349277de7f800000 0 0
1 1 1 b7810af47fc00000 0 0
1 1 1 b17446b27fc00000 0 0
1 1 1 485a7d297fc00000 0 0
1 1 1 bdf7483cff800000 0 0
1 1 1 45c622fc7f800000 0 0
1 1 1 c4bf00cc7f800000 0 0
1 1 1 b98532307f800000 0 0
1 1 1 38a93e39ff800000 0 0
1 1 1 3828d8a77f800000 0 0
1 1 1 4cd5bc0c7fc00000 0 0
1 1 1 cb6d6ab77fc00000 0 0
1 1 1 bebb66cf7f800000 0 0
1 1 1 c2c12b817fc00000 0 0
1 1 1 494df753ff800000 0 0
1 1 1 45edba617f800000 0 0
1 1 1 cc381d517f800000 0 0
1 1 1 b16ba2137f800000 0 0
1 1 1 b1e362a27f800000 0 0
1 1 1 bc4245fbff800000 0 0
1 1 1 4a5fcb667f800000 0 0
1 1 1 4bda057a7f800000 0 0
1 1 1 46422d01ff800000 0 0
1 1 1 ba1096c37f800000 0 0
1 1 1 c6508d85ff800000 0 0
1 1 1 b2595ab27f800000 0 0
1 1 1 4addffc3ff800000 0 0
1 1 1 381071287fc00000 0 0
1 1 1 4798844e7fc00000 0 0
1 1 1 c218e6657fc00000 0 0
1 1 1 bbdda4e67f800000 0 0
1 1 1 c7a02adf7f800000 0 0
1 1 1 4e58e8ac7f800000 0 0
1 1 1 c16c24287fc00000 0 0
1 1 1 b88a294b7f800000 0 0
1 1 1 4e7c656d7fc00000 0 0
1 1 1 c9c05281ff800000 0 0
1 1 1 3e1986bb7f800000 0 0
1 1 1 c5af5f0cff800000 0 0
1 1 1 39980e957fc00000 0 0
1 1 1 bd6f2ac17fc00000 0 0
1 1 1 c0304a237fc00000 0 0
1 1 1 bfddf4d1ff800000 0 0
1 1 1 ceaf4a887f800000 0 0
1 1 1 bc2d10e27f800000 0 0
1 1 1 c0f9c7687f800000 0 0
1 1 1 caed59737f800000 0 0
1 1 1 c08cd326ff800000 0 0
1 1 1 3645b4d07f800000 0 0
1 1 1 c676bdfbff800000 0 0
1 1 1 c22ec46e7f800000 0 0
1 1 1 c2c54b4e7fc00000 0 0
1 1 1 30c3536a7fc00000 0 0
1 1 1 3c1e16447fc00000 0 0
1 1 1 beb9a1617fc00000 0 0
1 1 1 b79e0aa67f800000 0 0
1 1 1 c975072dff800000 0 0
1 1 1 309a4f52ff800000 0 0
1 1 1 402f0bcbff800000 0 0
1 1 1 446155aa7fc00000 0 0
1 1 1 3080f98fff800000 0 0
1 1 1 34bbeb9bff800000 0 0
1 1 1 b30b2d477fc00000 0 0
1 1 1 b0b25459ff800000 0 0
1 1 1 bd0dd5017f800000 0 0
1 1 1 4a87b6fc7f800000 0 0
1 1 1 c3274ee67f800000 0 0
1 1 1 32840f5d7fc00000 0 0
1 1 1 c7eb05357fc00000 0 0
1 1 1 33d13edaff800000 0 0
1 1 1 ca5264627f800000 0 0
1 1 1 bfc3d706ff800000 0 0
1 1 1 c739501c7fc00000 0 0
1 1 1 b1dbc0407fc00000 0 0
1 1 1 c758f575ff800000 0 0
1 1 1 31e988f67fc00000 0 0
1 1 1 bb9b19987fc00000 0 0
1 1 1 3d8cc84aff800000 0 0
1 1 1 4dc25ef2ff800000 0 0
1 1 1 c2278302ff800000 0 0
1 1 1 39b775dbff800000 0 0
1 1 1 47d232347f800000 0 0
1 1 1 c8c8499e7fc00000 0 0
1 1 1 3793368e7fc00000 0 0
1 1 1 3b4a2a3c7fc00000 0 0
1 1 1 44133e8e7fc00000 0 0
1 1 1 c15fc72c7f800000 0 0
1 1 1 4bbacb1eff800000 0 0
1 1 1 37f545987f800000 0 0
1 1 1 4cef78117f800000 0 0
1 1 1 362834d37fc00000 0 0
1 1 1 bfc057417fc00000 0 0
1 1 1 37e9e9f7ff800000 0 0
1 1 1 c5b4a1647f800000 0 0
1 1 1 c706a4dbff800000 0 0
1 1 1 4c439cd5ff800000 0 0
1 1 1 c4085d957f800000 0 0
1 1 1 ce92e5987fc00000 0 0
1 1 1 4dccf20cff800000 0 0
1 1 1 c7880df57f800000 0 0
1 1 1 4c3087387f800000 0 0
1 1 1 ccaa834fff800000 0 0
1 1 1 cd2459b7ff800000 0 0
1 1 1 bae798bd7fc00000 0 0
1 1 1 b3ee4c42ff800000 0 0
1 1 1 495caf797f800000 0 0
1 1 1 34569da6ff800000 0 0
1 1 1 3931c67f7fc00000 0 0
1 1 1 44af79c97fc00000 0 0
1 1 1 bea27d037f800000 0 0
1 1 1 c7d7307eff800000 0 0
1 1 1 b6e300e1ff800000 0 0
1 1 1 3ec125d4ff800000 0 0
1 1 1 c6a030187fc00000 0 0
1 1 1 30de9bf2ff800000 0 0
1 1 1 4151de9d7fc00000 0 0
1 1 1 be24cc017fc00000 0 0
1 1 1 bc5654d0ff800000 0 0
1 1 1 4c5d748b7f800000 0 0
1 1 1 4ed07ab0ff800000 0 0
1 1 1 bcb76ab4ff800000 0 0
1 1 1 caf137187fc00000 0 0
1 1 1 3fa2a2aaff800000 0 0
1 1 1 ca3cfd627fc00000 0 0
1 1 1 432f8fd8ff800000 0 0
1 1 1 c1c0bcd27fc00000 0 0
1 1 1 c9d3aa7b7f800000 0 0
1 1 1 473396fc7fc00000 0 0
1 1 1 3675e4fc7f800000 0 0
1 1 1 4cd471e27f800000 0 0
1 1 1 c9265b887f800000 0 0
1 1 1 32c106227f800000 0 0
1 1 1 bb12daa77fc00000 0 0
1 1 1 c62458a47f800000 0 0
1 1 1 b431ba3c7f800000 0 0
1 1 1 488f600e7f800000 0 0
1 1 1 34ce67ab7f800000 0 0
1 1 1 33f68fba7fc00000 0 0
1 1 1 c4c340297f800000 0 0
1 1 1 42bf67697fc00000 0 0
1 1 1 38bb92307f800000 0 0
1 1 1 c68b83287fc00000 0 0
1 1 1 481d33327fc00000 0 0
1 1 1 b1cb63ffff800000 0 0
1 1 1 3566a889ff800000 0 0
1 1 1 4d61e9527fc00000 0 0
1 1 1 b63c897e7f800000 0 0
1 1 1 ccb5e3c47fc00000 0 0
1 1 1 3d6682f6ff800000 0 0
1 1 1 b9f9438cff800000 0 0
1 1 1 cb954445ff800000 0 0
1 1 1 b1de8a2f7f800000 0 0
1 1 1 375be2237fc00000 0 0
1 1 1 399999dfff800000 0 0
1 1 1 4d11b2c2ff800000 0 0
1 1 1 c646e67eff800000 0 0
1 1 1 4659ad5b7f800000 0 0
1 1 1 33e87d437fc00000 0 0
1 1 1 c7110a3c7fc00000 0 0
1 1 1 475019527fc00000 0 0
1 1 1 bcf22dd2ff800000 0 0
1 1 1 461f2668ff800000 0 0
1 1 1 cbd776bdff800000 0 0
1 1 1 38f5b2e37fc00000 0 0
1 1 1 b2169946ff800000 0 0
1 1 1 b94308ea7f800000 0 0
1 1 1 c0c71be87f800000 0 0
1 1 1 34126242ff800000 0 0
1 1 1 3796b019ff800000 0 0
1 1 1 33bb23757f800000 0 0
1 1 1 c9ae3bd07f800000 0 0
1 1 1 bc8350767fc00000 0 0
1 1 1 4965c9ed7fc00000 0 0
1 1 1 371348487f800000 0 0
1 1 1 c002e14c7f800000 0 0
1 1 1 42d67481ff800000 0 0
1 1 1 bf40f5237fc00000 0 0
1 1 1 359d18a0ff800000 0 0
1 1 1 3a61e4bfff800000 0 0
1 1 1 4018874f7fc00000 0 0
1 1 1 34cf3b0cff800000 0 0
1 1 1 b2ba78627f800000 0 0
1 1 1 bac436947fc00000 0 0
1 1 1 b8c742287fc00000 0 0
1 1 1 bd35fb677fc00000 0 0
1 1 1 49d0c59b7fc00000 0 0
1 1 1 3224bbd8ff800000 0 0
1 1 1 322531e4ff800000 0 0
1 1 1 4d3f86797f800000 0 0
1 1 1 b459862f7fc00000 0 0
1 1 1 b51a354dff800000 0 0
1 1 1 46ce49be7fc00000 0 0
1 1 1 c5a8ac367fc00000 0 0
1 1 1 46daf07fff800000 0 0
1 1 1 3a79602eff800000 0 0
1 1 1 c80c834e7f800000 0 0
1 1 1 cef46a677f800000 0 0
1 1 1 4a362e36ff800000 0 0
1 1 1 4bb6c380ff800000 0 0
1 1 1 3ba16c3e7fc00000 0 0
1 1 1 ce8546ab7f800000 0 0
1 1 1 c432388c7fc00000 0 0
1 1 1 ca9753117f800000 0 0
1 1 1 46dbcec77f800000 0 0
1 1 1 3a940b9f7f800000 0 0
1 1 1 ceb0dfad7fc00000 0 0
1 1 1 cde70bb2ff800000 0 0
1 1 1 40398a6b7f800000 0 0
1 1 1 b719fcc8ff800000 0 0
1 1 1 3d300c617fc00000 0 0
1 1 1 42e511fcff800000 0 0
1 1 1 32dd4fa07f800000 0 0
1 1 1 ca0b632cff800000 0 0
1 1 1 43a6f98aff800000 0 0
1 1 1 31ebdf557fc00000 0 0
1 1 1 bb8239e67f800000 0 0
1 1 1 381597a6ff800000 0 0
1 1 1 cae813e57f800000 0 0
1 1 1 c60e49dbff800000 0 0
1 1 1 3a0b2a10ff800000 0 0
1 1 1 c85907d0ff800000 0 0
1 1 1 c803008c7fc00000 0 0
1 1 1 34cf52ff7fc00000 0 0
1 1 1 42108c3b7fc00000 0 0
1 1 1 b9df64447f800000 0 0
1 1 1 363dd791ff800000 0 0
1 1 1 34c20ce0ff800000 0 0
1 1 1 3643a3ee7fc00000 0 0
1 1 1 3c20b030ff800000 0 0
1 1 1 4c9c88e17f800000 0 0
1 1 1 3b6d79be7f800000 0 0
1 1 1 4c6c65797fc00000 0 0
1 1 1 b787baffff800000 0 0
1 1 1 c4646ee77fc00000 0 0
1 1 1 c1ce220cff800000 0 0
1 1 1 346bb3ef7fc00000 0 0
1 1 1 459ce2167f800000 0 0
1 1 1 482d6cd27fc00000 0 0
1 1 1 b62193547f800000 0 0
1 1 1 bc1659477fc00000 0 0
1 1 1 b2e6a4d37fc00000 0 0
1 1 1 491ca9cd7f800000 0 0
1 1 1 c3cfca217f800000 0 0
1 1 1 b5c70853ff800000 0 0
1 1 1 407443b0ff800000 0 0
1 1 1 cd86d1f27fc00000 0 0
1 1 1 43210c02ff800000 0 0
1 1 1 c73a13c17f800000 0 0
1 1 1 bfddd315ff800000 0 0
1 1 1 c58062b67fc00000 0 0
1 1 1 cb2eba23ff800000 0 0
1 1 1 32b7ae277fc00000 0 0
1 1 1 cc87a9637f800000 0 0
1 1 1 3fda27907f800000 0 0
1 1 1 49f101627f800000 0 0
1 1 1 b5815028ff800000 0 0
1 1 1 c458c0487fc00000 0 0
1 1 1 c2b4e9c97f800000 0 0
1 1 1 4b08e0237f800000 0 0
1 1 1 c145f464ff800000 0 0
1 1 1 bb3703deff800000 0 0
1 1 1 c1f75d2cff800000 0 0
1 1 1 3eac20a97fc00000 0 0
1 1 1 b6d0bafc7fc00000 0 0
1 1 1 b579b4c57f800000 0 0
1 1 1 45bfd9d6ff800000 0 0
1 1 1 b141a6fb7fc00000 0 0
1 1 1 314a5a147f800000 0 0
1 1 1 34da33f37f800000 0 0
1 1 1 3a65d5e9ff800000 0 0
1 1 1 3fdf052dff800000 0 0
1 1 1 43ca82a6ff800000 0 0
1 1 1 b5c07f077fc00000 0 0
1 1 1 b77e20b47fc00000 0 0
1 1 1 3ec4d7d77f800000 0 0
1 1 1 3853cb907f800000 0 0
1 1 1 caacdb07ff800000 0 0
1 1 1 ca5a35a9ff800000 0 0
1 1 1 c4d6197bff800000 0 0
1 1 1 c7a962bfff800000 0 0
1 1 1 35ec27e57fc00000 0 0
1 1 1 4c40cc9a7fc00000 0 0
1 1 1 34ed7fb4ff800000 0 0
1 1 1 31cada9b7f800000 0 0
1 1 1 c8d9163b7f800000 0 0
1 1 1 c0fcd7407fc00000 0 0
1 1 1 b651b439ff800000 0 0
1 1 1 3b284844ff800000 0 0
1 1 1 b0ffd66a7f800000 0 0
1 1 1 446159287f800000 0 0
1 1 1 4126f5e1ff800000 0 0
1 1 1 3a624d587fc00000 0 0
1 1 1 b4cb26afff800000 0 0
1 1 1 4cdd067c7fc00000 0 0
1 1 1 44b1fbbeff800000 0 0
1 1 1 3b2579977fc00000 0 0
1 1 1 c1bf9d747fc00000 0 0
1 1 1 bfca6a597f800000 0 0
1 1 1 34e18b7eff800000 0 0
1 1 1 3b88f08e7f800000 0 0
1 1 1 3ba24ac27f800000 0 0
1 1 1 be3d19027fc00000 0 0
1 1 1 4272b608ff800000 0 0
1 1 1 353835d27f800000 0 0
1 1 1 bcf625f27f800000 0 0
1 1 1 b8f3b68f7f800000 0 0
1 1 1 ce222c14ff800000 0 0
1 1 1 c5fe3ecd7f800000 0 0
1 1 1 ce6245597f800000 0 0
1 1 1 34fc91d57fc00000 0 0
1 1 1 bee5399d7f800000 0 0
1 1 1 bcd95590ff800000 0 0
1 1 1 4c48b9357f800000 0 0
1 1 1 c261369d7fc00000 0 0
1 1 1 b86a67b77fc00000 0 0
1 1 1 b8284e4dff800000 0 0
1 1 1 c02d76feff800000 0 0
1 1 1 b0de36787f800000 0 0
1 1 1 c2ebc8687fc00000 0 0
1 1 1 b53fdd807fc00000 0 0
1 1 1 46751aafff800000 0 0
1 1 1 ce8ed8c97fc00000 0 0
1 1 1 36b54a617fc00000 0 0
1 1 1 42e30fd27fc00000 0 0
1 1 1 3708cd9f7fc00000 0 0
1 1 1 b3129a237f800000 0 0
1 1 1 c3cad5ae7fc00000 0 0
1 1 1 c36a5d637f800000 0 0
1 1 1 487e03777f800000 0 0
1 1 1 32dae3057f800000 0 0
1 1 1 c3a5cb66ff800000 0 0
1 1 1 47e5bbaeff800000 0 0
1 1 1 43ffbe2f7f800000 0 0
1 1 1 3eb006317f800000 0 0
1 1 1 bd1169df7fc00000 0 0
1 1 1 b9165134ff800000 0 0
1 1 1 4af252ebff800000 0 0
1 1 1 c420a852ff800000 0 0
1 1 1 b3561d3c7f800000 0 0
1 1 1 37fe21dbff800000 0 0
1 1 1 bfd39eac7f800000 0 0
1 1 1 4b7ab2527f800000 0 0
1 1 1 4d8069eeff800000 0 0
1 1 1 c55ff7ef7fc00000 0 0
1 1 1 4d2c5b34ff800000 0 0
1 1 1 ba59811a7fc00000 0 0
1 1 1 4b5847f5ff800000 0 0
1 1 1 c497eb30ff800000 0 0
1 1 1 3d191142ff800000 0 0
1 1 1 b19f1b677f800000 0 0
1 1 1 4131d9077f800000 0 0
1 1 1 4ced50117fc00000 0 0
1 1 1 4a5d89c9ff800000 0 0
1 1 1 b74dcfdeff800000 0 0
1 1 1 c36890ca7f800000 0 0
1 1 1 3709a48b7f800000 0 0
1 1 1 c5602e237f800000 0 0
1 1 1 ccc3b7527f800000 0 0
1 1 1 bbd641f07f800000 0 0
1 1 1 c60e64027fc00000 0 0
1 1 1 ce082e1d7f800000 0 0
1 1 1 473ba6397fc00000 0 0
1 1 1 bb0dac50ff800000 0 0
1 1 1 cc87d245ff800000 0 0
1 1 1 b0a58264ff800000 0 0
1 1 1 c2d9b245ff800000 0 0
1 1 1 43904c497fc00000 0 0
1 1 1 492eb5e4ff800000 0 0
1 1 1 31b9c725ff800000 0 0
1 1 1 4db4211d7f800000 0 0
1 1 1 30fb1685ff800000 0 0
1 1 1 339bbfcd7fc00000 0 0
1 1 1 3b9349c2ff800000 0 0
1 1 1 b5b6740c7f800000 0 0
1 1 1 4929babdff800000 0 0
1 1 1 c69dda36ff800000 0 0
1 1 1 b31bbb0e7fc00000 0 0
1 1 1 c07bee5cff800000 0 0
1 1 1 c28b3f047f800000 0 0
1 1 1 c3c8eb0dff800000 0 0
1 1 1 b9ab3cc37fc00000 0 0
1 1 1 3fc1f1707fc00000 0 0
1 1 1 4be0283e7fc00000 0 0
1 1 1 bc7028297f800000 0 0
1 1 1 44e7c56a7fc00000 0 0
1 1 1 3a0e1be37fc00000 0 0
1 1 1 cd5526da7fc00000 0 0
1 1 1 395cd6ba7fc00000 0 0
1 1 1 30b4360a7f800000 0 0
1 1 1 3e39be407f800000 0 0
1 1 1 bbde3f21ff800000 0 0
1 1 1 b3364b3e7f800000 0 0
1 1 1 b9cf9d0a7fc00000 0 0
1 1 1 ccb90e137f800000 0 0
1 1 1 babb67e57f800000 0 0
1 1 1 c3ab8c217f800000 0 0
1 1 1 3154126f7f800000 0 0
1 1 1 bb8b1c3bff800000 0 0
1 1 1 bfcb36e17fc00000 0 0
1 1 1 b4c2f2d77f800000 0 0
1 1 1 b6a5eee37f800000 0 0
1 1 1 c08698a57f800000 0 0
1 1 1 b3f59135ff800000 0 0
1 1 1 bac62365ff800000 0 0
1 1 1 4d3b356c7fc00000 0 0
1 1 1 b5dfbffc7fc00000 0 0
1 1 1 34a95e08ff800000 0 0
1 1 1 bfc701457fc00000 0 0
1 1 1 4c8c8801ff800000 0 0
1 1 1 4a43d216ff800000 0 0
1 1 1 c28ed21e7f800000 0 0
1 1 1 c63797927fc00000 0 0
1 1 1 3f9f38f77fc00000 0 0
1 1 1 32feaf757fc00000 0 0
1 1 1 3e445e6aff800000 0 0
1 1 1 cd725a317f800000 0 0
1 1 1 cbdc3666ff800000 0 0
1 1 1 c159dc69ff800000 0 0
1 1 1 bad6b1267fc00000 0 0
1 1 1 b7e9a7227f800000 0 0
1 1 1 c5e28d397fc00000 0 0
1 1 1 b4f86eb37fc00000 0 0
1 1 1 3d2d50f3ff800000 0 0
1 1 1 cde9d3537fc00000 0 0
1 1 1 b7fb8a4bff800000 0 0
1 1 1 421477347fc00000 0 0
1 1 1 4572e9077f800000 0 0
1 1 1 474fa9c4ff800000 0 0
1 1 1 b5c5d73c7fc00000 0 0
1 1 1 350f8380ff800000 0 0
1 1 1 486483a47f800000 0 0
1 1 1 b3ba1b597fc00000 0 0
1 1 1 b5fca8ef7fc00000 0 0
1 1 1 b4d4098d7f800000 0 0
1 1 1 343c6ae17fc00000 0 0
1 1 1 b5e0f1a27fc00000 0 0
1 1 1 b7a173cc7f800000 0 0
1 1 1 4b7b69757f800000 0 0
1 1 1 359858f6ff800000 0 0
1 1 1 324bf7047f800000 0 0
1 1 1 3ca32b6e7fc00000 0 0
1 1 1 ca698b317fc00000 0 0
1 1 1 b123782eff800000 0 0
1 1 1 c52d60ed7fc00000 0 0
1 1 1 be92b5a97f800000 0 0
1 1 1 3cc59b05ff800000 0 0
1 1 1 c5e1f96e7fc00000 0 0
1 1 1 c1d846e17fc00000 0 0
1 1 1 ce39db8a7f800000 0 0
1 1 1 b78240207f800000 0 0
1 1 1 cc143fff7f800000 0 0
1 1 1 ce5a543bff800000 0 0
1 1 1 3b1118507f800000 0 0
1 1 1 43600e9e7fc00000 0 0
1 1 1 bf578dad7fc00000 0 0
1 1 1 3817a32b7f800000 0 0
1 1 1 4e5e84d57f800000 0 0
1 1 1 3a842c6c7fc00000 0 0
1 1 1 c8a41839ff800000 0 0
1 1 1 c781dc867fc00000 0 0
1 1 1 369e61cc7f800000 0 0
1 1 1 cae6c962ff800000 0 0
1 1 1 44f1e14dff800000 0 0
1 1 1 3f66f7697f800000 0 0
1 1 1 bf94e3027f800000 0 0
1 1 1 478dab2eff800000 0 0
1 1 1 436e995f7f800000 0 0
1 1 1 37543dfc7fc00000 0 0
1 1 1 4460b52a7f800000 0 0
1 1 1 beb27bc87f800000 0 0
1 1 1 3545773cff800000 0 0
1 1 1 3150bf1c7f800000 0 0
1 1 1 362ea7927f800000 0 0
1 1 1 bb28e6beff800000 0 0
1 1 1 b4bd92c77f800000 0 0
1 1 1 37ad6865ff800000 0 0
1 1 1 4ba84a8d7fc00000 0 0
1 1 1 315642e67fc00000 0 0
1 1 1 b280699fff800000 0 0
1 1 1 48fbe99c7f800000 0 0
1 1 1 34aa9fa47fc00000 0 0
1 1 1 33447c857f800000 0 0
1 1 1 cbc7eb6eff800000 0 0
1 1 1 cd8fc5d67fc00000 0 0
1 1 1 30aaf9357fc00000 0 0
1 1 1 3a95847dff800000 0 0
1 1 1 3be4a960ff800000 0 0
1 1 1 c8630acfff800000 0 0
1 1 1 ce4d36b37f800000 0 0
1 1 1 b7789af9ff800000 0 0
1 1 1 34c428027f800000 0 0
1 1 1 c83fb6807f800000 0 0
1 1 1 3a08f46e7f800000 0 0
1 1 1 bced97b8ff800000 0 0
1 1 1 4399733a7f800000 0 0
1 1 1 4e0a5889ff800000 0 0
1 1 1 3be35b7f7f800000 0 0
1 1 1 31abfefd7fc00000 0 0
1 1 1 c0fd12f47fc00000 0 0
1 1 1 b1d678b4ff800000 0 0
1 1 1 3b57fb73ff800000 0 0
1 1 1 cce824a1ff800000 0 0
1 1 1 bffd11727fc00000 0 0
1 1 1 bcb01a0e7fc00000 0 0
1 1 1 c90284efff800000 0 0
1 1 1 3f0f76617fc00000 0 0
1 1 1 cbc4052eff800000 0 0
1 1 1 b0fff0f17fc00000 0 0
1 1 1 3349e0327f800000 0 0
1 1 1 bf7c48367f800000 0 0
1 1 1 bc39efbf7fc00000 0 0
1 1 1 3108034b7f800000 0 0
1 1 1 bd5e66b2ff800000 0 0
1 1 1 ba17c22a7fc00000 0 0
1 1 1 45e91ff47fc00000 0 0
1 1 1 c048b0b57fc00000 0 0
1 1 1 4376fa91ff800000 0 0
1 1 1 4aba6b317fc00000 0 0
1 1 1 4e397f28ff800000 0 0
1 1 1 c546a3eaff800000 0 0
1 1 1 4ca1d2fcff800000 0 0
1 1 1 41ae4f4cff800000 0 0
1 1 1 c7ff52c47fc00000 0 0
1 1 1 409ca406ff800000 0 0
1 1 1 4b51e0ee7f800000 0 0
1 1 1 423b6b587fc00000 0 0
1 1 1 b4b0deb6ff800000 0 0
1 1 1 b1af7b457f800000 0 0
1 1 1 46c5a41f7f800000 0 0
1 1 1 403b88727f800000 0 0
1 1 1 bfb2d84cff800000 0 0
1 1 1 3df84e467f800000 0 0
1 1 1 cd68ca757fc00000 0 0
1 1 1 cd48d5537fc00000 0 0
1 1 1 c5e91de37fc00000 0 0
1 1 1 b6354f60ff800000 0 0
1 1 1 3cdd4948ff800000 0 0
1 1 1 3f4d73f47fc00000 0 0
1 1 1 3d69cfd1ff800000 0 0
1 1 1 4d533fec7f800000 0 0
1 1 1 c0854b3a7fc00000 0 0
1 1 1 c8ea3aef7fc00000 0 0
1 1 1 c98383e57f800000 0 0
1 1 1 b34a7bca7fc00000 0 0
1 1 1 4ccbf133ff800000 0 0
1 1 1 b140f71d7f800000 0 0
1 1 1 4856699a7f800000 0 0
1 1 1 c6a5e6897f800000 0 0
1 1 1 b99c28677fc00000 0 0
1 1 1 bc2d888a7f800000 0 0
1 1 1 cdc641387fc00000 0 0
1 1 1 30d398947fc00000 0 0
1 1 1 b9fd0b877fc00000 0 0
1 1 1 c1032244ff800000 0 0
1 1 1 3acbe7db7f800000 0 0
1 1 1 cc3284c47fc00000 0 0
1 1 1 315a88d3ff800000 0 0
1 1 1 309b93367fc00000 0 0
1 1 1 3d40157c7f800000 0 0
1 1 1 44f37fd6ff800000 0 0
1 1 1 391994dcff800000 0 0
1 1 1 3919b435ff800000 0 0
1 1 1 b57570407f800000 0 0
1 1 1 b3738f517fc00000 0 0
1 1 1 ba4ae987ff800000 0 0
1 1 1 b10b3b56ff800000 0 0
1 1 1 c2d141257f800000 0 0
1 1 1 b4840de87fc00000 0 0
1 1 1 c9cf990b7f800000 0 0
1 1 1 3f19fa94ff800000 0 0
1 1 1 4e57ef3dff800000 0 0
1 1 1 33f6ce16ff800000 0 0
1 1 1 400155bf7fc00000 0 0
1 1 1 bbda7f107fc00000 0 0
1 1 1 b57d75587f800000 0 0
1 1 1 3804bdc6ff800000 0 0
1 1 1 c313f3d5ff800000 0 0
1 1 1 ca387ac07fc00000 0 0
1 1 1 c4c16be77fc00000 0 0
1 1 1 cc48ed1bff800000 0 0
1 1 1 384846657f800000 0 0
1 1 1 33bdb7617fc00000 0 0
1 1 1 cefc32547f800000 0 0
1 1 1 4ce845dc7f800000 0 0
1 1 1 bee63f127fc00000 0 0
1 1 1 4e0926e4ff800000 0 0
1 1 1 3ad0e642ff800000 0 0
1 1 1 ce9e4eceff800000 0 0
1 1 1 b1a6766fff800000 0 0
1 1 1 b3086c607f800000 0 0
1 1 1 c657c2267f800000 0 0
1 1 1 3e5e304aff800000 0 0
1 1 1 491c5146ff800000 0 0
1 1 1 34c2ed52ff800000 0 0
1 1 1 484563f57f800000 0 0
1 1 1 445feab5ff800000 0 0
1 1 1 421b606a7f800000 0 0
1 1 1 44c766bf7fc00000 0 0
1 1 1 3ae9531a7fc00000 0 0
1 1 1 3fffec987fc00000 0 0
1 1 1 3628404bff800000 0 0
1 1 1 ba5dd3feff800000 0 0
1 1 1 32532ca17fc00000 0 0
1 1 1 b1c44eaf7fc00000 0 0
1 1 1 ba53468d7fc00000 0 0
1 1 1 cb6ba9907f800000 0 0
1 1 1 49569ee97fc00000 0 0
1 1 1 365fe0a17f800000 0 0
1 1 1 4d703c267f800000 0 0
1 1 1 3703872c7fc00000 0 0
1 1 1 c2d37f947f800000 0 0
1 1 1 3c265dba7f800000 0 0
1 1 1 be2937497fc00000 0 0
1 1 1 4380e1767f800000 0 0
1 1 1 b0bdb641ff800000 0 0
1 1 1 399448de7fc00000 0 0
1 1 1 3351da40ff800000 0 0
1 1 1 cac5e20aff800000 0 0
1 1 1 c08dcfe67fc00000 0 0
1 1 1 31c6a3dbff800000 0 0
1 1 1 c7811e637f800000 0 0
1 1 1 c3a711b1ff800000 0 0
1 1 1 32bd1f867fc00000 0 0
1 1 1 bf3632647f800000 0 0
1 1 1 3a633e647f800000 0 0
1 1 1 4d3c01fd7f800000 0 0
1 1 1 c70ad0ebff800000 0 0
1 1 1 4d16abb97fc00000 0 0
1 1 1 b17c5b827fc00000 0 0
1 1 1 3a7ccbda7fc00000 0 0
1 1 1 3c49a40e7f800000 0 0
1 1 1 cbe066277f800000 0 0
1 1 1 33f6caed7fc00000 0 0
1 1 1 4c682e3cff800000 0 0
1 1 1 b26116177fc00000 0 0
1 1 1 44c495f47f800000 0 0
1 1 1 bc3ea4c4ff800000 0 0
1 1 1 39aa7b4e7fc00000 0 0
1 1 1 4e02781c7fc00000 0 0
1 1 1 b5aeff42ff800000 0 0
1 1 1 4e80b1007fc00000 0 0
1 1 1 c3f14e187f800000 0 0
1 1 1 be0020c27f800000 0 0
1 1 1 3f57600a7f800000 0 0
1 1 1 336d622c7fc00000 0 0
1 1 1 b6cf9c8c7fc00000 0 0
1 1 1 407c58507f800000 0 0
1 1 1 ba96481c7f800000 0 0
1 1 1 487d5c99ff800000 0 0
1 1 1 bee0075b7f800000 0 0
1 1 1 4285ef097f800000 0 0
1 1 1 34296d8fff800000 0 0
1 1 1 40846a4d7fc00000 0 0
1 1 1 33ca9afd7f800000 0 0
1 1 1 b4db03e77f800000 0 0
1 1 1 c462cbeeff800000 0 0
1 1 1 4d5c78037fc00000 0 0
1 1 1 3aa66682ff800000 0 0
1 1 1 4e5bb7bd7fc00000 0 0
1 1 1 4c6d039dff800000 0 0
1 1 1 3e09b1337fc00000 0 0
1 1 1 35a74261ff800000 0 0
1 1 1 3ccfaa7a7f800000 0 0
1 1 1 ba15885a7f800000 0 0
1 1 1 c773e2fe7f800000 0 0
1 1 1 4d7888187fc00000 0 0
1 1 1 b59ef40e7f800000 0 0
1 1 1 c47bac857f800000 0 0
1 1 1 bc0dd6877fc00000 0 0
1 1 1 3e3e8d857f800000 0 0
1 1 1 4c39840fff800000 0 0
1 1 1 b45fbf03ff800000 0 0
1 1 1 43f0c2207fc00000 0 0
1 1 1 46618928ff800000 0 0
1 1 1 3201f8c67fc00000 0 0
1 1 1 c0f668ae7fc00000 0 0
1 1 1 4cb4ac3a7f800000 0 0
1 1 1 471820c7ff800000 0 0
1 1 1 40faaf3d7fc00000 0 0
1 1 1 41884cd5ff800000 0 0
1 1 1 c3082b287f800000 0 0
1 1 1 bd3c2e687f800000 0 0
1 1 1 bcbd71e37fc00000 0 0
1 1 1 cd90976e7fc00000 0 0
1 1 1 4ae867cc7f800000 0 0
1 1 1 3d5eee967f800000 0 0
1 1 1 b793e5937fc00000 0 0
1 1 1 49713d027f800000 0 0
1 1 1 324ad98f7fc00000 0 0
1 1 1 c56a036e7fc00000 0 0
1 1 1 341ae9807fc00000 0 0
1 1 1 c48eb092ff800000 0 0
1 1 1 366101627f800000 0 0
1 1 1 465018bdff800000 0 0
1 1 1 3181a9fc7f800000 0 0
1 1 1 cd50caf3ff800000 0 0
1 1 1 c53a78b87fc00000 0 0
1 1 1 388d8ad07f800000 0 0
1 1 1 c5ef79d57f800000 0 0
1 1 1 c77276747f800000 0 0
1 1 1 348a78227fc00000 0 0
1 1 1 c3662458ff800000 0 0
1 1 1 b520f75f7f800000 0 0
1 1 1 30caecafff800000 0 0
1 1 1 ca08e1af7fc00000 0 0
1 1 1 3f8b311f7f800000 0 0
1 1 1 b3455a2d7fc00000 0 0
1 1 1 3b1329ef7fc00000 0 0
1 1 1 35db367b7fc00000 0 0
1 1 1 bbbb5a007fc00000 0 0
1 1 1 b2a50f537fc00000 0 0
1 1 1 31e9f185ff800000 0 0
1 1 1 358c55dd7fc00000 0 0
1 1 1 3eb35cd6ff800000 0 0
1 1 1 4558fe987f800000 0 0
1 1 1 b7fad3fdff800000 0 0
1 1 1 b92979467fc00000 0 0
1 1 1 3282b8d07f800000 0 0
1 1 1 4d3a93f4ff800000 0 0
1 1 1 c84d7f4f7f800000 0 0
1 1 1 3223fbc0ff800000 0 0
1 1 1 b1383b687f800000 0 0
1 1 1 31cc3a437f800000 0 0
1 1 1 c5093e2d7f800000 0 0
1 1 1 38d8a0157fc00000 0 0
1 1 1 bd17b6c17fc00000 0 0
1 1 1 be806996ff800000 0 0
1 1 1 3e4450827f800000 0 0
1 1 1 c10541337fc00000 0 0
1 1 1 372100337fc00000 0 0
1 1 1 4366735bff800000 0 0
1 1 1 361b62647f800000 0 0
1 1 1 3535e0327fc00000 0 0
1 1 1 c8a05fd2ff800000 0 0
1 1 1 30d087937f800000 0 0
1 1 1 4e4b09f37fc00000 0 0
1 1 1 c82890fe7fc00000 0 0
1 1 1 b3775e737f800000 0 0
1 1 1 b152d4747f800000 0 0
1 1 1 4059525d7f800000 0 0
1 1 1 43637dc77f800000 0 0
1 1 1 4d7e43f47f800000 0 0
1 1 1 b149a4e77fc00000 0 0
1 1 1 4b1fec367fc00000 0 0
1 1 1 4cef7a02ff800000 0 0
1 1 1 b5c59b377fc00000 0 0
1 1 1 b92b025c7f800000 0 0
1 1 1 c98a46817fc00000 0 0
1 1 1 b5c623887f800000 0 0
1 1 1 3765be80ff800000 0 0
1 1 1 b64c46907fc00000 0 0
1 1 1 b23ad7067f800000 0 0
1 1 1 b91c96587fc00000 0 0
1 1 1 cbd6fdaa7f800000 0 0
1 1 1 c4269a807f800000 0 0
1 1 1 413c1138ff800000 0 0
1 1 1 b97aec537fc00000 0 0
1 1 1 3ad4d95d7f800000 0 0
1 1 1 c871d3b17f800000 0 0
1 1 1 b1096a877fc00000 0 0
1 1 1 c053d3edff800000 0 0
1 1 1 36c4dac5ff800000 0 0
1 1 1 bcfffc577f800000 0 0
1 1 1 4cc888a67f800000 0 0
1 1 1 4d842120ff800000 0 0
1 1 1 b7052dc77fc00000 0 0
1 1 1 c515f9617fc00000 0 0
1 1 1 3218c65dff800000 0 0
1 1 1 4a5161d3ff800000 0 0
1 1 1 b623a2007f800000 0 0
1 1 1 c2dd04497fc00000 0 0
1 1 1 b103755dff800000 0 0
1 1 1 4b50a96fff800000 0 0
1 1 1 48c2f2af7fc00000 0 0
1 1 1 c673ada87f800000 0 0
1 1 1 4ce66adb7fc00000 0 0
1 1 1 b71614ea7fc00000 0 0
1 1 1 b2f90de8ff800000 0 0
1 1 1 b59753cdff800000 0 0
1 1 1 c0441aa37f800000 0 0
1 1 1 4472803c7fc00000 0 0
1 1 1 3c8f81447f800000 0 0
1 1 1 b0d5b8ffff800000 0 0
1 1 1 352559c97f800000 0 0
1 1 1 b139acaf7fc00000 0 0
1 1 1 4b2f8526ff800000 0 0
1 1 1 bdf96dceff800000 0 0
1 1 1 bee04f6a7f800000 0 0
1 1 1 ca25db1a7fc00000 0 0
1 1 1 b3fe32397f800000 0 0
1 1 1 c29135277fc00000 0 0
1 1 1 c6caff237f800000 0 0
1 1 1 b19938d1ff800000 0 0
1 1 1 c9237333ff800000 0 0
1 1 1 3c62fc787f800000 0 0
1 1 1 ce909240ff800000 0 0
1 1 1 4404bb70ff800000 0 0
1 1 1 b0b21f607fc00000 0 0
1 1 1 4526ce117fc00000 0 0
1 1 1 c909954aff800000 0 0
1 1 1 3b162d547fc00000 0 0
1 1 1 435c9f02ff800000 0 0
1 1 1 3bb823f9ff800000 0 0
1 1 1 c488f7e5ff800000 0 0
1 1 1 35dc7295ff800000 0 0
1 1 1 3e12b150ff800000 0 0
1 1 1 4ae7d9917f800000 0 0
1 1 1 b77077117fc00000 0 0
1 1 1 c5eb6903ff800000 0 0
1 1 1 b93ba5c7ff800000 0 0
1 1 1 ba7890877fc00000 0 0
1 1 1 b1b97cd87f800000 0 0
1 1 1 4117939dff800000 0 0
1 1 1 3800153fff800000 0 0
1 1 1 c3c2f710ff800000 0 0
1 1 1 44ccc5237f800000 0 0
1 1 1 3df5f7997f800000 0 0
1 1 1 ba033aea7fc00000 0 0
1 1 1 34162f1bff800000 0 0
1 1 1 4cff4b937f800000 0 0
1 1 1 c3c5a5237f800000 0 0
1 1 1 3b16f9ca7f800000 0 0
1 1 1 b098f9fe7f800000 0 0
1 1 1 34e197337f800000 0 0
1 1 1 ba49b8a97f800000 0 0
1 1 1 c38de9f37fc00000 0 0
1 1 1 b0fc8a4c7fc00000 0 0
1 1 1 38f29ddd7fc00000 0 0
1 1 1 c97684c77fc00000 0 0
1 1 1 4024b2fb7f800000 0 0
1 1 1 c89291efff800000 0 0
1 1 1 c5417bcc7fc00000 0 0
1 1 1 b09e13f47f800000 0 0
1 1 1 cea695f47f800000 0 0
1 1 1 3b3f45a0ff800000 0 0
1 1 1 bacb39257fc00000 0 0
1 1 1 450f717e7f800000 0 0
1 1 1 32ac71a3ff800000 0 0
1 1 1 beb93f4a7fc00000 0 0
1 1 1 c0ba51a97fc00000 0 0
1 1 1 b30ab5447f800000 0 0
1 1 1 45b0f170ff800000 0 0
1 1 1 c9218efb7fc00000 0 0
1 1 1 ccfc4647ff800000 0 0
1 1 1 bec9d9f67f800000 0 0
1 1 1 c23dc1ceff800000 0 0
1 1 1 4ef6346d7fc00000 0 0
1 1 1 3e907500ff800000 0 0
1 1 1 b2181d857f800000 0 0
1 1 1 3c36fea1ff800000 0 0
1 1 1 c2b9e35b7f800000 0 0
1 1 1 bb5855467f800000 0 0
1 1 1 39a24c957f800000 0 0
1 1 1 343577a77fc00000 0 0
1 1 1 40371184ff800000 0 0
1 1 1 38195d847fc00000 0 0
1 1 1 cbabf9bbff800000 0 0
1 1 1 3f9380897f800000 0 0
1 1 1 b0d2f76cff800000 0 0
1 1 1 c3ae37daff800000 0 0
1 1 1 3783b9f9ff800000 0 0
1 1 1 cca37cfe7f800000 0 0
1 1 1 ce075a7e7f800000 0 0
1 1 1 336124167f800000 0 0
1 1 1 470dc479ff800000 0 0
1 1 1 36365469ff800000 0 0
1 1 1 4b7b2be4ff800000 0 0
1 1 1 be008606ff800000 0 0
1 1 1 47ec6e8e7f800000 0 0
1 1 1 bcc3cb617fc00000 0 0
1 1 1 393b3a4d7fc00000 0 0
1 1 1 38375b6f7f800000 0 0
1 1 1 c3336b817fc00000 0 0
1 1 1 c4249c05ff800000 0 0
1 1 1 37da3ae47f800000 0 0
1 1 1 b2d2e628ff800000 0 0
1 1 1 3da5bfd77fc00000 0 0
1 1 1 4050dd287f800000 0 0
1 1 1 ce280f627f800000 0 0
1 1 1 c1fd5eb47fc00000 0 0
1 1 1 b56ff1167fc00000 0 0
1 1 0 0 0 0
1 1 0 0 0 0
1 1 0 0 0 0
1 1 0 0 0 0
1 1 0 0 0 0
1 1 0 0 0 0
1 1 0 0 0 0
1 1 0 0 0 0
